{
"type": "FeatureCollection",
"name": "2026",
"crs": { "type": "name", "properties": { "name": "urn:ogc:def:crs:OGC:1.3:CRS84" } },
"features": [
{ "type": "Feature", "properties": { "id": 54775, "lote_id": 39422, "clavecatas": "2-18-44-04-000", "zona": "2", "sector": "18", "manzana": "44", "lote": "04", "ph": "000", "propietari": "GOBIERNO AUTONOMO DESCENTRALIZADO  MUNICIPAL MANTA .", "documentop": "1360000980001", "direccion": "LOT. VILLAMARINA MZ-12  LT# 05", "area_m2": 395.64, "frente_uti": 18.6, "frente_tot": 18.6, "avaluo_con": 3247.21, "avaluo_sue": 41542.2, "zonaurbano": "URBANA", "parroquia": "LOS ESTEROS", "esta_bloqu": "NO", "es_tercera": "NO", "tiene_elec": "SI", "tiene_agua": "SI", "tiene_alca": "NO", "observacio": "PAGO CON 2184404 Y 05 SE UNIF. PARA CERT. DE ACUERDO A AUTORIZACION DE PLAN.URB. NOV-01-01 MAR   C# 1744 SE ACTUALIZA NOMBRES CON AUT. DEL DIR. J.C.M. INSP. LUIS LOPEZ NOV. 28/16 MR  -SE ACTUALIZA INFORMACION CON ESCRITURA DE DECLARATORIA DE BIEN MOSTREN", "observac_1": null, "barrio": "VILLAMARINA", "parroquia_": 4, "barrio_id": 232, "proceso": 1, "fecha_regi": null, "activo_cat": "SI", "desactivad": 0, "avaluo_rem": 0.0, "avaluo_r_1": 0.0, "clasificac": "PROPIEDADES MUNICIPALES", "anio_deuda": 2026, "deuda": 167.65, "valor_ip": 0.0, "coactiva": null, "ficharegis": 92749, "etam": 0.1508242444, "diferencia": -0.0023474198, "porc_difer": -5.9332e-06, "admisible": 1, "deuda_anio": 0.0, "id_1": 54775, "lote_id_1": 39422, "clavecat_1": "2-18-44-04-000", "Clave_Ok": "2-18-44-04-000", "zona_1": 2, "sector_1": 18, "manzana_1": 44, "lote_1": 4, "ph_1": 0, "propieta_1": "GOBIERNO AUTONOMO DESCENTRALIZADO  MUNICIPAL MANTA .", "document_1": 1360000980000.0, "direccio_1": "LOT. VILLAMARINA MZ-12  LT# 05", "area_m2_1": 395.64, "frente_u_1": 18.6, "frente_t_1": 18.6, "avaluo_c_1": 3247.21, "avaluo_s_1": 41542.2, "zonaurba_1": "URBANA", "parroqui_1": "LOS ESTEROS", "esta_blo_1": "NO", "es_terce_1": "NO", "tiene_el_1": "SI", "tiene_ag_1": "SI", "tiene_al_1": "NO", "observac_2": "PAGO CON 2184404 Y 05 SE UNIF. PARA CERT. DE ACUERDO A AUTORIZACION DE PLAN.URB. NOV-01-01 MAR   C# 1744 SE ACTUALIZA NOMBRES CON AUT. DEL DIR. J.C.M. INSP. LUIS LOPEZ NOV. 28/16 MR  -SE ACTUALIZA INFORMACION CON ESCRITURA DE DECLARATORIA DE BIEN MOSTREN", "observac_3": null, "barrio_1": "VILLAMARINA", "parroquia1": 4, "barrio_i_1": 232, "proceso_1": 1, "fecha_re_1": null, "activo_c_1": "SI", "desactiv_1": 0, "avaluo_r_2": 0.0, "avaluo_r_3": 0.0, "clasific_1": "PROPIEDADES MUNICIPALES", "anio_deu_1": 2026, "deuda_1": 167.65, "valor_ip_1": 0.0, "coactiva_1": null, "fichareg_1": 92749, "etam_1": 0.1508242444, "diferenc_1": -0.0023474198, "porc_dif_1": -5.9332e-06, "admisibl_1": "VERDADERO", "deuda_an_1": 0.0, "RESOLUCION": "655-13-08-2026" }, "geometry": { "type": "MultiPolygon", "coordinates": [ [ [ [ -80.672393191620188, -0.962915036422971 ], [ -80.672568774907674, -0.962835999342401 ], [ -80.672484215093192, -0.962690837070245 ], [ -80.672308631813834, -0.962769874148388 ], [ -80.672309995681616, -0.962772215475391 ], [ -80.672350911716279, -0.962842455285659 ], [ -80.672392736997551, -0.962914255980636 ], [ -80.672393191620188, -0.962915036422971 ] ] ] ] } },
{ "type": "Feature", "properties": { "id": 54897, "lote_id": 39523, "clavecatas": "2-18-52-09-000", "zona": "2", "sector": "18", "manzana": "52", "lote": "09", "ph": "000", "propietari": "GOBIERNO AUTONOMODESCENTRALIZADO MUNICIPAL .", "documentop": "1360000980001", "direccion": "MZ-16 LT-03 DEL BARRIO VILLAMARINA DE LOS ESTEROS DE MANTA", "area_m2": 171.43, "frente_uti": 8.14, "frente_tot": 8.14, "avaluo_con": 1872.0, "avaluo_sue": 17955.15, "zonaurbano": "URBANA", "parroquia": "LOS ESTEROS", "esta_bloqu": "NO", "es_tercera": "NO", "tiene_elec": "SI", "tiene_agua": "SI", "tiene_alca": "NO", "observacio": "POR LEGALIZAR A FAVOR DE PINARGOTE CHOEZ IRVING MANUEL // NNAZ -SE ACTUALIZA INFORMACION CON ESCRITURA DE DECLARATORIA DE BIEN MOSTRENCO E INMCORPORACION AL PATRIMONIO MCPAL.INSCRITA EN EL REG.DE LA PROPIEDAD 08/14/2026 Y.C.S.-", "observac_1": null, "barrio": "VILLAMARINA", "parroquia_": 4, "barrio_id": 232, "proceso": 0, "fecha_regi": null, "activo_cat": "SI", "desactivad": 0, "avaluo_rem": 0.0, "avaluo_r_1": 0.0, "clasificac": "PROPIEDADES MUNICIPALES", "anio_deuda": 0, "deuda": 0.0, "valor_ip": 0.0, "coactiva": null, "ficharegis": 92750, "etam": 0.0763759434, "diferencia": -6.2043987568, "porc_difer": -0.0361920245, "admisible": 1, "deuda_anio": 0.0, "id_1": 54897, "lote_id_1": 39523, "clavecat_1": "2-18-52-09-000", "Clave_Ok": "2-18-52-09-000", "zona_1": 2, "sector_1": 18, "manzana_1": 52, "lote_1": 9, "ph_1": 0, "propieta_1": "GOBIERNO AUTONOMODESCENTRALIZADO MUNICIPAL .", "document_1": 1360000980000.0, "direccio_1": "MZ-16 LT-03 DEL BARRIO VILLAMARINA DE LOS ESTEROS DE MANTA", "area_m2_1": 171.43, "frente_u_1": 8.14, "frente_t_1": 8.14, "avaluo_c_1": 1872.0, "avaluo_s_1": 17955.15, "zonaurba_1": "URBANA", "parroqui_1": "LOS ESTEROS", "esta_blo_1": "NO", "es_terce_1": "NO", "tiene_el_1": "SI", "tiene_ag_1": "SI", "tiene_al_1": "NO", "observac_2": "POR LEGALIZAR A FAVOR DE PINARGOTE CHOEZ IRVING MANUEL // NNAZ -SE ACTUALIZA INFORMACION CON ESCRITURA DE DECLARATORIA DE BIEN MOSTRENCO E INMCORPORACION AL PATRIMONIO MCPAL.INSCRITA EN EL REG.DE LA PROPIEDAD 08/14/2026 Y.C.S.-", "observac_3": null, "barrio_1": "VILLAMARINA", "parroquia1": 4, "barrio_i_1": 232, "proceso_1": 0, "fecha_re_1": null, "activo_c_1": "SI", "desactiv_1": 0, "avaluo_r_2": 0.0, "avaluo_r_3": 0.0, "clasific_1": "PROPIEDADES MUNICIPALES", "anio_deu_1": 0, "deuda_1": 0.0, "valor_ip_1": 0.0, "coactiva_1": null, "fichareg_1": 92750, "etam_1": 0.0763759434, "diferenc_1": -6.2043987568, "porc_dif_1": -0.0361920245, "admisibl_1": "VERDADERO", "deuda_an_1": 0.0, "RESOLUCION": "655-13-08-2026" }, "geometry": { "type": "MultiPolygon", "coordinates": [ [ [ [ -80.670270825602813, -0.963293117449961 ], [ -80.670106757155978, -0.963367047008394 ], [ -80.670143463451083, -0.963438588675246 ], [ -80.670307351291711, -0.96336475271673 ], [ -80.670270825602813, -0.963293117449961 ] ] ] ] } },
{ "type": "Feature", "properties": { "id": 57392, "lote_id": 85997, "clavecatas": "2-21-36-01-000", "zona": "2", "sector": "21", "manzana": "36", "lote": "01", "ph": "000", "propietari": "GOBIERNO AUTONOMO DESCENTRALIZADO MCPAL.DEL CANTON MANTA .", "documentop": "1360000980001", "direccion": "BARRIO EL PALMAR DE LA PARQUIA LOS ESTEROS DE MANTA", "area_m2": 254.72, "frente_uti": 15.33, "frente_tot": 15.33, "avaluo_con": 0.0, "avaluo_sue": 19486.08, "zonaurbano": "URBANA", "parroquia": "LOS ESTEROS", "esta_bloqu": "NO", "es_tercera": "NO", "tiene_elec": "SI", "tiene_agua": "SI", "tiene_alca": "NO", "observacio": "UNGRESO NUEVO PARA LEGALIZACIÓN DEL PREDIO A FAVOR DEL SOLICITANTE SR. EDDY TARQUINO ARAUZ MERA.\r\nINF. PATRICIO LEÓN.RESOL DE ADJUDICACION # 036-ALC.M-JOZC-2015 A FAVOR DE EDDY TARQUINO ARAUZ MERA,  MAYO 22 DE 2015 MAR ING. PARA CERTIF. POR GABRIEL MEU", "observac_1": "- MEMORANDO 055-DACR-DCR-GADM-15", "barrio": "EL PALMAR", "parroquia_": 4, "barrio_id": 311, "proceso": 1, "fecha_regi": null, "activo_cat": "SI", "desactivad": 0, "avaluo_rem": 0.0, "avaluo_r_1": 0.0, "clasificac": "PROPIEDADES MUNICIPALES", "anio_deuda": 0, "deuda": 0.0, "valor_ip": 0.0, "coactiva": null, "ficharegis": 92748, "etam": 0.1253136768, "diferencia": 16.517529779099998, "porc_difer": 0.0648458298, "admisible": 1, "deuda_anio": 0.0, "id_1": 57392, "lote_id_1": 85997, "clavecat_1": "2-21-36-01-000", "Clave_Ok": "2-21-36-01-000", "zona_1": 2, "sector_1": 21, "manzana_1": 36, "lote_1": 1, "ph_1": 0, "propieta_1": "GOBIERNO AUTONOMO DESCENTRALIZADO MCPAL.DEL CANTON MANTA .", "document_1": 1360000980000.0, "direccio_1": "BARRIO EL PALMAR DE LA PARQUIA LOS ESTEROS DE MANTA", "area_m2_1": 254.72, "frente_u_1": 15.33, "frente_t_1": 15.33, "avaluo_c_1": 0.0, "avaluo_s_1": 19486.08, "zonaurba_1": "URBANA", "parroqui_1": "LOS ESTEROS", "esta_blo_1": "NO", "es_terce_1": "NO", "tiene_el_1": "SI", "tiene_ag_1": "SI", "tiene_al_1": "NO", "observac_2": "UNGRESO NUEVO PARA LEGALIZACI?ôN DEL PREDIO A FAVOR DEL SOLICITANTE SR. EDDY TARQUINO ARAUZ MERA.\nINF. PATRICIO LE?ôN.RESOL DE ADJUDICACION # 036-ALC.M-JOZC-2015 A FAVOR DE EDDY TARQUINO ARAUZ MERA,  MAYO 22 DE 2015 MAR ING. PARA CERTIF. POR GABRIEL ME", "observac_3": "- MEMORANDO 055-DACR-DCR-GADM-15", "barrio_1": "EL PALMAR", "parroquia1": 4, "barrio_i_1": 311, "proceso_1": 1, "fecha_re_1": null, "activo_c_1": "SI", "desactiv_1": 0, "avaluo_r_2": 0.0, "avaluo_r_3": 0.0, "clasific_1": "PROPIEDADES MUNICIPALES", "anio_deu_1": 0, "deuda_1": 0.0, "valor_ip_1": 0.0, "coactiva_1": null, "fichareg_1": 92748, "etam_1": 0.1253136768, "diferenc_1": 16.517529779099998, "porc_dif_1": 0.0648458298, "admisibl_1": "VERDADERO", "deuda_an_1": 0.0, "RESOLUCION": "655-13-08-2026" }, "geometry": { "type": "MultiPolygon", "coordinates": [ [ [ [ -80.69406090381041, -0.964203708000869 ], [ -80.694117440698676, -0.964326906031511 ], [ -80.694236991048001, -0.964274678023532 ], [ -80.694206005509088, -0.964142603490549 ], [ -80.69406090381041, -0.964203708000869 ] ] ] ] } },
{ "type": "Feature", "properties": { "id": 57395, "lote_id": 110503, "clavecatas": "2-21-36-09-000", "zona": "2", "sector": "21", "manzana": "36", "lote": "09", "ph": "000", "propietari": "GOBIERNO AUTONOMO DESCENTRALIZADO  MUNICIPAL MANTA .", "documentop": "1360000980001", "direccion": "MZ--- LT-- BARRIO EL PALMAR DE LA PARROQUIA LOS ESTEROS DE MANTA", "area_m2": 290.55, "frente_uti": 12.68, "frente_tot": 12.68, "avaluo_con": 6912.0, "avaluo_sue": 23461.91, "zonaurbano": "URBANA", "parroquia": "LOS ESTEROS", "esta_bloqu": "NO", "es_tercera": "NO", "tiene_elec": "SI", "tiene_agua": "NO", "tiene_alca": "NO", "observacio": "POR LEGALIZAR A FAVOR DE FLORES CEDEÑO LORENA MICHEL / NNAZ  -SE ACTUALIZA INFORMACION CON ESCRITURA DE DECLARATORIA DE BIEN MOSTRENCO E INMCORPORACION AL PATRIMONIO MCPAL.INSCRITA EN EL REG.DE LA PROPIEDAD 08/14/2026 Y.C.S.-", "observac_1": null, "barrio": "EL PALMAR", "parroquia_": 4, "barrio_id": 311, "proceso": 0, "fecha_regi": null, "activo_cat": "SI", "desactivad": 0, "avaluo_rem": 0.0, "avaluo_r_1": 0.0, "clasificac": "PROPIEDADES MUNICIPALES", "anio_deuda": 0, "deuda": 0.0, "valor_ip": 0.0, "coactiva": null, "ficharegis": 92747, "etam": 0.1173328327, "diferencia": -6.681015593, "porc_difer": -0.0229943748, "admisible": 1, "deuda_anio": 0.0, "id_1": 57395, "lote_id_1": 110503, "clavecat_1": "2-21-36-09-000", "Clave_Ok": "2-21-36-09-000", "zona_1": 2, "sector_1": 21, "manzana_1": 36, "lote_1": 9, "ph_1": 0, "propieta_1": "GOBIERNO AUTONOMO DESCENTRALIZADO  MUNICIPAL MANTA .", "document_1": 1360000980000.0, "direccio_1": "MZ--- LT-- BARRIO EL PALMAR DE LA PARROQUIA LOS ESTEROS DE MANTA", "area_m2_1": 290.55, "frente_u_1": 12.68, "frente_t_1": 12.68, "avaluo_c_1": 6912.0, "avaluo_s_1": 23461.91, "zonaurba_1": "URBANA", "parroqui_1": "LOS ESTEROS", "esta_blo_1": "NO", "es_terce_1": "NO", "tiene_el_1": "SI", "tiene_ag_1": "NO", "tiene_al_1": "NO", "observac_2": "POR LEGALIZAR A FAVOR DE FLORES CEDE?æO LORENA MICHEL / NNAZ  -SE ACTUALIZA INFORMACION CON ESCRITURA DE DECLARATORIA DE BIEN MOSTRENCO E INMCORPORACION AL PATRIMONIO MCPAL.INSCRITA EN EL REG.DE LA PROPIEDAD 08/14/2026 Y.C.S.-", "observac_3": null, "barrio_1": "EL PALMAR", "parroquia1": 4, "barrio_i_1": 311, "proceso_1": 0, "fecha_re_1": null, "activo_c_1": "SI", "desactiv_1": 0, "avaluo_r_2": 0.0, "avaluo_r_3": 0.0, "clasific_1": "PROPIEDADES MUNICIPALES", "anio_deu_1": 0, "deuda_1": 0.0, "valor_ip_1": 0.0, "coactiva_1": null, "fichareg_1": 92747, "etam_1": 0.1173328327, "diferenc_1": -6.681015593, "porc_dif_1": -0.0229943748, "admisibl_1": "VERDADERO", "deuda_an_1": 0.0, "RESOLUCION": "655-13-08-2026" }, "geometry": { "type": "MultiPolygon", "coordinates": [ [ [ [ -80.694059182570768, -0.964289272868249 ], [ -80.693943050855751, -0.964342672727092 ], [ -80.69403203358462, -0.964510224552569 ], [ -80.694145783041691, -0.964473231704079 ], [ -80.694059182570768, -0.964289272868249 ] ] ] ] } },
{ "type": "Feature", "properties": { "id": 75041, "lote_id": 109761, "clavecatas": "3-11-33-21-000", "zona": "3", "sector": "11", "manzana": "33", "lote": "21", "ph": "000", "propietari": "G.A.D.MCPAL.DEL CANTON MANTA .", "documentop": "1360000980001", "direccion": "LA FLORESTA MZ 27 LOTE 8-A PARROQUIA ELOY ALFARO", "area_m2": 55.72, "frente_uti": 4.8, "frente_tot": 4.8, "avaluo_con": 29324.0, "avaluo_sue": 5293.4, "zonaurbano": "URBANA", "parroquia": "ELOY ALFARO", "esta_bloqu": "NO", "es_tercera": "NO", "tiene_elec": "SI", "tiene_agua": "NO", "tiene_alca": "NO", "observacio": "SE CREA EL CODIGO CATASTRAL 3113321000, CON FINES DE LEGALIZACION, PREDIO UBICADO EN LA PARROQUIA ELOY ALFARO DE MANTA, PREVIO INFORME DE LUIS MILCIADES LÓPEZ DELGADO.", "observac_1": null, "barrio": "LA FLORESTA", "parroquia_": 5, "barrio_id": 403, "proceso": 0, "fecha_regi": null, "activo_cat": "SI", "desactivad": 0, "avaluo_rem": 0.0, "avaluo_r_1": 0.0, "clasificac": "POR LEGALIZAR", "anio_deuda": 0, "deuda": 0.0, "valor_ip": 0.0, "coactiva": null, "ficharegis": 0, "etam": 0.1, "diferencia": -10.2786235867, "porc_difer": -0.1844691957, "admisible": 0, "deuda_anio": 0.0, "id_1": 75041, "lote_id_1": 109761, "clavecat_1": "3-11-33-21-000", "Clave_Ok": "3-11-33-21-000", "zona_1": 3, "sector_1": 11, "manzana_1": 33, "lote_1": 21, "ph_1": 0, "propieta_1": "G.A.D.MCPAL.DEL CANTON MANTA .", "document_1": 1360000980000.0, "direccio_1": "LA FLORESTA MZ 27 LOTE 8-A PARROQUIA ELOY ALFARO", "area_m2_1": 55.72, "frente_u_1": 4.8, "frente_t_1": 4.8, "avaluo_c_1": 29324.0, "avaluo_s_1": 5293.4, "zonaurba_1": "URBANA", "parroqui_1": "ELOY ALFARO", "esta_blo_1": "NO", "es_terce_1": "NO", "tiene_el_1": "SI", "tiene_ag_1": "NO", "tiene_al_1": "NO", "observac_2": "SE CREA EL CODIGO CATASTRAL 3113321000, CON FINES DE LEGALIZACION, PREDIO UBICADO EN LA PARROQUIA ELOY ALFARO DE MANTA, PREVIO INFORME DE LUIS MILCIADES L?ôPEZ DELGADO.", "observac_3": null, "barrio_1": "LA FLORESTA", "parroquia1": 5, "barrio_i_1": 403, "proceso_1": 0, "fecha_re_1": null, "activo_c_1": "SI", "desactiv_1": 0, "avaluo_r_2": 0.0, "avaluo_r_3": 0.0, "clasific_1": "POR LEGALIZAR", "anio_deu_1": 0, "deuda_1": 0.0, "valor_ip_1": 0.0, "coactiva_1": null, "fichareg_1": 0, "etam_1": 0.1, "diferenc_1": -10.2786235867, "porc_dif_1": -0.1844691957, "admisibl_1": "FALSO", "deuda_an_1": 0.0, "RESOLUCION": "647-30-07-2026" }, "geometry": { "type": "MultiPolygon", "coordinates": [ [ [ [ -80.703141943858682, -0.976376712984025 ], [ -80.703197051606125, -0.976480039524568 ], [ -80.70324023692055, -0.976461058435348 ], [ -80.703179508650749, -0.976355788093157 ], [ -80.703141943858682, -0.976376712984025 ] ] ] ] } },
{ "type": "Feature", "properties": { "id": 75074, "lote_id": 109732, "clavecatas": "3-11-35-25-000", "zona": "3", "sector": "11", "manzana": "35", "lote": "25", "ph": "000", "propietari": "G.A.D MANTA MANTA", "documentop": "1360000980001", "direccion": "BARRIO SANTA CLARA 2 MZ 33 LOTE 1C PARROQUIA ELOY ALFARO", "area_m2": 148.61, "frente_uti": 6.95, "frente_tot": 6.95, "avaluo_con": 24068.47, "avaluo_sue": 9529.62, "zonaurbano": "URBANA", "parroquia": "ELOY ALFARO", "esta_bloqu": "NO", "es_tercera": "NO", "tiene_elec": "SI", "tiene_agua": "NO", "tiene_alca": "NO", "observacio": "SE CREA EL CODIGO CATASTRAL 3113525000, CON FINES DE LEGALIZACION, PREDIO UBICADO EN LA PARROQUIA ELOY ALFARO DE MANTA, PREVIO INFORME DE LUIS MILCIADES LÓPEZ DELGADO.", "observac_1": null, "barrio": "SANTA CLARA 2", "parroquia_": 5, "barrio_id": 1082, "proceso": 0, "fecha_regi": null, "activo_cat": "SI", "desactivad": 0, "avaluo_rem": 0.0, "avaluo_r_1": 0.0, "clasificac": "POR LEGALIZAR", "anio_deuda": 0, "deuda": 0.0, "valor_ip": 0.0, "coactiva": null, "ficharegis": 0, "etam": 0.0820306179, "diferencia": 0.0067135675, "porc_difer": 4.51757e-05, "admisible": 1, "deuda_anio": 0.0, "id_1": 75074, "lote_id_1": 109732, "clavecat_1": "3-11-35-25-000", "Clave_Ok": "3-11-35-25-000", "zona_1": 3, "sector_1": 11, "manzana_1": 35, "lote_1": 25, "ph_1": 0, "propieta_1": "G.A.D MANTA MANTA", "document_1": 1360000980000.0, "direccio_1": "BARRIO SANTA CLARA 2 MZ 33 LOTE 1C PARROQUIA ELOY ALFARO", "area_m2_1": 148.61, "frente_u_1": 6.95, "frente_t_1": 6.95, "avaluo_c_1": 24068.47, "avaluo_s_1": 9529.62, "zonaurba_1": "URBANA", "parroqui_1": "ELOY ALFARO", "esta_blo_1": "NO", "es_terce_1": "NO", "tiene_el_1": "SI", "tiene_ag_1": "NO", "tiene_al_1": "NO", "observac_2": "SE CREA EL CODIGO CATASTRAL 3113525000, CON FINES DE LEGALIZACION, PREDIO UBICADO EN LA PARROQUIA ELOY ALFARO DE MANTA, PREVIO INFORME DE LUIS MILCIADES L?ôPEZ DELGADO.", "observac_3": null, "barrio_1": "SANTA CLARA 2", "parroquia1": 5, "barrio_i_1": 1082, "proceso_1": 0, "fecha_re_1": null, "activo_c_1": "SI", "desactiv_1": 0, "avaluo_r_2": 0.0, "avaluo_r_3": 0.0, "clasific_1": "POR LEGALIZAR", "anio_deu_1": 0, "deuda_1": 0.0, "valor_ip_1": 0.0, "coactiva_1": null, "fichareg_1": 0, "etam_1": 0.0820306179, "diferenc_1": 0.0067135675, "porc_dif_1": 4.51757e-05, "admisibl_1": "VERDADERO", "deuda_an_1": 0.0, "RESOLUCION": "647-30-07-2026" }, "geometry": { "type": "MultiPolygon", "coordinates": [ [ [ [ -80.70622906600039, -0.975089467139593 ], [ -80.706368811254279, -0.975214599831367 ], [ -80.706412123961925, -0.975169386995305 ], [ -80.706412123961925, -0.975169386995305 ], [ -80.706333151053315, -0.975098684528683 ], [ -80.706264099446159, -0.975036863579058 ], [ -80.70622906600039, -0.975089467139593 ] ] ] ] } },
{ "type": "Feature", "properties": { "id": 75668, "lote_id": 109210, "clavecatas": "3-11-65-28-000", "zona": "3", "sector": "11", "manzana": "65", "lote": "28", "ph": "000", "propietari": "G.A.D.MCPAL.DEL CANTON MANTA .", "documentop": "1360000980001", "direccion": "BARRIO PRIMERO DE MAYO MZ 67  LOTE 02- B", "area_m2": 62.54, "frente_uti": 1.65, "frente_tot": 6.85, "avaluo_con": 12715.54, "avaluo_sue": 5003.2, "zonaurbano": "URBANA", "parroquia": "ELOY ALFARO", "esta_bloqu": "NO", "es_tercera": "NO", "tiene_elec": "SI", "tiene_agua": "SI", "tiene_alca": "SI", "observacio": "POR LEGALIZAR A FAVOR DE NICOLE YAMILETH SANTANA QUIROZ INFO DACC 20/01/26", "observac_1": null, "barrio": "1 DE MAYO", "parroquia_": 5, "barrio_id": 1068, "proceso": 0, "fecha_regi": null, "activo_cat": "SI", "desactivad": 0, "avaluo_rem": 0.0, "avaluo_r_1": 0.0, "clasificac": "POR LEGALIZAR", "anio_deuda": 0, "deuda": 0.0, "valor_ip": 0.0, "coactiva": null, "ficharegis": 0, "etam": 0.1, "diferencia": 3.1350555559000002, "porc_difer": 0.0501288065, "admisible": 1, "deuda_anio": 0.0, "id_1": 75668, "lote_id_1": 109210, "clavecat_1": "3-11-65-28-000", "Clave_Ok": "3-11-65-28-000", "zona_1": 3, "sector_1": 11, "manzana_1": 65, "lote_1": 28, "ph_1": 0, "propieta_1": "G.A.D.MCPAL.DEL CANTON MANTA .", "document_1": 1360000980000.0, "direccio_1": "BARRIO PRIMERO DE MAYO MZ 67  LOTE 02- B", "area_m2_1": 62.54, "frente_u_1": 1.65, "frente_t_1": 6.85, "avaluo_c_1": 12715.54, "avaluo_s_1": 5003.2, "zonaurba_1": "URBANA", "parroqui_1": "ELOY ALFARO", "esta_blo_1": "NO", "es_terce_1": "NO", "tiene_el_1": "SI", "tiene_ag_1": "SI", "tiene_al_1": "SI", "observac_2": "POR LEGALIZAR A FAVOR DE NICOLE YAMILETH SANTANA QUIROZ INFO DACC 20/01/26", "observac_3": null, "barrio_1": "1 DE MAYO", "parroquia1": 5, "barrio_i_1": 1068, "proceso_1": 0, "fecha_re_1": null, "activo_c_1": "SI", "desactiv_1": 0, "avaluo_r_2": 0.0, "avaluo_r_3": 0.0, "clasific_1": "POR LEGALIZAR", "anio_deu_1": 0, "deuda_1": 0.0, "valor_ip_1": 0.0, "coactiva_1": null, "fichareg_1": 0, "etam_1": 0.1, "diferenc_1": 3.1350555559000002, "porc_dif_1": 0.0501288065, "admisibl_1": "VERDADERO", "deuda_an_1": 0.0, "RESOLUCION": "647-30-07-2026" }, "geometry": { "type": "MultiPolygon", "coordinates": [ [ [ [ -80.704456206386752, -0.979083350302294 ], [ -80.704491995930226, -0.97915822664225 ], [ -80.704539732180081, -0.979134033044497 ], [ -80.704506566700246, -0.979051402449476 ], [ -80.704456206386752, -0.979083350302294 ] ] ] ] } },
{ "type": "Feature", "properties": { "id": 76598, "lote_id": 105525, "clavecatas": "3-12-28-34-000", "zona": "3", "sector": "12", "manzana": "28", "lote": "34", "ph": "000", "propietari": "GOBIERNO AUTONOMO DESCENTRALIZADO  MUNICIPAL MANTA .", "documentop": "1360000980001", "direccion": "B,2 DE AGOSTO - P. ELOY ALFARO MZ-245 LOTE # 34 CALLE 315", "area_m2": 163.11, "frente_uti": 10.4, "frente_tot": 10.4, "avaluo_con": 40331.65, "avaluo_sue": 10275.93, "zonaurbano": "URBANA", "parroquia": "ELOY ALFARO", "esta_bloqu": "NO", "es_tercera": "NO", "tiene_elec": "NO", "tiene_agua": "NO", "tiene_alca": "NO", "observacio": "“SE CREA EL PRESENTE CÓDIGO CATASTRAL CON FINES DE LEGALIZACIÓN A FAVOR DE ARANA LOPEZ KENDY DARIO POSESIONARIO DE UN LOTE DE TERRENO UBICADO EN EL BARRIO 2 DE AGOSTO DE LA PARROQUIA ELOY ALFARO, MEDIANTE INFORME DE PROCESO DE LA UNIDAD DE GESTIÓN Y", "observac_1": null, "barrio": "2 DE AGOSTO", "parroquia_": 5, "barrio_id": 420, "proceso": 0, "fecha_regi": null, "activo_cat": "SI", "desactivad": 0, "avaluo_rem": 0.0, "avaluo_r_1": 0.0, "clasificac": "POR LEGALIZAR", "anio_deuda": 0, "deuda": 0.0, "valor_ip": 0.0, "coactiva": null, "ficharegis": 0, "etam": 0.0782996293, "diferencia": -5.82482e-05, "porc_difer": -3.571e-07, "admisible": 1, "deuda_anio": 0.0, "id_1": 76598, "lote_id_1": 105525, "clavecat_1": "3-12-28-34-000", "Clave_Ok": "3-12-28-34-000", "zona_1": 3, "sector_1": 12, "manzana_1": 28, "lote_1": 34, "ph_1": 0, "propieta_1": "GOBIERNO AUTONOMO DESCENTRALIZADO  MUNICIPAL MANTA .", "document_1": 1360000980000.0, "direccio_1": "B,2 DE AGOSTO - P. ELOY ALFARO MZ-245 LOTE # 34 CALLE 315", "area_m2_1": 163.11, "frente_u_1": 10.4, "frente_t_1": 10.4, "avaluo_c_1": 40331.65, "avaluo_s_1": 10275.93, "zonaurba_1": "URBANA", "parroqui_1": "ELOY ALFARO", "esta_blo_1": "NO", "es_terce_1": "NO", "tiene_el_1": "NO", "tiene_ag_1": "NO", "tiene_al_1": "NO", "observac_2": "ÔÇ£SE CREA EL PRESENTE C?ôDIGO CATASTRAL CON FINES DE LEGALIZACI?ôN A FAVOR DE ARANA LOPEZ KENDY DARIO POSESIONARIO DE UN LOTE DE TERRENO UBICADO EN EL BARRIO 2 DE AGOSTO DE LA PARROQUIA ELOY ALFARO, MEDIANTE INFORME DE PROCESO DE LA UNIDAD DE GESTI", "observac_3": null, "barrio_1": "2 DE AGOSTO", "parroquia1": 5, "barrio_i_1": 420, "proceso_1": 0, "fecha_re_1": null, "activo_c_1": "SI", "desactiv_1": 0, "avaluo_r_2": 0.0, "avaluo_r_3": 0.0, "clasific_1": "POR LEGALIZAR", "anio_deu_1": 0, "deuda_1": 0.0, "valor_ip_1": 0.0, "coactiva_1": null, "fichareg_1": 0, "etam_1": 0.0782996293, "diferenc_1": -5.82482e-05, "porc_dif_1": -3.571e-07, "admisibl_1": "VERDADERO", "deuda_an_1": 0.0, "RESOLUCION": "647-30-07-2026" }, "geometry": { "type": "MultiPolygon", "coordinates": [ [ [ [ -80.709568672947526, -0.982210379583794 ], [ -80.709453287105703, -0.982265284559598 ], [ -80.709486381340056, -0.982353280723163 ], [ -80.709622441859409, -0.982293894145015 ], [ -80.709568672947526, -0.982210379583794 ] ] ] ] } },
{ "type": "Feature", "properties": { "id": 76966, "lote_id": 109992, "clavecatas": "3-12-50-24-000", "zona": "3", "sector": "12", "manzana": "50", "lote": "24", "ph": "000", "propietari": "GAD DE MANTA", "documentop": "1360000980001", "direccion": "P, ELOY ALFARO - B. SANTA ANA - MZ - 256 - LOTE - 33 - VIA INTERBARRIAL", "area_m2": 151.7, "frente_uti": 9.86, "frente_tot": 9.86, "avaluo_con": 71898.57, "avaluo_sue": 11377.5, "zonaurbano": "URBANA", "parroquia": "ELOY ALFARO", "esta_bloqu": "NO", "es_tercera": "NO", "tiene_elec": "NO", "tiene_agua": "NO", "tiene_alca": "NO", "observacio": "POR LEGALIZAR JHONNY JAVIER CRUZ INTRIAGO 12/02/2025 ARQ. LUPE LANDA.", "observac_1": null, "barrio": "SANTA ANA", "parroquia_": 5, "barrio_id": 415, "proceso": 0, "fecha_regi": null, "activo_cat": "SI", "desactivad": 0, "avaluo_rem": 0.0, "avaluo_r_1": 0.0, "clasificac": "POR LEGALIZAR", "anio_deuda": 0, "deuda": 0.0, "valor_ip": 0.0, "coactiva": null, "ficharegis": 0, "etam": 0.0811908727, "diferencia": -0.0602000218, "porc_difer": -0.000396836, "admisible": 1, "deuda_anio": 0.0, "id_1": 76966, "lote_id_1": 109992, "clavecat_1": "3-12-50-24-000", "Clave_Ok": "3-12-50-24-000", "zona_1": 3, "sector_1": 12, "manzana_1": 50, "lote_1": 24, "ph_1": 0, "propieta_1": "GAD DE MANTA", "document_1": 1360000980000.0, "direccio_1": "P, ELOY ALFARO - B. SANTA ANA - MZ - 256 - LOTE - 33 - VIA INTERBARRIAL", "area_m2_1": 151.7, "frente_u_1": 9.86, "frente_t_1": 9.86, "avaluo_c_1": 71898.57, "avaluo_s_1": 11377.5, "zonaurba_1": "URBANA", "parroqui_1": "ELOY ALFARO", "esta_blo_1": "NO", "es_terce_1": "NO", "tiene_el_1": "NO", "tiene_ag_1": "NO", "tiene_al_1": "NO", "observac_2": "POR LEGALIZAR JHONNY JAVIER CRUZ INTRIAGO 12/02/2025 ARQ. LUPE LANDA.", "observac_3": null, "barrio_1": "SANTA ANA", "parroquia1": 5, "barrio_i_1": 415, "proceso_1": 0, "fecha_re_1": null, "activo_c_1": "SI", "desactiv_1": 0, "avaluo_r_2": 0.0, "avaluo_r_3": 0.0, "clasific_1": "POR LEGALIZAR", "anio_deu_1": 0, "deuda_1": 0.0, "valor_ip_1": 0.0, "coactiva_1": null, "fichareg_1": 0, "etam_1": 0.0811908727, "diferenc_1": -0.0602000218, "porc_dif_1": -0.000396836, "admisibl_1": "VERDADERO", "deuda_an_1": 0.0, "RESOLUCION": "647-30-07-2026" }, "geometry": { "type": "MultiPolygon", "coordinates": [ [ [ [ -80.709927545837175, -0.979009438624887 ], [ -80.709861669337272, -0.978950535808422 ], [ -80.709763961892165, -0.97905049853065 ], [ -80.709829838391201, -0.979109401349052 ], [ -80.709927545837175, -0.979009438624887 ] ] ] ] } },
{ "type": "Feature", "properties": { "id": 79450, "lote_id": 109764, "clavecatas": "3-14-56-30-000", "zona": "3", "sector": "14", "manzana": "56", "lote": "30", "ph": "000", "propietari": "GOBIERNO AUTONOMO DESCENTRALIZADO  MUNICIPAL MANTA .", "documentop": "1360000980001", "direccion": "BARRIO LAS COLINAS MZ 118 LOTE 23 PARROQUIA ELOY ALFARO", "area_m2": 152.2, "frente_uti": 7.7, "frente_tot": 7.7, "avaluo_con": 22008.0, "avaluo_sue": 9615.24, "zonaurbano": "URBANA", "parroquia": "ELOY ALFARO", "esta_bloqu": "NO", "es_tercera": "NO", "tiene_elec": "SI", "tiene_agua": "NO", "tiene_alca": "NO", "observacio": "SE CREA EL CODIGO CATASTRAL 3145630000, CON FINES DE LEGALIZACION, PREDIO UBICADO EN LA PARROQUIA ELOY ALFARO DE MANTA, PREVIO INFORME DE LUIS MILCIADES LÓPEZ DELGADO.", "observac_1": null, "barrio": "LAS COLINAS", "parroquia_": 5, "barrio_id": 1095, "proceso": 0, "fecha_regi": null, "activo_cat": "SI", "desactivad": 0, "avaluo_rem": 0.0, "avaluo_r_1": 0.0, "clasificac": "POR LEGALIZAR", "anio_deuda": 0, "deuda": 0.0, "valor_ip": 0.0, "coactiva": null, "ficharegis": 0, "etam": 0.0810574009, "diferencia": -0.0466000003, "porc_difer": -0.0003061761, "admisible": 1, "deuda_anio": 0.0, "id_1": 79450, "lote_id_1": 109764, "clavecat_1": "3-14-56-30-000", "Clave_Ok": "3-14-56-30-000", "zona_1": 3, "sector_1": 14, "manzana_1": 56, "lote_1": 30, "ph_1": 0, "propieta_1": "GOBIERNO AUTONOMO DESCENTRALIZADO  MUNICIPAL MANTA .", "document_1": 1360000980000.0, "direccio_1": "BARRIO LAS COLINAS MZ 118 LOTE 23 PARROQUIA ELOY ALFARO", "area_m2_1": 152.2, "frente_u_1": 7.7, "frente_t_1": 7.7, "avaluo_c_1": 22008.0, "avaluo_s_1": 9615.24, "zonaurba_1": "URBANA", "parroqui_1": "ELOY ALFARO", "esta_blo_1": "NO", "es_terce_1": "NO", "tiene_el_1": "SI", "tiene_ag_1": "NO", "tiene_al_1": "NO", "observac_2": "SE CREA EL CODIGO CATASTRAL 3145630000, CON FINES DE LEGALIZACION, PREDIO UBICADO EN LA PARROQUIA ELOY ALFARO DE MANTA, PREVIO INFORME DE LUIS MILCIADES L?ôPEZ DELGADO.", "observac_3": null, "barrio_1": "LAS COLINAS", "parroquia1": 5, "barrio_i_1": 1095, "proceso_1": 0, "fecha_re_1": null, "activo_c_1": "SI", "desactiv_1": 0, "avaluo_r_2": 0.0, "avaluo_r_3": 0.0, "clasific_1": "POR LEGALIZAR", "anio_deu_1": 0, "deuda_1": 0.0, "valor_ip_1": 0.0, "coactiva_1": null, "fichareg_1": 0, "etam_1": 0.0810574009, "diferenc_1": -0.0466000003, "porc_dif_1": -0.0003061761, "admisibl_1": "VERDADERO", "deuda_an_1": 0.0, "RESOLUCION": "647-30-07-2026" }, "geometry": { "type": "MultiPolygon", "coordinates": [ [ [ [ -80.700838376716561, -0.983436768719846 ], [ -80.700909933894948, -0.983288673117163 ], [ -80.700847020907531, -0.983259626050772 ], [ -80.700764138537735, -0.983412063267767 ], [ -80.700838376716561, -0.983436768719846 ] ] ] ] } },
{ "type": "Feature", "properties": { "id": 82757, "lote_id": 109762, "clavecatas": "3-16-23-43-000", "zona": "3", "sector": "16", "manzana": "23", "lote": "43", "ph": "000", "propietari": "G.A.D MANTA MANTA", "documentop": "1360000980001", "direccion": "BARRIO 10 DE AGOSTO MZ 214 LOTE 43 PARROQUIA ELOY ALFARO", "area_m2": 398.37, "frente_uti": 14.1, "frente_tot": 14.1, "avaluo_con": 24514.0, "avaluo_sue": 23842.44, "zonaurbano": "URBANA", "parroquia": "ELOY ALFARO", "esta_bloqu": "NO", "es_tercera": "NO", "tiene_elec": "SI", "tiene_agua": "NO", "tiene_alca": "NO", "observacio": "SE CREA EL CODIGO CATASTRAL 3162343000, CON FINES DE LEGALIZACION, PREDIO UBICADO EN LA PARROQUIA ELOY ALFARO DE MANTA, PREVIO INFORME DE LUIS MILCIADES LÓPEZ DELGADO.", "observac_1": null, "barrio": "10 DE SEPTIEMBRE", "parroquia_": 5, "barrio_id": 1061, "proceso": 0, "fecha_regi": null, "activo_cat": "SI", "desactivad": 0, "avaluo_rem": 0.0, "avaluo_r_1": 0.0, "clasificac": "POR LEGALIZAR", "anio_deuda": 0, "deuda": 0.0, "valor_ip": 0.0, "coactiva": null, "ficharegis": 0, "etam": 0.1503065622, "diferencia": -2.7919478912, "porc_difer": -0.0070084291, "admisible": 1, "deuda_anio": 0.0, "id_1": 82757, "lote_id_1": 109762, "clavecat_1": "3-16-23-43-000", "Clave_Ok": "3-16-23-43-000", "zona_1": 3, "sector_1": 16, "manzana_1": 23, "lote_1": 43, "ph_1": 0, "propieta_1": "G.A.D MANTA MANTA", "document_1": 1360000980000.0, "direccio_1": "BARRIO 10 DE AGOSTO MZ 214 LOTE 43 PARROQUIA ELOY ALFARO", "area_m2_1": 398.37, "frente_u_1": 14.1, "frente_t_1": 14.1, "avaluo_c_1": 24514.0, "avaluo_s_1": 23842.44, "zonaurba_1": "URBANA", "parroqui_1": "ELOY ALFARO", "esta_blo_1": "NO", "es_terce_1": "NO", "tiene_el_1": "SI", "tiene_ag_1": "NO", "tiene_al_1": "NO", "observac_2": "SE CREA EL CODIGO CATASTRAL 3162343000, CON FINES DE LEGALIZACION, PREDIO UBICADO EN LA PARROQUIA ELOY ALFARO DE MANTA, PREVIO INFORME DE LUIS MILCIADES L?ôPEZ DELGADO.", "observac_3": null, "barrio_1": "10 DE SEPTIEMBRE", "parroquia1": 5, "barrio_i_1": 1061, "proceso_1": 0, "fecha_re_1": null, "activo_c_1": "SI", "desactiv_1": 0, "avaluo_r_2": 0.0, "avaluo_r_3": 0.0, "clasific_1": "POR LEGALIZAR", "anio_deu_1": 0, "deuda_1": 0.0, "valor_ip_1": 0.0, "coactiva_1": null, "fichareg_1": 0, "etam_1": 0.1503065622, "diferenc_1": -2.7919478912, "porc_dif_1": -0.0070084291, "admisibl_1": "VERDADERO", "deuda_an_1": 0.0, "RESOLUCION": "647-30-07-2026" }, "geometry": { "type": "MultiPolygon", "coordinates": [ [ [ [ -80.708941793484883, -0.988820090122509 ], [ -80.708987895665317, -0.988938896603006 ], [ -80.709252636735201, -0.988751694408234 ], [ -80.709241353293265, -0.988674722197402 ], [ -80.709162287871848, -0.988711554723197 ], [ -80.708941793484883, -0.988820090122509 ] ] ] ] } },
{ "type": "Feature", "properties": { "id": 84520, "lote_id": 97184, "clavecatas": "3-21-01-48-000", "zona": "3", "sector": "21", "manzana": "01", "lote": "48", "ph": "000", "propietari": "GOBIERNO AUTONOMO DESCENTRALIZADO MUNICIPAL DEL CANTON MANTA .", "documentop": "1360000980001", "direccion": "B,SANTA ANA - P, ELOY ALFARO MZ-239-B LOTE- 22", "area_m2": 217.5, "frente_uti": 10.4, "frente_tot": 10.4, "avaluo_con": 2870.0, "avaluo_sue": 12273.53, "zonaurbano": "URBANA", "parroquia": "ELOY ALFARO", "esta_bloqu": "NO", "es_tercera": "NO", "tiene_elec": "NO", "tiene_agua": "NO", "tiene_alca": "NO", "observacio": "POR LEGALIZAR B/M A HENANDEZ BRAVO ANA JESSENIA 03/07/20 ARQ. LUPE LANDA. - CAMBIO DE CLASIFICACIÓN: MEMORANDO MTA-DFIN-MEM-160920211226, TRÁMITE TE090920211550 EN BASE A ART. 509 DEL COOTAD.ACTUALMENTE VA A LEGALIZAR BELLA AMIRA BRAVO 09/02/2026 ARQ.", "observac_1": null, "barrio": "SANTA ANA", "parroquia_": 5, "barrio_id": 415, "proceso": 0, "fecha_regi": null, "activo_cat": "SI", "desactivad": 0, "avaluo_rem": 0.0, "avaluo_r_1": 0.0, "clasificac": "POR LEGALIZAR", "anio_deuda": 0, "deuda": 0.0, "valor_ip": 0.0, "coactiva": null, "ficharegis": 0, "etam": 0.1356127007, "diferencia": -28.888161286900001, "porc_difer": -0.1328191324, "admisible": 1, "deuda_anio": 0.0, "id_1": 84520, "lote_id_1": 97184, "clavecat_1": "3-21-01-48-000", "Clave_Ok": "3-21-01-48-000", "zona_1": 3, "sector_1": 21, "manzana_1": 1, "lote_1": 48, "ph_1": 0, "propieta_1": "GOBIERNO AUTONOMO DESCENTRALIZADO MUNICIPAL DEL CANTON MANTA .", "document_1": 1360000980000.0, "direccio_1": "B,SANTA ANA - P, ELOY ALFARO MZ-239-B LOTE- 22", "area_m2_1": 217.5, "frente_u_1": 10.4, "frente_t_1": 10.4, "avaluo_c_1": 2870.0, "avaluo_s_1": 12273.53, "zonaurba_1": "URBANA", "parroqui_1": "ELOY ALFARO", "esta_blo_1": "NO", "es_terce_1": "NO", "tiene_el_1": "NO", "tiene_ag_1": "NO", "tiene_al_1": "NO", "observac_2": "POR LEGALIZAR B/M A HENANDEZ BRAVO ANA JESSENIA 03/07/20 ARQ. LUPE LANDA. - CAMBIO DE CLASIFICACI?ôN: MEMORANDO MTA-DFIN-MEM-160920211226, TR?üMITE TE090920211550 EN BASE A ART. 509 DEL COOTAD.ACTUALMENTE VA A LEGALIZAR BELLA AMIRA BRAVO 09/02/2026 ARQ", "observac_3": null, "barrio_1": "SANTA ANA", "parroquia1": 5, "barrio_i_1": 415, "proceso_1": 0, "fecha_re_1": null, "activo_c_1": "SI", "desactiv_1": 0, "avaluo_r_2": 0.0, "avaluo_r_3": 0.0, "clasific_1": "POR LEGALIZAR", "anio_deu_1": 0, "deuda_1": 0.0, "valor_ip_1": 0.0, "coactiva_1": null, "fichareg_1": 0, "etam_1": 0.1356127007, "diferenc_1": -28.888161286900001, "porc_dif_1": -0.1328191324, "admisibl_1": "VERDADERO", "deuda_an_1": 0.0, "RESOLUCION": "647-30-07-2026" }, "geometry": { "type": "MultiPolygon", "coordinates": [ [ [ [ -80.705044781955664, -0.993940346670441 ], [ -80.705129323926769, -0.993777096277623 ], [ -80.705124607258256, -0.993741680099147 ], [ -80.705057246044802, -0.993704098794605 ], [ -80.705035849630818, -0.993749569713253 ], [ -80.70496181375492, -0.993896393443386 ], [ -80.705044781955664, -0.993940346670441 ] ] ] ] } },
{ "type": "Feature", "properties": { "id": 84723, "lote_id": 64726, "clavecatas": "3-21-09-25-000", "zona": "3", "sector": "21", "manzana": "09", "lote": "25", "ph": "000", "propietari": "G.A.D.MCPAL.DEL CANTON MANTA .", "documentop": "1360000980001", "direccion": "P. ELOY ALFARO - B. JIPIJAPA  - AVE.225 - MZ- 238 - LOTE 19- B", "area_m2": 481.02, "frente_uti": 18.2, "frente_tot": 18.2, "avaluo_con": 12376.0, "avaluo_sue": 28861.2, "zonaurbano": "URBANA", "parroquia": "MANTA", "esta_bloqu": "NO", "es_tercera": "SI", "tiene_elec": "NO", "tiene_agua": "NO", "tiene_alca": "NO", "observacio": "SE CORRIGE AREA PARA Y VA A LEGALIZAR A FAVOR DE SALTOS PALACIOS VIVIANA AUXILIADORA MATO-05-2026 ARQ. LUPE LANDA", "observac_1": null, "barrio": "CORREGIR", "parroquia_": 1, "barrio_id": 348, "proceso": 1, "fecha_regi": null, "activo_cat": "SI", "desactivad": 0, "avaluo_rem": 0.0, "avaluo_r_1": 0.0, "clasificac": "GENERAL", "anio_deuda": 2008, "deuda": 2910.2, "valor_ip": 0.0, "coactiva": null, "ficharegis": 0, "etam": 0.136785382, "diferencia": 6.4445066796, "porc_difer": 0.0133975857, "admisible": 1, "deuda_anio": 2879.77, "id_1": 84723, "lote_id_1": 64726, "clavecat_1": "3-21-09-25-000", "Clave_Ok": "3-21-09-25-000", "zona_1": 3, "sector_1": 21, "manzana_1": 9, "lote_1": 25, "ph_1": 0, "propieta_1": "G.A.D.MCPAL.DEL CANTON MANTA .", "document_1": 1360000980000.0, "direccio_1": "P. ELOY ALFARO - B. JIPIJAPA  - AVE.225 - MZ- 238 - LOTE 19- B", "area_m2_1": 481.02, "frente_u_1": 18.2, "frente_t_1": 18.2, "avaluo_c_1": 12376.0, "avaluo_s_1": 28861.2, "zonaurba_1": "URBANA", "parroqui_1": "MANTA", "esta_blo_1": "NO", "es_terce_1": "SI", "tiene_el_1": "NO", "tiene_ag_1": "NO", "tiene_al_1": "NO", "observac_2": "SE CORRIGE AREA PARA Y VA A LEGALIZAR A FAVOR DE SALTOS PALACIOS VIVIANA AUXILIADORA MATO-05-2026 ARQ. LUPE LANDA", "observac_3": null, "barrio_1": "CORREGIR", "parroquia1": 1, "barrio_i_1": 348, "proceso_1": 1, "fecha_re_1": null, "activo_c_1": "SI", "desactiv_1": 0, "avaluo_r_2": 0.0, "avaluo_r_3": 0.0, "clasific_1": "GENERAL", "anio_deu_1": 2008, "deuda_1": 2910.2, "valor_ip_1": 0.0, "coactiva_1": null, "fichareg_1": 0, "etam_1": 0.136785382, "diferenc_1": 6.4445066796, "porc_dif_1": 0.0133975857, "admisibl_1": "VERDADERO", "deuda_an_1": 2879.77, "RESOLUCION": "647-30-07-2026" }, "geometry": { "type": "MultiPolygon", "coordinates": [ [ [ [ -80.704287816999695, -0.993859799621773 ], [ -80.704384592715968, -0.993907287342452 ], [ -80.704421132233136, -0.993928773198029 ], [ -80.704533701499088, -0.993716463738446 ], [ -80.70439544633912, -0.99362845638185 ], [ -80.704287816999695, -0.993859799621773 ] ] ] ] } },
{ "type": "Feature", "properties": { "id": 88234, "lote_id": 109222, "clavecatas": "3-23-91-04-000", "zona": "3", "sector": "23", "manzana": "91", "lote": "04", "ph": "000", "propietari": "GOBIERNO AUTONOMO DESCENTRALIZADO  MUNICIPAL MANTA .", "documentop": "1360000980001", "direccion": "BARRIO URBIRRIOS 2.", "area_m2": 162.25, "frente_uti": 10.0, "frente_tot": 10.0, "avaluo_con": 10752.0, "avaluo_sue": 5256.9, "zonaurbano": "URBANA", "parroquia": "MANTA", "esta_bloqu": "NO", "es_tercera": "NO", "tiene_elec": "SI", "tiene_agua": "NO", "tiene_alca": "NO", "observacio": "POR LEGALIZAR A FAVOR DE EMPUÑO ALVARADO ALEXANDRA ELIZABETH 27/1/26 RDV -SE ACTUALIZA INFORMACION CON ESCRITURA DE DECLARATORIA DE BIEN MOSTRENCO E INMCORPORACION AL PATRIMONIO MCPAL.INSCRITA EN EL REG.DE LA PROPIEDAD 08/14/2026 Y.C.S.-", "observac_1": null, "barrio": "URBIRRIOS 2", "parroquia_": 1, "barrio_id": 1046, "proceso": 0, "fecha_regi": null, "activo_cat": "SI", "desactivad": 0, "avaluo_rem": 0.0, "avaluo_r_1": 0.0, "clasificac": "PROPIEDADES MUNICIPALES", "anio_deuda": 0, "deuda": 0.0, "valor_ip": 0.0, "coactiva": null, "ficharegis": 92745, "etam": 0.0785068672, "diferencia": -0.0007594251, "porc_difer": -4.6806e-06, "admisible": 1, "deuda_anio": 0.0, "id_1": 88234, "lote_id_1": 109222, "clavecat_1": "3-23-91-04-000", "Clave_Ok": "3-23-91-04-000", "zona_1": 3, "sector_1": 23, "manzana_1": 91, "lote_1": 4, "ph_1": 0, "propieta_1": "GOBIERNO AUTONOMO DESCENTRALIZADO  MUNICIPAL MANTA .", "document_1": 1360000980000.0, "direccio_1": "BARRIO URBIRRIOS 2.", "area_m2_1": 162.25, "frente_u_1": 10.0, "frente_t_1": 10.0, "avaluo_c_1": 10752.0, "avaluo_s_1": 5256.9, "zonaurba_1": "URBANA", "parroqui_1": "MANTA", "esta_blo_1": "NO", "es_terce_1": "NO", "tiene_el_1": "SI", "tiene_ag_1": "NO", "tiene_al_1": "NO", "observac_2": "POR LEGALIZAR A FAVOR DE EMPU?æO ALVARADO ALEXANDRA ELIZABETH 27/1/26 RDV -SE ACTUALIZA INFORMACION CON ESCRITURA DE DECLARATORIA DE BIEN MOSTRENCO E INMCORPORACION AL PATRIMONIO MCPAL.INSCRITA EN EL REG.DE LA PROPIEDAD 08/14/2026 Y.C.S.-", "observac_3": null, "barrio_1": "URBIRRIOS 2", "parroquia1": 1, "barrio_i_1": 1046, "proceso_1": 0, "fecha_re_1": null, "activo_c_1": "SI", "desactiv_1": 0, "avaluo_r_2": 0.0, "avaluo_r_3": 0.0, "clasific_1": "PROPIEDADES MUNICIPALES", "anio_deu_1": 0, "deuda_1": 0.0, "valor_ip_1": 0.0, "coactiva_1": null, "fichareg_1": 92745, "etam_1": 0.0785068672, "diferenc_1": -0.0007594251, "porc_dif_1": -4.6806e-06, "admisibl_1": "VERDADERO", "deuda_an_1": 0.0, "RESOLUCION": "655-13-08-2026" }, "geometry": { "type": "MultiPolygon", "coordinates": [ [ [ [ -80.730586368619697, -1.002541526209691 ], [ -80.730508322012739, -1.002586730747385 ], [ -80.730591911035248, -1.002708921875251 ], [ -80.730668431233184, -1.00266149036781 ], [ -80.730586368619697, -1.002541526209691 ] ] ] ] } },
{ "type": "Feature", "properties": { "id": 96514, "lote_id": 110525, "clavecatas": "3-37-01-131-000", "zona": "3", "sector": "37", "manzana": "01", "lote": "131", "ph": "000", "propietari": "GOBIERNO AUTONOMO DESCENTRALIZADO  MUNICIPAL MANTA .", "documentop": "1360000980001", "direccion": "MZ-- LT--DEL BARRIO URBIRRIOS 2 DE LA PARROQUIA URBIMANTA DE MANTA", "area_m2": 174.29, "frente_uti": 10.15, "frente_tot": 10.15, "avaluo_con": 31350.23, "avaluo_sue": 3485.8, "zonaurbano": "URBANA", "parroquia": "MANTA", "esta_bloqu": "NO", "es_tercera": "NO", "tiene_elec": "SI", "tiene_agua": "NO", "tiene_alca": "NO", "observacio": "LEGALIZAR A FAVOR DE PILOSO BAQUE ELEXANDRA BEATRIZ // NNAZ -SE ACTUALIZA INFORMACION CON ESCRITURA DE DECLARATORIA DE BIEN MOSTRENCO E INMCORPORACION AL PATRIMONIO MCPAL.INSCRITA EN EL REG.DE LA PROPIEDAD 08/14/2026 Y.C.S.-", "observac_1": null, "barrio": "URBIRRIOS 2", "parroquia_": 1, "barrio_id": 1046, "proceso": 0, "fecha_regi": null, "activo_cat": "SI", "desactivad": 0, "avaluo_rem": 0.0, "avaluo_r_1": 0.0, "clasificac": "PROPIEDADES MUNICIPALES", "anio_deuda": 0, "deuda": 0.0, "valor_ip": 0.0, "coactiva": null, "ficharegis": 92746, "etam": 0.0757467084, "diferencia": -0.0085099255, "porc_difer": -4.88262e-05, "admisible": 1, "deuda_anio": 0.0, "id_1": 96514, "lote_id_1": 110525, "clavecat_1": "3-37-01-131-000", "Clave_Ok": "3-37-01-131-000", "zona_1": 3, "sector_1": 37, "manzana_1": 1, "lote_1": 131, "ph_1": 0, "propieta_1": "GOBIERNO AUTONOMO DESCENTRALIZADO  MUNICIPAL MANTA .", "document_1": 1360000980000.0, "direccio_1": "MZ-- LT--DEL BARRIO URBIRRIOS 2 DE LA PARROQUIA URBIMANTA DE MANTA", "area_m2_1": 174.29, "frente_u_1": 10.15, "frente_t_1": 10.15, "avaluo_c_1": 31350.23, "avaluo_s_1": 3485.8, "zonaurba_1": "URBANA", "parroqui_1": "MANTA", "esta_blo_1": "NO", "es_terce_1": "NO", "tiene_el_1": "SI", "tiene_ag_1": "NO", "tiene_al_1": "NO", "observac_2": "LEGALIZAR A FAVOR DE PILOSO BAQUE ELEXANDRA BEATRIZ // NNAZ -SE ACTUALIZA INFORMACION CON ESCRITURA DE DECLARATORIA DE BIEN MOSTRENCO E INMCORPORACION AL PATRIMONIO MCPAL.INSCRITA EN EL REG.DE LA PROPIEDAD 08/14/2026 Y.C.S.-", "observac_3": null, "barrio_1": "URBIRRIOS 2", "parroquia1": 1, "barrio_i_1": 1046, "proceso_1": 0, "fecha_re_1": null, "activo_c_1": "SI", "desactiv_1": 0, "avaluo_r_2": 0.0, "avaluo_r_3": 0.0, "clasific_1": "PROPIEDADES MUNICIPALES", "anio_deu_1": 0, "deuda_1": 0.0, "valor_ip_1": 0.0, "coactiva_1": null, "fichareg_1": 92746, "etam_1": 0.0757467084, "diferenc_1": -0.0085099255, "porc_dif_1": -4.88262e-05, "admisibl_1": "VERDADERO", "deuda_an_1": 0.0, "RESOLUCION": "655-13-08-2026" }, "geometry": { "type": "MultiPolygon", "coordinates": [ [ [ [ -80.730330633401906, -0.994800139701584 ], [ -80.730400371436176, -0.994859349212803 ], [ -80.730502474804851, -0.994748928186273 ], [ -80.730440078774762, -0.994682558277844 ], [ -80.730330633401906, -0.994800139701584 ] ] ] ] } },
{ "type": "Feature", "properties": { "id": 97528, "lote_id": 110590, "clavecatas": "3-45-06-07-000", "zona": "3", "sector": "45", "manzana": "06", "lote": "07", "ph": "000", "propietari": "GOBIERNO AUTONOMO DESCENTRALIZADO  MUNICIPAL MANTA .", "documentop": "1360000980001", "direccion": "MZ-R-6 LT-07 DEL BARRIO LA REVANCHA DE URBIMANTA", "area_m2": 120.06, "frente_uti": 8.2, "frente_tot": 8.2, "avaluo_con": 4536.0, "avaluo_sue": 2401.2, "zonaurbano": "URBANA", "parroquia": "EXPANSIÓN URBANA", "esta_bloqu": "NO", "es_tercera": "NO", "tiene_elec": "SI", "tiene_agua": "NO", "tiene_alca": "NO", "observacio": "POR LEGALIZAR A FAVOR DE CEVALLOS REYES YOLANDA QUITERIA - NNAZ. SE ACTUALIZA ESCRITURA DE COMPRA VENTA INSCRITA EN EL REGISTRO DE LA PROPIEDAD 17/08/2026 AZP.", "observac_1": null, "barrio": "LA REVANCHA", "parroquia_": 10, "barrio_id": 1170, "proceso": 0, "fecha_regi": null, "activo_cat": "SI", "desactivad": 0, "avaluo_rem": 0.0, "avaluo_r_1": 0.0, "clasificac": "POR LEGALIZAR", "anio_deuda": 0, "deuda": 0.0, "valor_ip": 0.0, "coactiva": null, "ficharegis": 92728, "etam": 0.0912642797, "diferencia": -0.0035356951, "porc_difer": -2.94494e-05, "admisible": 1, "deuda_anio": 0.0, "id_1": 97528, "lote_id_1": 110590, "clavecat_1": "3-45-06-07-000", "Clave_Ok": "3-45-06-07-000", "zona_1": 3, "sector_1": 45, "manzana_1": 6, "lote_1": 7, "ph_1": 0, "propieta_1": "GOBIERNO AUTONOMO DESCENTRALIZADO  MUNICIPAL MANTA .", "document_1": 1360000980000.0, "direccio_1": "MZ-R-6 LT-07 DEL BARRIO LA REVANCHA DE URBIMANTA", "area_m2_1": 120.06, "frente_u_1": 8.2, "frente_t_1": 8.2, "avaluo_c_1": 4536.0, "avaluo_s_1": 2401.2, "zonaurba_1": "URBANA", "parroqui_1": "EXPANSI?ôN URBANA", "esta_blo_1": "NO", "es_terce_1": "NO", "tiene_el_1": "SI", "tiene_ag_1": "NO", "tiene_al_1": "NO", "observac_2": "POR LEGALIZAR A FAVOR DE CEVALLOS REYES YOLANDA QUITERIA - NNAZ. SE ACTUALIZA ESCRITURA DE COMPRA VENTA INSCRITA EN EL REGISTRO DE LA PROPIEDAD 17/08/2026 AZP.", "observac_3": null, "barrio_1": "LA REVANCHA", "parroquia1": 10, "barrio_i_1": 1170, "proceso_1": 0, "fecha_re_1": null, "activo_c_1": "SI", "desactiv_1": 0, "avaluo_r_2": 0.0, "avaluo_r_3": 0.0, "clasific_1": "POR LEGALIZAR", "anio_deu_1": 0, "deuda_1": 0.0, "valor_ip_1": 0.0, "coactiva_1": null, "fichareg_1": 92728, "etam_1": 0.0912642797, "diferenc_1": -0.0035356951, "porc_dif_1": -2.94494e-05, "admisibl_1": "VERDADERO", "deuda_an_1": 0.0, "RESOLUCION": "654-13-08-2026" }, "geometry": { "type": "MultiPolygon", "coordinates": [ [ [ [ -80.737931127466993, -0.996548797062975 ], [ -80.738008740241554, -0.996442727868502 ], [ -80.737951449120047, -0.996396003103889 ], [ -80.73787288487388, -0.996503336282361 ], [ -80.737931127466993, -0.996548797062975 ] ] ] ] } },
{ "type": "Feature", "properties": { "id": 97907, "lote_id": 104536, "clavecatas": "3-45-36-12-000", "zona": "3", "sector": "45", "manzana": "36", "lote": "12", "ph": "000", "propietari": "GOBIERNO AUTONOMO DESCENTRALIZADO MUNICIPAL DEL CANTON MANTA .", "documentop": "1360000980001", "direccion": "BARRIO LA REVANCHA MZ R36 - LOTE 12", "area_m2": 107.45, "frente_uti": 7.12, "frente_tot": 7.12, "avaluo_con": 16134.6, "avaluo_sue": 2149.0, "zonaurbano": "URBANA", "parroquia": "MANTA", "esta_bloqu": "NO", "es_tercera": "NO", "tiene_elec": "SI", "tiene_agua": "NO", "tiene_alca": "NO", "observacio": "SE CREA EL PRESENTE CÓDIGO CATASTRAL POR PROCESO DE LEGALIZACIÓN DE BIENES MOSTRENCOS.SE ACTUALIZA ESCRITURA DE COMPRA VENTA INSCRITA EN EL REGISTRO DE LA PROPIEDAD 17/08/2026 AZP.", "observac_1": null, "barrio": "LA REVANCHA", "parroquia_": 1, "barrio_id": 1170, "proceso": 0, "fecha_regi": null, "activo_cat": "SI", "desactivad": 0, "avaluo_rem": 0.0, "avaluo_r_1": 0.0, "clasificac": "POR LEGALIZAR", "anio_deuda": 0, "deuda": 0.0, "valor_ip": 0.0, "coactiva": null, "ficharegis": 92732, "etam": 0.0964710022, "diferencia": 0.0040877919, "porc_difer": 3.80437e-05, "admisible": 1, "deuda_anio": 0.0, "id_1": 97907, "lote_id_1": 104536, "clavecat_1": "3-45-36-12-000", "Clave_Ok": "3-45-36-12-000", "zona_1": 3, "sector_1": 45, "manzana_1": 36, "lote_1": 12, "ph_1": 0, "propieta_1": "GOBIERNO AUTONOMO DESCENTRALIZADO MUNICIPAL DEL CANTON MANTA .", "document_1": 1360000980000.0, "direccio_1": "BARRIO LA REVANCHA MZ R36 - LOTE 12", "area_m2_1": 107.45, "frente_u_1": 7.12, "frente_t_1": 7.12, "avaluo_c_1": 16134.6, "avaluo_s_1": 2149.0, "zonaurba_1": "URBANA", "parroqui_1": "MANTA", "esta_blo_1": "NO", "es_terce_1": "NO", "tiene_el_1": "SI", "tiene_ag_1": "NO", "tiene_al_1": "NO", "observac_2": "SE CREA EL PRESENTE C?ôDIGO CATASTRAL POR PROCESO DE LEGALIZACI?ôN DE BIENES MOSTRENCOS.SE ACTUALIZA ESCRITURA DE COMPRA VENTA INSCRITA EN EL REGISTRO DE LA PROPIEDAD 17/08/2026 AZP.", "observac_3": null, "barrio_1": "LA REVANCHA", "parroquia1": 1, "barrio_i_1": 1170, "proceso_1": 0, "fecha_re_1": null, "activo_c_1": "SI", "desactiv_1": 0, "avaluo_r_2": 0.0, "avaluo_r_3": 0.0, "clasific_1": "POR LEGALIZAR", "anio_deu_1": 0, "deuda_1": 0.0, "valor_ip_1": 0.0, "coactiva_1": null, "fichareg_1": 92732, "etam_1": 0.0964710022, "diferenc_1": 0.0040877919, "porc_dif_1": 3.80437e-05, "admisibl_1": "VERDADERO", "deuda_an_1": 0.0, "RESOLUCION": "654-13-08-2026" }, "geometry": { "type": "MultiPolygon", "coordinates": [ [ [ [ -80.740430120853006, -0.998099561586107 ], [ -80.740390607474481, -0.998043701620337 ], [ -80.740306502942957, -0.998153563114654 ], [ -80.740345071899355, -0.99820495000584 ], [ -80.740421584670713, -0.998110139197776 ], [ -80.740430120853006, -0.998099561586107 ] ] ] ] } },
{ "type": "Feature", "properties": { "id": 97994, "lote_id": 110362, "clavecatas": "3-45-49-01-000", "zona": "3", "sector": "45", "manzana": "49", "lote": "01", "ph": "000", "propietari": "GOBIERNO AUTONOMO DESCENTRALIZADO  MUNICIPAL MANTA .", "documentop": "1360000980001", "direccion": "BARRIO LA REVANCHA, MANZANA R-49 LOTE 01", "area_m2": 191.07, "frente_uti": 15.4, "frente_tot": 29.9, "avaluo_con": 12696.0, "avaluo_sue": 3611.22, "zonaurbano": "URBANA", "parroquia": "MANTA", "esta_bloqu": "NO", "es_tercera": "NO", "tiene_elec": "NO", "tiene_agua": "NO", "tiene_alca": "NO", "observacio": "SE ACTUALIZA ESCRITURA DE COMPRA VENTA INSCRITA EN EL REGISTRO DE LA PROPIEDAD 17/08/2026 AZP.", "observac_1": null, "barrio": "LA REVANCHA", "parroquia_": 1, "barrio_id": 1170, "proceso": 0, "fecha_regi": null, "activo_cat": "SI", "desactivad": 0, "avaluo_rem": 0.0, "avaluo_r_1": 0.0, "clasificac": "POR LEGALIZAR", "anio_deuda": 0, "deuda": 0.0, "valor_ip": 0.0, "coactiva": null, "ficharegis": 92733, "etam": 0.072344205, "diferencia": 0.0183577881, "porc_difer": 9.60789e-05, "admisible": 1, "deuda_anio": 0.0, "id_1": 97994, "lote_id_1": 110362, "clavecat_1": "3-45-49-01-000", "Clave_Ok": "3-45-49-01-000", "zona_1": 3, "sector_1": 45, "manzana_1": 49, "lote_1": 1, "ph_1": 0, "propieta_1": "GOBIERNO AUTONOMO DESCENTRALIZADO  MUNICIPAL MANTA .", "document_1": 1360000980000.0, "direccio_1": "BARRIO LA REVANCHA, MANZANA R-49 LOTE 01", "area_m2_1": 191.07, "frente_u_1": 15.4, "frente_t_1": 29.9, "avaluo_c_1": 12696.0, "avaluo_s_1": 3611.22, "zonaurba_1": "URBANA", "parroqui_1": "MANTA", "esta_blo_1": "NO", "es_terce_1": "NO", "tiene_el_1": "NO", "tiene_ag_1": "NO", "tiene_al_1": "NO", "observac_2": "SE ACTUALIZA ESCRITURA DE COMPRA VENTA INSCRITA EN EL REGISTRO DE LA PROPIEDAD 17/08/2026 AZP.", "observac_3": null, "barrio_1": "LA REVANCHA", "parroquia1": 1, "barrio_i_1": 1170, "proceso_1": 0, "fecha_re_1": null, "activo_c_1": "SI", "desactiv_1": 0, "avaluo_r_2": 0.0, "avaluo_r_3": 0.0, "clasific_1": "POR LEGALIZAR", "anio_deu_1": 0, "deuda_1": 0.0, "valor_ip_1": 0.0, "coactiva_1": null, "fichareg_1": 92733, "etam_1": 0.072344205, "diferenc_1": 0.0183577881, "porc_dif_1": 9.60789e-05, "admisibl_1": "VERDADERO", "deuda_an_1": 0.0, "RESOLUCION": "654-13-08-2026" }, "geometry": { "type": "MultiPolygon", "coordinates": [ [ [ [ -80.741768694292233, -0.996839464855194 ], [ -80.741687711689806, -0.99673668118022 ], [ -80.741610726721916, -0.996852469582852 ], [ -80.741690139681765, -0.996914741009868 ], [ -80.741711394025714, -0.996931442798273 ], [ -80.741768694292233, -0.996839464855194 ] ] ] ] } },
{ "type": "Feature", "properties": { "id": 98214, "lote_id": 103989, "clavecatas": "3-45-87-01-000", "zona": "3", "sector": "45", "manzana": "87", "lote": "01", "ph": "000", "propietari": "GOBIERNO AUTONOMO DESCENTRALIZADO  MUNICIPAL MANTA .", "documentop": "1360000980001", "direccion": "MZ R 87-LT 01, BARRIO LA REVANCHA", "area_m2": 270.02, "frente_uti": 16.2, "frente_tot": 30.41, "avaluo_con": 339.11, "avaluo_sue": 4593.04, "zonaurbano": "URBANA", "parroquia": "MANTA", "esta_bloqu": "NO", "es_tercera": "NO", "tiene_elec": "SI", "tiene_agua": "NO", "tiene_alca": "NO", "observacio": "SE CREA EL PRESENTE CODIGO CATASTRAL POR PROCESO DE LEGALIZACIÓN DE BIENES MOSTRENCOS.SE ACTUALIZA ESCRITURA DE COMPRA VENTA INSCRITA EN EL REGISTRO DE LA PROPIEDAD 17/08/2026 AZP.", "observac_1": null, "barrio": "LA REVANCHA", "parroquia_": 1, "barrio_id": 1170, "proceso": 0, "fecha_regi": null, "activo_cat": "SI", "desactivad": 0, "avaluo_rem": 0.0, "avaluo_r_1": 0.0, "clasificac": "POR LEGALIZAR", "anio_deuda": 0, "deuda": 0.0, "valor_ip": 0.0, "coactiva": null, "ficharegis": 92734, "etam": 0.1217116161, "diferencia": 0.0049611768, "porc_difer": 1.83734e-05, "admisible": 1, "deuda_anio": 0.0, "id_1": 98214, "lote_id_1": 103989, "clavecat_1": "3-45-87-01-000", "Clave_Ok": "3-45-87-01-000", "zona_1": 3, "sector_1": 45, "manzana_1": 87, "lote_1": 1, "ph_1": 0, "propieta_1": "GOBIERNO AUTONOMO DESCENTRALIZADO  MUNICIPAL MANTA .", "document_1": 1360000980000.0, "direccio_1": "MZ R 87-LT 01, BARRIO LA REVANCHA", "area_m2_1": 270.02, "frente_u_1": 16.2, "frente_t_1": 30.41, "avaluo_c_1": 339.11, "avaluo_s_1": 4593.04, "zonaurba_1": "URBANA", "parroqui_1": "MANTA", "esta_blo_1": "NO", "es_terce_1": "NO", "tiene_el_1": "SI", "tiene_ag_1": "NO", "tiene_al_1": "NO", "observac_2": "SE CREA EL PRESENTE CODIGO CATASTRAL POR PROCESO DE LEGALIZACI?ôN DE BIENES MOSTRENCOS.SE ACTUALIZA ESCRITURA DE COMPRA VENTA INSCRITA EN EL REGISTRO DE LA PROPIEDAD 17/08/2026 AZP.", "observac_3": null, "barrio_1": "LA REVANCHA", "parroquia1": 1, "barrio_i_1": 1170, "proceso_1": 0, "fecha_re_1": null, "activo_c_1": "SI", "desactiv_1": 0, "avaluo_r_2": 0.0, "avaluo_r_3": 0.0, "clasific_1": "POR LEGALIZAR", "anio_deu_1": 0, "deuda_1": 0.0, "valor_ip_1": 0.0, "coactiva_1": null, "fichareg_1": 92734, "etam_1": 0.1217116161, "diferenc_1": 0.0049611768, "porc_dif_1": 1.83734e-05, "admisibl_1": "VERDADERO", "deuda_an_1": 0.0, "RESOLUCION": "654-13-08-2026" }, "geometry": { "type": "MultiPolygon", "coordinates": [ [ [ [ -80.741102406759978, -1.002051384468391 ], [ -80.741172020809415, -1.002160490162339 ], [ -80.741210492853995, -1.002220787170702 ], [ -80.74131754558266, -1.002138295028669 ], [ -80.741227146250253, -1.002023398698705 ], [ -80.741102406759978, -1.002051384468391 ] ] ] ] } },
{ "type": "Feature", "properties": { "id": 97570, "lote_id": 104065, "clavecatas": "3-45-110-06-000", "zona": "3", "sector": "45", "manzana": "110", "lote": "06", "ph": "000", "propietari": "GOBIERNO AUTONOMO DESCENTRALIZADO  MUNICIPAL MANTA .", "documentop": "1360000980001", "direccion": "MZ R 110-LT 06, BARRIO LA REVANCHA", "area_m2": 362.78, "frente_uti": 24.56, "frente_tot": 24.56, "avaluo_con": 4080.0, "avaluo_sue": 6530.04, "zonaurbano": "URBANA", "parroquia": "MANTA", "esta_bloqu": "NO", "es_tercera": "NO", "tiene_elec": "SI", "tiene_agua": "NO", "tiene_alca": "NO", "observacio": "SE CREA EL PRESENTE CODIGO CATASTRAL POR PROCESO DE LEGALIZACIÓN DE BIENES MOSTRENCOS.SE ACTUALIZA ESCRITURA DE COMPRA VENTA INSCRITA EN EL REGISTRO DE LA PROPIEDAD 17/08/2026 AZP.", "observac_1": null, "barrio": "LA REVANCHA", "parroquia_": 1, "barrio_id": 1170, "proceso": 0, "fecha_regi": null, "activo_cat": "SI", "desactivad": 0, "avaluo_rem": 0.0, "avaluo_r_1": 0.0, "clasificac": "POR LEGALIZAR", "anio_deuda": 0, "deuda": 0.0, "valor_ip": 0.0, "coactiva": null, "ficharegis": 92735, "etam": 0.1575069009, "diferencia": 0.0031512261, "porc_difer": 8.6863e-06, "admisible": 1, "deuda_anio": 0.0, "id_1": 97570, "lote_id_1": 104065, "clavecat_1": "3-45-110-06-000", "Clave_Ok": "3-45-110-06-000", "zona_1": 3, "sector_1": 45, "manzana_1": 110, "lote_1": 6, "ph_1": 0, "propieta_1": "GOBIERNO AUTONOMO DESCENTRALIZADO  MUNICIPAL MANTA .", "document_1": 1360000980000.0, "direccio_1": "MZ R 110-LT 06, BARRIO LA REVANCHA", "area_m2_1": 362.78, "frente_u_1": 24.56, "frente_t_1": 24.56, "avaluo_c_1": 4080.0, "avaluo_s_1": 6530.04, "zonaurba_1": "URBANA", "parroqui_1": "MANTA", "esta_blo_1": "NO", "es_terce_1": "NO", "tiene_el_1": "SI", "tiene_ag_1": "NO", "tiene_al_1": "NO", "observac_2": "SE CREA EL PRESENTE CODIGO CATASTRAL POR PROCESO DE LEGALIZACI?ôN DE BIENES MOSTRENCOS.SE ACTUALIZA ESCRITURA DE COMPRA VENTA INSCRITA EN EL REGISTRO DE LA PROPIEDAD 17/08/2026 AZP.", "observac_3": null, "barrio_1": "LA REVANCHA", "parroquia1": 1, "barrio_i_1": 1170, "proceso_1": 0, "fecha_re_1": null, "activo_c_1": "SI", "desactiv_1": 0, "avaluo_r_2": 0.0, "avaluo_r_3": 0.0, "clasific_1": "POR LEGALIZAR", "anio_deu_1": 0, "deuda_1": 0.0, "valor_ip_1": 0.0, "coactiva_1": null, "fichareg_1": 92735, "etam_1": 0.1575069009, "diferenc_1": 0.0031512261, "porc_dif_1": 8.6863e-06, "admisibl_1": "VERDADERO", "deuda_an_1": 0.0, "RESOLUCION": "654-13-08-2026" }, "geometry": { "type": "MultiPolygon", "coordinates": [ [ [ [ -80.736777880620323, -1.003278754931708 ], [ -80.736895100958108, -1.003467085246455 ], [ -80.737002202144737, -1.003390922479636 ], [ -80.736888526446151, -1.003200785288608 ], [ -80.736777880620323, -1.003278754931708 ] ] ] ] } },
{ "type": "Feature", "properties": { "id": 97606, "lote_id": 104117, "clavecatas": "3-45-118-03-000", "zona": "3", "sector": "45", "manzana": "118", "lote": "03", "ph": "000", "propietari": "GOBIERNO AUTONOMO DESCENTRALIZADO  MUNICIPAL MANTA .", "documentop": "1360000980001", "direccion": "MZ R 118-LT 03, BARRIO LA REVANCHA", "area_m2": 124.35, "frente_uti": 7.8, "frente_tot": 7.8, "avaluo_con": 7884.0, "avaluo_sue": 2238.3, "zonaurbano": "URBANA", "parroquia": "MANTA", "esta_bloqu": "NO", "es_tercera": "NO", "tiene_elec": "SI", "tiene_agua": "NO", "tiene_alca": "NO", "observacio": "SE CREA EL PRESENTE CODIGO CATASTRAL POR PROCESO DE LEGALIZACIÓN DE BIENES MOSTRENCOS. SE ACTUALIZA ESCRITURA DE COMPRA VENTA INSCRITA EN EL REGISTRO DE LA PROPIEDAD 17/08/2026 AZP.\r\n", "observac_1": null, "barrio": "LA REVANCHA", "parroquia_": 1, "barrio_id": 1170, "proceso": 0, "fecha_regi": null, "activo_cat": "SI", "desactivad": 0, "avaluo_rem": 0.0, "avaluo_r_1": 0.0, "clasificac": "POR LEGALIZAR", "anio_deuda": 0, "deuda": 0.0, "valor_ip": 0.0, "coactiva": null, "ficharegis": 92736, "etam": 0.0896761811, "diferencia": -0.0026793222, "porc_difer": -2.15466e-05, "admisible": 1, "deuda_anio": 0.0, "id_1": 97606, "lote_id_1": 104117, "clavecat_1": "3-45-118-03-000", "Clave_Ok": "3-45-118-03-000", "zona_1": 3, "sector_1": 45, "manzana_1": 118, "lote_1": 3, "ph_1": 0, "propieta_1": "GOBIERNO AUTONOMO DESCENTRALIZADO  MUNICIPAL MANTA .", "document_1": 1360000980000.0, "direccio_1": "MZ R 118-LT 03, BARRIO LA REVANCHA", "area_m2_1": 124.35, "frente_u_1": 7.8, "frente_t_1": 7.8, "avaluo_c_1": 7884.0, "avaluo_s_1": 2238.3, "zonaurba_1": "URBANA", "parroqui_1": "MANTA", "esta_blo_1": "NO", "es_terce_1": "NO", "tiene_el_1": "SI", "tiene_ag_1": "NO", "tiene_al_1": "NO", "observac_2": "SE CREA EL PRESENTE CODIGO CATASTRAL POR PROCESO DE LEGALIZACI?ôN DE BIENES MOSTRENCOS. SE ACTUALIZA ESCRITURA DE COMPRA VENTA INSCRITA EN EL REGISTRO DE LA PROPIEDAD 17/08/2026 AZP.\n", "observac_3": null, "barrio_1": "LA REVANCHA", "parroquia1": 1, "barrio_i_1": 1170, "proceso_1": 0, "fecha_re_1": null, "activo_c_1": "SI", "desactiv_1": 0, "avaluo_r_2": 0.0, "avaluo_r_3": 0.0, "clasific_1": "POR LEGALIZAR", "anio_deu_1": 0, "deuda_1": 0.0, "valor_ip_1": 0.0, "coactiva_1": null, "fichareg_1": 92736, "etam_1": 0.0896761811, "diferenc_1": -0.0026793222, "porc_dif_1": -2.15466e-05, "admisibl_1": "VERDADERO", "deuda_an_1": 0.0, "RESOLUCION": "654-13-08-2026" }, "geometry": { "type": "MultiPolygon", "coordinates": [ [ [ [ -80.737016567350807, -1.002003733639849 ], [ -80.737016567350821, -1.002003733639849 ], [ -80.737129082355693, -1.00192254574193 ], [ -80.737094087359694, -1.001861398162812 ], [ -80.736978534064576, -1.001938084480227 ], [ -80.737016567350807, -1.002003733639849 ] ] ] ] } },
{ "type": "Feature", "properties": { "id": 97645, "lote_id": 104233, "clavecatas": "3-45-122-03-000", "zona": "3", "sector": "45", "manzana": "122", "lote": "03", "ph": "000", "propietari": "GOBIERNO AUTONOMO DESCENTRALIZADO  MUNICIPAL MANTA .", "documentop": "1360000980001", "direccion": "MZ R 122-LT 03, BARRIO LA REVANCHA", "area_m2": 259.45, "frente_uti": 17.95, "frente_tot": 17.95, "avaluo_con": 413.1, "avaluo_sue": 4623.4, "zonaurbano": "URBANA", "parroquia": "MANTA", "esta_bloqu": "NO", "es_tercera": "NO", "tiene_elec": "SI", "tiene_agua": "NO", "tiene_alca": "NO", "observacio": "SE CREA EL PRESENTE CODIGO CATASTRAL POR PROCESO DE LEGALIZACIÓN DE BIENES MOSTRENCOS. SE ACTUALIZA ESCRITURA DE COMPRA VENTA INSCRITA EN EL REGISTRO DE LA PROPIEDAD 17/08/2026 AZP.\r\n", "observac_1": null, "barrio": "LA REVANCHA", "parroquia_": 1, "barrio_id": 1170, "proceso": 0, "fecha_regi": null, "activo_cat": "SI", "desactivad": 0, "avaluo_rem": 0.0, "avaluo_r_1": 0.0, "clasificac": "POR LEGALIZAR", "anio_deuda": 0, "deuda": 0.0, "valor_ip": 0.0, "coactiva": null, "ficharegis": 92737, "etam": 0.1241661337, "diferencia": -0.006504205, "porc_difer": -2.50692e-05, "admisible": 1, "deuda_anio": 0.0, "id_1": 97645, "lote_id_1": 104233, "clavecat_1": "3-45-122-03-000", "Clave_Ok": "3-45-122-03-000", "zona_1": 3, "sector_1": 45, "manzana_1": 122, "lote_1": 3, "ph_1": 0, "propieta_1": "GOBIERNO AUTONOMO DESCENTRALIZADO  MUNICIPAL MANTA .", "document_1": 1360000980000.0, "direccio_1": "MZ R 122-LT 03, BARRIO LA REVANCHA", "area_m2_1": 259.45, "frente_u_1": 17.95, "frente_t_1": 17.95, "avaluo_c_1": 413.1, "avaluo_s_1": 4623.4, "zonaurba_1": "URBANA", "parroqui_1": "MANTA", "esta_blo_1": "NO", "es_terce_1": "NO", "tiene_el_1": "SI", "tiene_ag_1": "NO", "tiene_al_1": "NO", "observac_2": "SE CREA EL PRESENTE CODIGO CATASTRAL POR PROCESO DE LEGALIZACI?ôN DE BIENES MOSTRENCOS. SE ACTUALIZA ESCRITURA DE COMPRA VENTA INSCRITA EN EL REGISTRO DE LA PROPIEDAD 17/08/2026 AZP.\n", "observac_3": null, "barrio_1": "LA REVANCHA", "parroquia1": 1, "barrio_i_1": 1170, "proceso_1": 0, "fecha_re_1": null, "activo_c_1": "SI", "desactiv_1": 0, "avaluo_r_2": 0.0, "avaluo_r_3": 0.0, "clasific_1": "POR LEGALIZAR", "anio_deu_1": 0, "deuda_1": 0.0, "valor_ip_1": 0.0, "coactiva_1": null, "fichareg_1": 92737, "etam_1": 0.1241661337, "diferenc_1": -0.006504205, "porc_dif_1": -2.50692e-05, "admisibl_1": "VERDADERO", "deuda_an_1": 0.0, "RESOLUCION": "654-13-08-2026" }, "geometry": { "type": "MultiPolygon", "coordinates": [ [ [ [ -80.738422765474212, -1.001256894944853 ], [ -80.73821411636105, -1.001434252623979 ], [ -80.738244168578007, -1.001509336799831 ], [ -80.738348245150476, -1.001421261018397 ], [ -80.73845344121986, -1.001332237842629 ], [ -80.738422765474212, -1.001256894944853 ] ] ] ] } },
{ "type": "Feature", "properties": { "id": 98699, "lote_id": 110478, "clavecatas": "4-03-02-05-000", "zona": "4", "sector": "03", "manzana": "02", "lote": "05", "ph": "000", "propietari": "GOBIERNO AUTONOMO DESCENTRALIZADO  MUNICIPAL MANTA .", "documentop": "1360000980001", "direccion": "BARRIO 10 DE AGOSTO DE LA PARROQUIA RURAL SANTA MARIANITA LOTE 8 DE LA MANZANA 1", "area_m2": 101.54, "frente_uti": 1.31, "frente_tot": 10.21, "avaluo_con": 7200.0, "avaluo_sue": 2664.82, "zonaurbano": "NÚCLEOS URBANOS EN ZONA RURAL", "parroquia": "SANTA MARIANITA", "esta_bloqu": "NO", "es_tercera": "NO", "tiene_elec": "SI", "tiene_agua": "SI", "tiene_alca": "NO", "observacio": "SE CREA EL PRESENTE CÓDIGO CATASTRAL POR PROCESO DE LEGALIZACIÓN DE BIENES MOSTRENCO - RESP. TÉCNICO M.N. -12/06/2026", "observac_1": null, "barrio": "SIN ESPECIFICAR - SANTA MARIANITA", "parroquia_": 8, "barrio_id": 1151, "proceso": 0, "fecha_regi": null, "activo_cat": "SI", "desactivad": 0, "avaluo_rem": 0.0, "avaluo_r_1": 0.0, "clasificac": "POR LEGALIZAR", "anio_deuda": 0, "deuda": 0.0, "valor_ip": 0.0, "coactiva": null, "ficharegis": 0, "etam": 0.0992387809, "diferencia": -0.0012847184, "porc_difer": -1.26523e-05, "admisible": 1, "deuda_anio": 0.0, "id_1": 98699, "lote_id_1": 110478, "clavecat_1": "4-03-02-05-000", "Clave_Ok": "4-03-02-05-000", "zona_1": 4, "sector_1": 3, "manzana_1": 2, "lote_1": 5, "ph_1": 0, "propieta_1": "GOBIERNO AUTONOMO DESCENTRALIZADO  MUNICIPAL MANTA .", "document_1": 1360000980000.0, "direccio_1": "BARRIO 10 DE AGOSTO DE LA PARROQUIA RURAL SANTA MARIANITA LOTE 8 DE LA MANZANA 1", "area_m2_1": 101.54, "frente_u_1": 1.31, "frente_t_1": 10.21, "avaluo_c_1": 7200.0, "avaluo_s_1": 2664.82, "zonaurba_1": "N?ÜCLEOS URBANOS EN ZONA RURAL", "parroqui_1": "SANTA MARIANITA", "esta_blo_1": "NO", "es_terce_1": "NO", "tiene_el_1": "SI", "tiene_ag_1": "SI", "tiene_al_1": "NO", "observac_2": "SE CREA EL PRESENTE C?ôDIGO CATASTRAL POR PROCESO DE LEGALIZACI?ôN DE BIENES MOSTRENCO - RESP. T?ëCNICO M.N. -12/06/2026", "observac_3": null, "barrio_1": "SIN ESPECIFICAR - SANTA MARIANITA", "parroquia1": 8, "barrio_i_1": 1151, "proceso_1": 0, "fecha_re_1": null, "activo_c_1": "SI", "desactiv_1": 0, "avaluo_r_2": 0.0, "avaluo_r_3": 0.0, "clasific_1": "POR LEGALIZAR", "anio_deu_1": 0, "deuda_1": 0.0, "valor_ip_1": 0.0, "coactiva_1": null, "fichareg_1": 0, "etam_1": 0.0992387809, "diferenc_1": -0.0012847184, "porc_dif_1": -1.26523e-05, "admisibl_1": "VERDADERO", "deuda_an_1": 0.0, "RESOLUCION": "660-20-08-2026" }, "geometry": { "type": "MultiPolygon", "coordinates": [ [ [ [ -80.846743182037514, -0.989820349714967 ], [ -80.846740478186547, -0.98980881794242 ], [ -80.846734490891734, -0.989783282465918 ], [ -80.846608658230039, -0.989783276610717 ], [ -80.846630490179436, -0.98982073264472 ], [ -80.846640055905112, -0.989823248455833 ], [ -80.846640054907681, -0.989844961865316 ], [ -80.846719948427236, -0.989875291252179 ], [ -80.846743182037514, -0.989820349714967 ] ] ] ] } },
{ "type": "Feature", "properties": { "id": 98700, "lote_id": 110532, "clavecatas": "4-03-02-06-000", "zona": "4", "sector": "03", "manzana": "02", "lote": "06", "ph": "000", "propietari": null, "documentop": null, "direccion": "BARRIO 10 DE AGOSTO DE LA PARROQUIA RURAL SANTA MARIANITA LOTE 7 DE LA MANZANA 2", "area_m2": 62.85, "frente_uti": 18.54, "frente_tot": 18.54, "avaluo_con": 0.0, "avaluo_sue": 10684.5, "zonaurbano": "NÚCLEOS URBANOS EN ZONA RURAL", "parroquia": "SANTA MARIANITA", "esta_bloqu": "NO", "es_tercera": "NO", "tiene_elec": "SI", "tiene_agua": "NO", "tiene_alca": "NO", "observacio": "SE CREA EL PRESENTE CÓDIGO CATASTRAL POR PROCESO DE LEGALIZACIÓN DE BIENES MOSTRENCO - RESP. TÉCNICO M.N. -15/06/2026", "observac_1": null, "barrio": "SIN ESPECIFICAR - SANTA MARIANITA", "parroquia_": 8, "barrio_id": 1151, "proceso": 0, "fecha_regi": null, "activo_cat": "SI", "desactivad": 0, "avaluo_rem": 0.0, "avaluo_r_1": 0.0, "clasificac": "POR LEGALIZAR", "anio_deuda": 0, "deuda": 0.0, "valor_ip": 0.0, "coactiva": null, "ficharegis": 0, "etam": 0.1, "diferencia": 1.1930438958, "porc_difer": 0.0189824009, "admisible": 1, "deuda_anio": 0.0, "id_1": 98700, "lote_id_1": 110532, "clavecat_1": "4-03-02-06-000", "Clave_Ok": "4-03-02-06-000", "zona_1": 4, "sector_1": 3, "manzana_1": 2, "lote_1": 6, "ph_1": 0, "propieta_1": null, "document_1": 0.0, "direccio_1": "BARRIO 10 DE AGOSTO DE LA PARROQUIA RURAL SANTA MARIANITA LOTE 7 DE LA MANZANA 2", "area_m2_1": 62.85, "frente_u_1": 18.54, "frente_t_1": 18.54, "avaluo_c_1": 0.0, "avaluo_s_1": 10684.5, "zonaurba_1": "N?ÜCLEOS URBANOS EN ZONA RURAL", "parroqui_1": "SANTA MARIANITA", "esta_blo_1": "NO", "es_terce_1": "NO", "tiene_el_1": "SI", "tiene_ag_1": "NO", "tiene_al_1": "NO", "observac_2": "SE CREA EL PRESENTE C?ôDIGO CATASTRAL POR PROCESO DE LEGALIZACI?ôN DE BIENES MOSTRENCO - RESP. T?ëCNICO M.N. -15/06/2026", "observac_3": null, "barrio_1": "SIN ESPECIFICAR - SANTA MARIANITA", "parroquia1": 8, "barrio_i_1": 1151, "proceso_1": 0, "fecha_re_1": null, "activo_c_1": "SI", "desactiv_1": 0, "avaluo_r_2": 0.0, "avaluo_r_3": 0.0, "clasific_1": "POR LEGALIZAR", "anio_deu_1": 0, "deuda_1": 0.0, "valor_ip_1": 0.0, "coactiva_1": null, "fichareg_1": 0, "etam_1": 0.1, "diferenc_1": 1.1930438958, "porc_dif_1": 0.0189824009, "admisibl_1": "VERDADERO", "deuda_an_1": 0.0, "RESOLUCION": "659-20-08-2026" }, "geometry": { "type": "MultiPolygon", "coordinates": [ [ [ [ -80.84679121492313, -0.989796764472528 ], [ -80.846768194805662, -0.989698584968202 ], [ -80.846717458070586, -0.989710638437985 ], [ -80.846740478186547, -0.98980881794242 ], [ -80.846749881799425, -0.989806683280284 ], [ -80.846757467273093, -0.989788884562896 ], [ -80.846781081691717, -0.989799298697748 ], [ -80.84679121492313, -0.989796764472528 ] ] ] ] } },
{ "type": "Feature", "properties": { "id": 98701, "lote_id": 110533, "clavecatas": "4-03-02-07-000", "zona": "4", "sector": "03", "manzana": "02", "lote": "07", "ph": "000", "propietari": null, "documentop": null, "direccion": "BARRIO 10 DE AGOSTO DE LA PARROQUIA RURAL SANTA MARIANITA LOTE 6 DE LA MANZANA 2", "area_m2": 31.22, "frente_uti": 2.8, "frente_tot": 2.8, "avaluo_con": 0.0, "avaluo_sue": 5307.4, "zonaurbano": "NÚCLEOS URBANOS EN ZONA RURAL", "parroquia": "SANTA MARIANITA", "esta_bloqu": "NO", "es_tercera": "NO", "tiene_elec": "SI", "tiene_agua": "NO", "tiene_alca": "NO", "observacio": "SE CREA EL PRESENTE CÓDIGO CATASTRAL POR PROCESO DE LEGALIZACIÓN DE BIENES MOSTRENCO - RESP. TÉCNICO M.N. -15/06/2026", "observac_1": null, "barrio": "SIN ESPECIFICAR - SANTA MARIANITA", "parroquia_": 8, "barrio_id": 1151, "proceso": 0, "fecha_regi": null, "activo_cat": "SI", "desactivad": 0, "avaluo_rem": 0.0, "avaluo_r_1": 0.0, "clasificac": "POR LEGALIZAR", "anio_deuda": 0, "deuda": 0.0, "valor_ip": 0.0, "coactiva": null, "ficharegis": 0, "etam": 0.1, "diferencia": -2.3e-09, "porc_difer": -1e-10, "admisible": 1, "deuda_anio": 0.0, "id_1": 98701, "lote_id_1": 110533, "clavecat_1": "4-03-02-07-000", "Clave_Ok": "4-03-02-07-000", "zona_1": 4, "sector_1": 3, "manzana_1": 2, "lote_1": 7, "ph_1": 0, "propieta_1": null, "document_1": 0.0, "direccio_1": "BARRIO 10 DE AGOSTO DE LA PARROQUIA RURAL SANTA MARIANITA LOTE 6 DE LA MANZANA 2", "area_m2_1": 31.22, "frente_u_1": 2.8, "frente_t_1": 2.8, "avaluo_c_1": 0.0, "avaluo_s_1": 5307.4, "zonaurba_1": "N?ÜCLEOS URBANOS EN ZONA RURAL", "parroqui_1": "SANTA MARIANITA", "esta_blo_1": "NO", "es_terce_1": "NO", "tiene_el_1": "SI", "tiene_ag_1": "NO", "tiene_al_1": "NO", "observac_2": "SE CREA EL PRESENTE C?ôDIGO CATASTRAL POR PROCESO DE LEGALIZACI?ôN DE BIENES MOSTRENCO - RESP. T?ëCNICO M.N. -15/06/2026", "observac_3": null, "barrio_1": "SIN ESPECIFICAR - SANTA MARIANITA", "parroquia1": 8, "barrio_i_1": 1151, "proceso_1": 0, "fecha_re_1": null, "activo_c_1": "SI", "desactiv_1": 0, "avaluo_r_2": 0.0, "avaluo_r_3": 0.0, "clasific_1": "POR LEGALIZAR", "anio_deu_1": 0, "deuda_1": 0.0, "valor_ip_1": 0.0, "coactiva_1": null, "fichareg_1": 0, "etam_1": 0.1, "diferenc_1": -2.3e-09, "porc_dif_1": -1e-10, "admisibl_1": "VERDADERO", "deuda_an_1": 0.0, "RESOLUCION": "659-20-08-2026" }, "geometry": { "type": "MultiPolygon", "coordinates": [ [ [ [ -80.846815708519998, -0.989790945555674 ], [ -80.846792688401791, -0.98969276605146 ], [ -80.846768194805662, -0.989698584968202 ], [ -80.84679121492313, -0.989796764472528 ], [ -80.846815708519998, -0.989790945555674 ] ] ] ] } },
{ "type": "Feature", "properties": { "id": 98735, "lote_id": 110531, "clavecatas": "4-03-05-72-000", "zona": "4", "sector": "03", "manzana": "05", "lote": "72", "ph": "000", "propietari": null, "documentop": null, "direccion": "BARRIO 10 DE AGOSTO DE LA PARROQUIA RURAL SANTA MARIANITA LOTE 12 DE LA MANZANA 05", "area_m2": 80.78, "frente_uti": 8.6, "frente_tot": 8.6, "avaluo_con": 0.0, "avaluo_sue": 121.17, "zonaurbano": "NÚCLEOS URBANOS EN ZONA RURAL", "parroquia": "SANTA MARIANITA", "esta_bloqu": "NO", "es_tercera": "NO", "tiene_elec": "SI", "tiene_agua": "NO", "tiene_alca": "NO", "observacio": "SE CREA EL PRESENTE CÓDIGO CATASTRAL POR PROCESO DE LEGALIZACIÓN DE BIENES MOSTRENCO - RESP. TÉCNICO M.N. -15/06/2026", "observac_1": null, "barrio": "SIN ESPECIFICAR - SANTA MARIANITA", "parroquia_": 8, "barrio_id": 1151, "proceso": 0, "fecha_regi": null, "activo_cat": "SI", "desactivad": 0, "avaluo_rem": 0.0, "avaluo_r_1": 0.0, "clasificac": "POR LEGALIZAR", "anio_deuda": 0, "deuda": 0.0, "valor_ip": 0.0, "coactiva": null, "ficharegis": 0, "etam": 0.1, "diferencia": -0.0028686187, "porc_difer": -3.55115e-05, "admisible": 1, "deuda_anio": 0.0, "id_1": 98735, "lote_id_1": 110531, "clavecat_1": "4-03-05-72-000", "Clave_Ok": "4-03-05-72-000", "zona_1": 4, "sector_1": 3, "manzana_1": 5, "lote_1": 72, "ph_1": 0, "propieta_1": null, "document_1": 0.0, "direccio_1": "BARRIO 10 DE AGOSTO DE LA PARROQUIA RURAL SANTA MARIANITA LOTE 12 DE LA MANZANA 05", "area_m2_1": 80.78, "frente_u_1": 8.6, "frente_t_1": 8.6, "avaluo_c_1": 0.0, "avaluo_s_1": 121.17, "zonaurba_1": "N?ÜCLEOS URBANOS EN ZONA RURAL", "parroqui_1": "SANTA MARIANITA", "esta_blo_1": "NO", "es_terce_1": "NO", "tiene_el_1": "SI", "tiene_ag_1": "NO", "tiene_al_1": "NO", "observac_2": "SE CREA EL PRESENTE C?ôDIGO CATASTRAL POR PROCESO DE LEGALIZACI?ôN DE BIENES MOSTRENCO - RESP. T?ëCNICO M.N. -15/06/2026", "observac_3": null, "barrio_1": "SIN ESPECIFICAR - SANTA MARIANITA", "parroquia1": 8, "barrio_i_1": 1151, "proceso_1": 0, "fecha_re_1": null, "activo_c_1": "SI", "desactiv_1": 0, "avaluo_r_2": 0.0, "avaluo_r_3": 0.0, "clasific_1": "POR LEGALIZAR", "anio_deu_1": 0, "deuda_1": 0.0, "valor_ip_1": 0.0, "coactiva_1": null, "fichareg_1": 0, "etam_1": 0.1, "diferenc_1": -0.0028686187, "porc_dif_1": -3.55115e-05, "admisibl_1": "VERDADERO", "deuda_an_1": 0.0, "RESOLUCION": "659-20-08-2026" }, "geometry": { "type": "MultiPolygon", "coordinates": [ [ [ [ -80.846920788467159, -0.990623693750642 ], [ -80.846847368368088, -0.99064802632058 ], [ -80.846875660567449, -0.990727739157006 ], [ -80.846949762710906, -0.990703078903407 ], [ -80.846920788467159, -0.990623693750642 ] ] ] ] } },
{ "type": "Feature", "properties": { "id": 98904, "lote_id": 110479, "clavecatas": "4-03-08-111-000", "zona": "4", "sector": "03", "manzana": "08", "lote": "111", "ph": "000", "propietari": "GOBIERNO AUTONOMO DESCENTRALIZADO  MUNICIPAL MANTA .", "documentop": "1360000980001", "direccion": "BARRIO EL PARAISO DE LA PARROQUIA RURAL SANTA MARIANITA LOTE 5 DE LA MANZANA 1", "area_m2": 117.84, "frente_uti": 1.2, "frente_tot": 10.87, "avaluo_con": 12152.0, "avaluo_sue": 3436.21, "zonaurbano": "NÚCLEOS URBANOS EN ZONA RURAL", "parroquia": "SANTA MARIANITA", "esta_bloqu": "NO", "es_tercera": "NO", "tiene_elec": "SI", "tiene_agua": "SI", "tiene_alca": "NO", "observacio": "SE CREA EL PRESENTE CÓDIGO CATASTRAL POR PROCESO DE LEGALIZACIÓN DE BIENES MOSTRENCO - RESP. TÉCNICO N. A. -12/06/2026", "observac_1": null, "barrio": "SIN ESPECIFICAR - SANTA MARIANITA", "parroquia_": 8, "barrio_id": 1151, "proceso": 0, "fecha_regi": null, "activo_cat": "SI", "desactivad": 0, "avaluo_rem": 0.0, "avaluo_r_1": 0.0, "clasificac": "POR LEGALIZAR", "anio_deuda": 0, "deuda": 0.0, "valor_ip": 0.0, "coactiva": null, "ficharegis": 0, "etam": 0.0921199372, "diferencia": -18.365079296299999, "porc_difer": -0.155847584, "admisible": 0, "deuda_anio": 0.0, "id_1": 98904, "lote_id_1": 110479, "clavecat_1": "4-03-08-111-000", "Clave_Ok": "4-03-08-111-000", "zona_1": 4, "sector_1": 3, "manzana_1": 8, "lote_1": 111, "ph_1": 0, "propieta_1": "GOBIERNO AUTONOMO DESCENTRALIZADO  MUNICIPAL MANTA .", "document_1": 1360000980000.0, "direccio_1": "BARRIO EL PARAISO DE LA PARROQUIA RURAL SANTA MARIANITA LOTE 5 DE LA MANZANA 1", "area_m2_1": 117.84, "frente_u_1": 1.2, "frente_t_1": 10.87, "avaluo_c_1": 12152.0, "avaluo_s_1": 3436.21, "zonaurba_1": "N?ÜCLEOS URBANOS EN ZONA RURAL", "parroqui_1": "SANTA MARIANITA", "esta_blo_1": "NO", "es_terce_1": "NO", "tiene_el_1": "SI", "tiene_ag_1": "SI", "tiene_al_1": "NO", "observac_2": "SE CREA EL PRESENTE C?ôDIGO CATASTRAL POR PROCESO DE LEGALIZACI?ôN DE BIENES MOSTRENCO - RESP. T?ëCNICO N. A. -12/06/2026", "observac_3": null, "barrio_1": "SIN ESPECIFICAR - SANTA MARIANITA", "parroquia1": 8, "barrio_i_1": 1151, "proceso_1": 0, "fecha_re_1": null, "activo_c_1": "SI", "desactiv_1": 0, "avaluo_r_2": 0.0, "avaluo_r_3": 0.0, "clasific_1": "POR LEGALIZAR", "anio_deu_1": 0, "deuda_1": 0.0, "valor_ip_1": 0.0, "coactiva_1": null, "fichareg_1": 0, "etam_1": 0.0921199372, "diferenc_1": -18.365079296299999, "porc_dif_1": -0.155847584, "admisibl_1": "FALSO", "deuda_an_1": 0.0, "RESOLUCION": "660-20-08-2026" }, "geometry": { "type": "MultiPolygon", "coordinates": [ [ [ [ -80.848227779779577, -0.991694162513432 ], [ -80.848224129422846, -0.991683946504716 ], [ -80.84809472763915, -0.991730795107943 ], [ -80.848068304073507, -0.991647494794209 ], [ -80.847980978030265, -0.991672458341117 ], [ -80.847999800912191, -0.991771035844686 ], [ -80.848098377995484, -0.991741011116747 ], [ -80.848227779779577, -0.991694162513432 ] ] ] ] } },
{ "type": "Feature", "properties": { "id": 99049, "lote_id": 70851, "clavecatas": "4-03-10-52-000", "zona": "4", "sector": "03", "manzana": "10", "lote": "52", "ph": "000", "propietari": "GOBIERNO AUTONOMO DESCENTRALIZADO  MUNICIPAL MANTA .", "documentop": "1360000980001", "direccion": "BARRIO EL PESCADOR PARROQUIA STA MARIANITA MZ 01 LT 02", "area_m2": 150.21, "frente_uti": 10.4, "frente_tot": 10.4, "avaluo_con": 35329.39, "avaluo_sue": 2253.15, "zonaurbano": "NÚCLEOS URBANOS EN ZONA RURAL", "parroquia": "SANTA MARIANITA", "esta_bloqu": "NO", "es_tercera": "NO", "tiene_elec": "SI", "tiene_agua": "NO", "tiene_alca": "NO", "observacio": "SE CREA PRESENTE CODIGO CATASTRAL POR PROCESO DE LAGALIZACION DE BIENES MOSTRENCO - RESP. TECNICO NEY. ALBAN. -12/06/2026", "observac_1": null, "barrio": "SIN ESPECIFICAR - SANTA MARIANITA", "parroquia_": 8, "barrio_id": 1151, "proceso": 0, "fecha_regi": null, "activo_cat": "SI", "desactivad": 0, "avaluo_rem": 0.0, "avaluo_r_1": 0.0, "clasificac": "POR LEGALIZAR", "anio_deuda": 2010, "deuda": 234.59, "valor_ip": 0.0, "coactiva": null, "ficharegis": 0, "etam": 0.0815925633, "diferencia": 3.8920389326999998, "porc_difer": 0.0259106513, "admisible": 1, "deuda_anio": 234.59, "id_1": 99049, "lote_id_1": 70851, "clavecat_1": "4-03-10-52-000", "Clave_Ok": "4-03-10-52-000", "zona_1": 4, "sector_1": 3, "manzana_1": 10, "lote_1": 52, "ph_1": 0, "propieta_1": "GOBIERNO AUTONOMO DESCENTRALIZADO  MUNICIPAL MANTA .", "document_1": 1360000980000.0, "direccio_1": "BARRIO EL PESCADOR PARROQUIA STA MARIANITA MZ 01 LT 02", "area_m2_1": 150.21, "frente_u_1": 10.4, "frente_t_1": 10.4, "avaluo_c_1": 35329.39, "avaluo_s_1": 2253.15, "zonaurba_1": "N?ÜCLEOS URBANOS EN ZONA RURAL", "parroqui_1": "SANTA MARIANITA", "esta_blo_1": "NO", "es_terce_1": "NO", "tiene_el_1": "SI", "tiene_ag_1": "NO", "tiene_al_1": "NO", "observac_2": "SE CREA PRESENTE CODIGO CATASTRAL POR PROCESO DE LAGALIZACION DE BIENES MOSTRENCO - RESP. TECNICO NEY. ALBAN. -12/06/2026", "observac_3": null, "barrio_1": "SIN ESPECIFICAR - SANTA MARIANITA", "parroquia1": 8, "barrio_i_1": 1151, "proceso_1": 0, "fecha_re_1": null, "activo_c_1": "SI", "desactiv_1": 0, "avaluo_r_2": 0.0, "avaluo_r_3": 0.0, "clasific_1": "POR LEGALIZAR", "anio_deu_1": 2010, "deuda_1": 234.59, "valor_ip_1": 0.0, "coactiva_1": null, "fichareg_1": 0, "etam_1": 0.0815925633, "diferenc_1": 3.8920389326999998, "porc_dif_1": 0.0259106513, "admisibl_1": "VERDADERO", "deuda_an_1": 234.59, "RESOLUCION": "660-20-08-2026" }, "geometry": { "type": "MultiPolygon", "coordinates": [ [ [ [ -80.845136679631111, -0.98361771800696 ], [ -80.845040170438963, -0.983708015669414 ], [ -80.845107332169761, -0.983770163419781 ], [ -80.845202026487982, -0.983678100306902 ], [ -80.845136679631111, -0.98361771800696 ] ] ] ] } },
{ "type": "Feature", "properties": { "id": 99116, "lote_id": 110482, "clavecatas": "4-03-12-20-000", "zona": "4", "sector": "03", "manzana": "12", "lote": "20", "ph": "000", "propietari": null, "documentop": null, "direccion": "PARROQUIA SANTA MARIANITA - SECTOR EL PARAISO MZ 02 - LT 07", "area_m2": 759.18, "frente_uti": 10.53, "frente_tot": 10.53, "avaluo_con": 15718.64, "avaluo_sue": 7591.8, "zonaurbano": "NÚCLEOS URBANOS EN ZONA RURAL", "parroquia": "SANTA MARIANITA", "esta_bloqu": "NO", "es_tercera": "NO", "tiene_elec": "SI", "tiene_agua": "NO", "tiene_alca": "NO", "observacio": "SE CREA EL PRESENTE CÓDIGO CATASTRAL POR PROCESO DE LEGALIZACIÓN DE BIENES MOSTRENCO - RESP. TÉCNICO P.L. -12/06/2026", "observac_1": null, "barrio": "EL PARAISO", "parroquia_": 8, "barrio_id": 309, "proceso": 0, "fecha_regi": null, "activo_cat": "SI", "desactivad": 0, "avaluo_rem": 0.0, "avaluo_r_1": 0.0, "clasificac": "POR LEGALIZAR", "anio_deuda": 0, "deuda": 0.0, "valor_ip": 0.0, "coactiva": null, "ficharegis": 0, "etam": 0.1451735885, "diferencia": 0.0011769589, "porc_difer": 1.5503e-06, "admisible": 1, "deuda_anio": 0.0, "id_1": 99116, "lote_id_1": 110482, "clavecat_1": "4-03-12-20-000", "Clave_Ok": "4-03-12-20-000", "zona_1": 4, "sector_1": 3, "manzana_1": 12, "lote_1": 20, "ph_1": 0, "propieta_1": null, "document_1": 0.0, "direccio_1": "PARROQUIA SANTA MARIANITA - SECTOR EL PARAISO MZ 02 - LT 07", "area_m2_1": 759.18, "frente_u_1": 10.53, "frente_t_1": 10.53, "avaluo_c_1": 15718.64, "avaluo_s_1": 7591.8, "zonaurba_1": "N?ÜCLEOS URBANOS EN ZONA RURAL", "parroqui_1": "SANTA MARIANITA", "esta_blo_1": "NO", "es_terce_1": "NO", "tiene_el_1": "SI", "tiene_ag_1": "NO", "tiene_al_1": "NO", "observac_2": "SE CREA EL PRESENTE C?ôDIGO CATASTRAL POR PROCESO DE LEGALIZACI?ôN DE BIENES MOSTRENCO - RESP. T?ëCNICO P.L. -12/06/2026", "observac_3": null, "barrio_1": "EL PARAISO", "parroquia1": 8, "barrio_i_1": 309, "proceso_1": 0, "fecha_re_1": null, "activo_c_1": "SI", "desactiv_1": 0, "avaluo_r_2": 0.0, "avaluo_r_3": 0.0, "clasific_1": "POR LEGALIZAR", "anio_deu_1": 0, "deuda_1": 0.0, "valor_ip_1": 0.0, "coactiva_1": null, "fichareg_1": 0, "etam_1": 0.1451735885, "diferenc_1": 0.0011769589, "porc_dif_1": 1.5503e-06, "admisibl_1": "VERDADERO", "deuda_an_1": 0.0, "RESOLUCION": "659-20-08-2026" }, "geometry": { "type": "MultiPolygon", "coordinates": [ [ [ [ -80.848880303537157, -0.991657852838449 ], [ -80.848812331913379, -0.991512065107388 ], [ -80.848672590472304, -0.991575741648955 ], [ -80.848689239859269, -0.991597479462049 ], [ -80.848509702761831, -0.991666402544251 ], [ -80.84851985331008, -0.991702937040199 ], [ -80.848379009375634, -0.991748372328583 ], [ -80.848409777219132, -0.991838484720618 ], [ -80.848768387657259, -0.99170081659821 ], [ -80.848880303537157, -0.991657852838449 ] ] ] ] } },
{ "type": "Feature", "properties": { "id": 99117, "lote_id": 110481, "clavecatas": "4-03-12-21-000", "zona": "4", "sector": "03", "manzana": "12", "lote": "21", "ph": "000", "propietari": "GOBIERNO AUTONOMO DESCENTRALIZADO  MUNICIPAL MANTA .", "documentop": "1360000980001", "direccion": "PARROQUIA SANTA MARIANITA - SECTOR EL PARAISO MZ 03 - LT 25", "area_m2": 98.64, "frente_uti": 7.6, "frente_tot": 7.6, "avaluo_con": 20091.57, "avaluo_sue": 2876.34, "zonaurbano": "NÚCLEOS URBANOS EN ZONA RURAL", "parroquia": "SANTA MARIANITA", "esta_bloqu": "NO", "es_tercera": "NO", "tiene_elec": "SI", "tiene_agua": "NO", "tiene_alca": "NO", "observacio": "SE CREA EL PRESENTE CÓDIGO CATASTRAL POR PROCESO DE LEGALIZACIÓN DE BIENES MOSTRENCO - RESP. TÉCNICO P.L. -12/06/2026", "observac_1": null, "barrio": "EL PARAISO", "parroquia_": 8, "barrio_id": 309, "proceso": 0, "fecha_regi": null, "activo_cat": "SI", "desactivad": 0, "avaluo_rem": 0.0, "avaluo_r_1": 0.0, "clasificac": "POR LEGALIZAR", "anio_deuda": 0, "deuda": 0.0, "valor_ip": 0.0, "coactiva": null, "ficharegis": 0, "etam": 0.1, "diferencia": 0.0010747652, "porc_difer": 1.08958e-05, "admisible": 1, "deuda_anio": 0.0, "id_1": 99117, "lote_id_1": 110481, "clavecat_1": "4-03-12-21-000", "Clave_Ok": "4-03-12-21-000", "zona_1": 4, "sector_1": 3, "manzana_1": 12, "lote_1": 21, "ph_1": 0, "propieta_1": "GOBIERNO AUTONOMO DESCENTRALIZADO  MUNICIPAL MANTA .", "document_1": 1360000980000.0, "direccio_1": "PARROQUIA SANTA MARIANITA - SECTOR EL PARAISO MZ 03 - LT 25", "area_m2_1": 98.64, "frente_u_1": 7.6, "frente_t_1": 7.6, "avaluo_c_1": 20091.57, "avaluo_s_1": 2876.34, "zonaurba_1": "N?ÜCLEOS URBANOS EN ZONA RURAL", "parroqui_1": "SANTA MARIANITA", "esta_blo_1": "NO", "es_terce_1": "NO", "tiene_el_1": "SI", "tiene_ag_1": "NO", "tiene_al_1": "NO", "observac_2": "SE CREA EL PRESENTE C?ôDIGO CATASTRAL POR PROCESO DE LEGALIZACI?ôN DE BIENES MOSTRENCO - RESP. T?ëCNICO P.L. -12/06/2026", "observac_3": null, "barrio_1": "EL PARAISO", "parroquia1": 8, "barrio_i_1": 309, "proceso_1": 0, "fecha_re_1": null, "activo_c_1": "SI", "desactiv_1": 0, "avaluo_r_2": 0.0, "avaluo_r_3": 0.0, "clasific_1": "POR LEGALIZAR", "anio_deu_1": 0, "deuda_1": 0.0, "valor_ip_1": 0.0, "coactiva_1": null, "fichareg_1": 0, "etam_1": 0.1, "diferenc_1": 0.0010747652, "porc_dif_1": 1.08958e-05, "admisibl_1": "VERDADERO", "deuda_an_1": 0.0, "RESOLUCION": "660-20-08-2026" }, "geometry": { "type": "MultiPolygon", "coordinates": [ [ [ [ -80.847559091249153, -0.992623584964598 ], [ -80.847493529492994, -0.992644722817395 ], [ -80.847544832075485, -0.992755981662259 ], [ -80.847606013380584, -0.992725344011628 ], [ -80.847559091249153, -0.992623584964598 ] ] ] ] } },
{ "type": "Feature", "properties": { "id": 99118, "lote_id": 110483, "clavecatas": "4-03-12-22-000", "zona": "4", "sector": "03", "manzana": "12", "lote": "22", "ph": "000", "propietari": "GOBIERNO AUTONOMO DESCENTRALIZADO  MUNICIPAL MANTA .", "documentop": "1360000980001", "direccion": "PARROQUIA SANTA MARIANITA - SECTOR SAN ANTONIO MZ 02 - LT 02", "area_m2": 123.17, "frente_uti": 13.57, "frente_tot": 41.87, "avaluo_con": 20253.86, "avaluo_sue": 1231.7, "zonaurbano": "NÚCLEOS URBANOS EN ZONA RURAL", "parroquia": "SANTA MARIANITA", "esta_bloqu": "NO", "es_tercera": "NO", "tiene_elec": "SI", "tiene_agua": "NO", "tiene_alca": "NO", "observacio": "SE CREA EL PRESENTE CÓDIGO CATASTRAL POR PROCESO DE LEGALIZACIÓN DE BIENES MOSTRENCO - RESP. TÉCNICO P.L. -12/06/2026", "observac_1": null, "barrio": "SAN ANTONIO", "parroquia_": 8, "barrio_id": 225, "proceso": 0, "fecha_regi": null, "activo_cat": "SI", "desactivad": 0, "avaluo_rem": 0.0, "avaluo_r_1": 0.0, "clasificac": "POR LEGALIZAR", "anio_deuda": 0, "deuda": 0.0, "valor_ip": 0.0, "coactiva": null, "ficharegis": 0, "etam": 0.0901047175, "diferencia": -0.2759915322, "porc_difer": -0.0022407366, "admisible": 1, "deuda_anio": 0.0, "id_1": 99118, "lote_id_1": 110483, "clavecat_1": "4-03-12-22-000", "Clave_Ok": "4-03-12-22-000", "zona_1": 4, "sector_1": 3, "manzana_1": 12, "lote_1": 22, "ph_1": 0, "propieta_1": "GOBIERNO AUTONOMO DESCENTRALIZADO  MUNICIPAL MANTA .", "document_1": 1360000980000.0, "direccio_1": "PARROQUIA SANTA MARIANITA - SECTOR SAN ANTONIO MZ 02 - LT 02", "area_m2_1": 123.17, "frente_u_1": 13.57, "frente_t_1": 41.87, "avaluo_c_1": 20253.86, "avaluo_s_1": 1231.7, "zonaurba_1": "N?ÜCLEOS URBANOS EN ZONA RURAL", "parroqui_1": "SANTA MARIANITA", "esta_blo_1": "NO", "es_terce_1": "NO", "tiene_el_1": "SI", "tiene_ag_1": "NO", "tiene_al_1": "NO", "observac_2": "SE CREA EL PRESENTE C?ôDIGO CATASTRAL POR PROCESO DE LEGALIZACI?ôN DE BIENES MOSTRENCO - RESP. T?ëCNICO P.L. -12/06/2026", "observac_3": null, "barrio_1": "SAN ANTONIO", "parroquia1": 8, "barrio_i_1": 225, "proceso_1": 0, "fecha_re_1": null, "activo_c_1": "SI", "desactiv_1": 0, "avaluo_r_2": 0.0, "avaluo_r_3": 0.0, "clasific_1": "POR LEGALIZAR", "anio_deu_1": 0, "deuda_1": 0.0, "valor_ip_1": 0.0, "coactiva_1": null, "fichareg_1": 0, "etam_1": 0.0901047175, "diferenc_1": -0.2759915322, "porc_dif_1": -0.0022407366, "admisibl_1": "VERDADERO", "deuda_an_1": 0.0, "RESOLUCION": "660-20-08-2026" }, "geometry": { "type": "MultiPolygon", "coordinates": [ [ [ [ -80.848221954023273, -0.994075948759836 ], [ -80.848232419754822, -0.994012124766495 ], [ -80.848236407781272, -0.993958510320196 ], [ -80.84823640803188, -0.993953020232666 ], [ -80.84821270023518, -0.993922320205915 ], [ -80.848200457196867, -0.993922319639606 ], [ -80.848200455544571, -0.993958508657174 ], [ -80.848165402504222, -0.993958676671426 ], [ -80.848159338736352, -0.994017166209069 ], [ -80.84814364103373, -0.994016166269072 ], [ -80.848140606152953, -0.994073537250168 ], [ -80.848221954023273, -0.994075948759836 ] ] ] ] } },
{ "type": "Feature", "properties": { "id": 99119, "lote_id": 110508, "clavecatas": "4-03-12-23-000", "zona": "4", "sector": "03", "manzana": "12", "lote": "23", "ph": "000", "propietari": null, "documentop": null, "direccion": "PARROQUIA SANTA MARIANITA - SECTOR SAN ANTONIO MZ 02 - LT 03", "area_m2": 367.09, "frente_uti": 50.51, "frente_tot": 80.52, "avaluo_con": 0.0, "avaluo_sue": 3670.9, "zonaurbano": "NÚCLEOS URBANOS EN ZONA RURAL", "parroquia": "SANTA MARIANITA", "esta_bloqu": "NO", "es_tercera": "NO", "tiene_elec": "SI", "tiene_agua": "NO", "tiene_alca": "NO", "observacio": "SE CREA EL PRESENTE CÓDIGO CATASTRAL POR PROCESO DE LEGALIZACIÓN DE BIENES MOSTRENCO - RESP. TÉCNICO P.L. -15/06/2026", "observac_1": null, "barrio": "SAN ANTONIO", "parroquia_": 8, "barrio_id": 225, "proceso": 0, "fecha_regi": null, "activo_cat": "SI", "desactivad": 0, "avaluo_rem": 0.0, "avaluo_r_1": 0.0, "clasificac": "POR LEGALIZAR", "anio_deuda": 0, "deuda": 0.0, "valor_ip": 0.0, "coactiva": null, "ficharegis": 0, "etam": 0.1565795273, "diferencia": -0.0007097409, "porc_difer": -1.9334e-06, "admisible": 1, "deuda_anio": 0.0, "id_1": 99119, "lote_id_1": 110508, "clavecat_1": "4-03-12-23-000", "Clave_Ok": "4-03-12-23-000", "zona_1": 4, "sector_1": 3, "manzana_1": 12, "lote_1": 23, "ph_1": 0, "propieta_1": null, "document_1": 0.0, "direccio_1": "PARROQUIA SANTA MARIANITA - SECTOR SAN ANTONIO MZ 02 - LT 03", "area_m2_1": 367.09, "frente_u_1": 50.51, "frente_t_1": 80.52, "avaluo_c_1": 0.0, "avaluo_s_1": 3670.9, "zonaurba_1": "N?ÜCLEOS URBANOS EN ZONA RURAL", "parroqui_1": "SANTA MARIANITA", "esta_blo_1": "NO", "es_terce_1": "NO", "tiene_el_1": "SI", "tiene_ag_1": "NO", "tiene_al_1": "NO", "observac_2": "SE CREA EL PRESENTE C?ôDIGO CATASTRAL POR PROCESO DE LEGALIZACI?ôN DE BIENES MOSTRENCO - RESP. T?ëCNICO P.L. -15/06/2026", "observac_3": null, "barrio_1": "SAN ANTONIO", "parroquia1": 8, "barrio_i_1": 225, "proceso_1": 0, "fecha_re_1": null, "activo_c_1": "SI", "desactiv_1": 0, "avaluo_r_2": 0.0, "avaluo_r_3": 0.0, "clasific_1": "POR LEGALIZAR", "anio_deu_1": 0, "deuda_1": 0.0, "valor_ip_1": 0.0, "coactiva_1": null, "fichareg_1": 0, "etam_1": 0.1565795273, "diferenc_1": -0.0007097409, "porc_dif_1": -1.9334e-06, "admisibl_1": "VERDADERO", "deuda_an_1": 0.0, "RESOLUCION": "659-20-08-2026" }, "geometry": { "type": "MultiPolygon", "coordinates": [ [ [ [ -80.848285423511868, -0.994374155361469 ], [ -80.848153146958779, -0.994289037561999 ], [ -80.848144855451608, -0.994283702112373 ], [ -80.848175229677977, -0.994233333374698 ], [ -80.848193650765126, -0.994201903167496 ], [ -80.848211059418219, -0.994132560044616 ], [ -80.848221194000473, -0.994090857113634 ], [ -80.848195112920806, -0.994086049613437 ], [ -80.848192646054684, -0.994096153300623 ], [ -80.848151956250661, -0.994086544851778 ], [ -80.84814005280964, -0.994086191260166 ], [ -80.848128850765349, -0.994129411316814 ], [ -80.848120302486436, -0.994167814716057 ], [ -80.848113160184184, -0.994239380180412 ], [ -80.848113818440424, -0.994280638434122 ], [ -80.848114955866365, -0.994302655165661 ], [ -80.848146710376113, -0.994392568280185 ], [ -80.848197076451825, -0.994482105558539 ], [ -80.848285423511868, -0.994374155361469 ] ] ] ] } },
{ "type": "Feature", "properties": { "id": 99120, "lote_id": 110509, "clavecatas": "4-03-12-24-000", "zona": "4", "sector": "03", "manzana": "12", "lote": "24", "ph": "000", "propietari": null, "documentop": null, "direccion": "PARROQUIA SANTA MARIANITA - SECTOR SAN ANTONIO MZ 02 - LT 05", "area_m2": 530.7, "frente_uti": 29.09, "frente_tot": 29.09, "avaluo_con": 35153.73, "avaluo_sue": 5307.0, "zonaurbano": "NÚCLEOS URBANOS EN ZONA RURAL", "parroquia": "SANTA MARIANITA", "esta_bloqu": "NO", "es_tercera": "NO", "tiene_elec": "SI", "tiene_agua": "NO", "tiene_alca": "NO", "observacio": "SE CREA EL PRESENTE CÓDIGO CATASTRAL POR PROCESO DE LEGALIZACIÓN DE BIENES MOSTRENCO - RESP. TÉCNICO P.L. -15/06/2026", "observac_1": null, "barrio": "SAN ANTONIO", "parroquia_": 8, "barrio_id": 225, "proceso": 0, "fecha_regi": null, "activo_cat": "SI", "desactivad": 0, "avaluo_rem": 0.0, "avaluo_r_1": 0.0, "clasificac": "POR LEGALIZAR", "anio_deuda": 0, "deuda": 0.0, "valor_ip": 0.0, "coactiva": null, "ficharegis": 0, "etam": 0.1736342708, "diferencia": 0.004083398, "porc_difer": 7.6944e-06, "admisible": 1, "deuda_anio": 0.0, "id_1": 99120, "lote_id_1": 110509, "clavecat_1": "4-03-12-24-000", "Clave_Ok": "4-03-12-24-000", "zona_1": 4, "sector_1": 3, "manzana_1": 12, "lote_1": 24, "ph_1": 0, "propieta_1": null, "document_1": 0.0, "direccio_1": "PARROQUIA SANTA MARIANITA - SECTOR SAN ANTONIO MZ 02 - LT 05", "area_m2_1": 530.7, "frente_u_1": 29.09, "frente_t_1": 29.09, "avaluo_c_1": 35153.73, "avaluo_s_1": 5307.0, "zonaurba_1": "N?ÜCLEOS URBANOS EN ZONA RURAL", "parroqui_1": "SANTA MARIANITA", "esta_blo_1": "NO", "es_terce_1": "NO", "tiene_el_1": "SI", "tiene_ag_1": "NO", "tiene_al_1": "NO", "observac_2": "SE CREA EL PRESENTE C?ôDIGO CATASTRAL POR PROCESO DE LEGALIZACI?ôN DE BIENES MOSTRENCO - RESP. T?ëCNICO P.L. -15/06/2026", "observac_3": null, "barrio_1": "SAN ANTONIO", "parroquia1": 8, "barrio_i_1": 225, "proceso_1": 0, "fecha_re_1": null, "activo_c_1": "SI", "desactiv_1": 0, "avaluo_r_2": 0.0, "avaluo_r_3": 0.0, "clasific_1": "POR LEGALIZAR", "anio_deu_1": 0, "deuda_1": 0.0, "valor_ip_1": 0.0, "coactiva_1": null, "fichareg_1": 0, "etam_1": 0.1736342708, "diferenc_1": 0.004083398, "porc_dif_1": 7.6944e-06, "admisibl_1": "VERDADERO", "deuda_an_1": 0.0, "RESOLUCION": "659-20-08-2026" }, "geometry": { "type": "MultiPolygon", "coordinates": [ [ [ [ -80.848551907531373, -0.994615173367745 ], [ -80.848361678130175, -0.994434617768973 ], [ -80.848317278153928, -0.994488055993293 ], [ -80.848308054655035, -0.994495276386711 ], [ -80.848267652861324, -0.994535344136072 ], [ -80.848296561376301, -0.994602612817303 ], [ -80.848347947317052, -0.994722185348086 ], [ -80.84850570317596, -0.99465875937078 ], [ -80.848551907531373, -0.994615173367745 ] ] ] ] } },
{ "type": "Feature", "properties": { "id": 99121, "lote_id": 110490, "clavecatas": "4-03-12-25-000", "zona": "4", "sector": "03", "manzana": "12", "lote": "25", "ph": "000", "propietari": "GOBIERNO AUTONOMO DESCENTRALIZADO  MUNICIPAL MANTA .", "documentop": "1360000980001", "direccion": "PARROQUIA SANTA MARIANITA - SECTOR SAN ANTONIO MZ 02 - LT 07", "area_m2": 684.07, "frente_uti": 4.45, "frente_tot": 4.45, "avaluo_con": 19883.29, "avaluo_sue": 19947.48, "zonaurbano": "NÚCLEOS URBANOS EN ZONA RURAL", "parroquia": "SANTA MARIANITA", "esta_bloqu": "NO", "es_tercera": "NO", "tiene_elec": "SI", "tiene_agua": "NO", "tiene_alca": "NO", "observacio": "SE CREA EL PRESENTE CÓDIGO CATASTRAL POR PROCESO DE LEGALIZACIÓN DE BIENES MOSTRENCO - RESP. TÉCNICO P.L. -12/06/2026", "observac_1": null, "barrio": "SAN ANTONIO", "parroquia_": 8, "barrio_id": 225, "proceso": 0, "fecha_regi": null, "activo_cat": "SI", "desactivad": 0, "avaluo_rem": 0.0, "avaluo_r_1": 0.0, "clasificac": "POR LEGALIZAR", "anio_deuda": 0, "deuda": 0.0, "valor_ip": 0.0, "coactiva": null, "ficharegis": 0, "etam": 0.1529359971, "diferencia": 0.0031828523, "porc_difer": 4.6528e-06, "admisible": 1, "deuda_anio": 0.0, "id_1": 99121, "lote_id_1": 110490, "clavecat_1": "4-03-12-25-000", "Clave_Ok": "4-03-12-25-000", "zona_1": 4, "sector_1": 3, "manzana_1": 12, "lote_1": 25, "ph_1": 0, "propieta_1": "GOBIERNO AUTONOMO DESCENTRALIZADO  MUNICIPAL MANTA .", "document_1": 1360000980000.0, "direccio_1": "PARROQUIA SANTA MARIANITA - SECTOR SAN ANTONIO MZ 02 - LT 07", "area_m2_1": 684.07, "frente_u_1": 4.45, "frente_t_1": 4.45, "avaluo_c_1": 19883.29, "avaluo_s_1": 19947.48, "zonaurba_1": "N?ÜCLEOS URBANOS EN ZONA RURAL", "parroqui_1": "SANTA MARIANITA", "esta_blo_1": "NO", "es_terce_1": "NO", "tiene_el_1": "SI", "tiene_ag_1": "NO", "tiene_al_1": "NO", "observac_2": "SE CREA EL PRESENTE C?ôDIGO CATASTRAL POR PROCESO DE LEGALIZACI?ôN DE BIENES MOSTRENCO - RESP. T?ëCNICO P.L. -12/06/2026", "observac_3": null, "barrio_1": "SAN ANTONIO", "parroquia1": 8, "barrio_i_1": 225, "proceso_1": 0, "fecha_re_1": null, "activo_c_1": "SI", "desactiv_1": 0, "avaluo_r_2": 0.0, "avaluo_r_3": 0.0, "clasific_1": "POR LEGALIZAR", "anio_deu_1": 0, "deuda_1": 0.0, "valor_ip_1": 0.0, "coactiva_1": null, "fichareg_1": 0, "etam_1": 0.1529359971, "diferenc_1": 0.0031828523, "porc_dif_1": 4.6528e-06, "admisibl_1": "VERDADERO", "deuda_an_1": 0.0, "RESOLUCION": "660-20-08-2026" }, "geometry": { "type": "MultiPolygon", "coordinates": [ [ [ [ -80.848267652861324, -0.994535344136072 ], [ -80.848227519181748, -0.994553615383241 ], [ -80.848230297311787, -0.994560141130032 ], [ -80.848201039342797, -0.994572797251761 ], [ -80.848204925648446, -0.994581948150086 ], [ -80.848117734374753, -0.994619466853409 ], [ -80.848113848116114, -0.994610315934877 ], [ -80.848081234791508, -0.994624438376843 ], [ -80.848078376520903, -0.994617708072691 ], [ -80.848057963188879, -0.994626491998509 ], [ -80.847954381713791, -0.994666285241415 ], [ -80.847934563144037, -0.994682261300671 ], [ -80.848000666954306, -0.99481124721762 ], [ -80.848271588819784, -0.994706551894342 ], [ -80.848311637426875, -0.994739000343679 ], [ -80.848347947317052, -0.994722185348086 ], [ -80.848296561376301, -0.994602612817303 ], [ -80.848267652861324, -0.994535344136072 ] ] ] ] } },
{ "type": "Feature", "properties": { "id": 99122, "lote_id": 110489, "clavecatas": "4-03-12-26-000", "zona": "4", "sector": "03", "manzana": "12", "lote": "26", "ph": "000", "propietari": "GOBIERNO AUTONOMO DESCENTRALIZADO  MUNICIPAL MANTA .", "documentop": "1360000980001", "direccion": "PARROQUIA SANTA MARIANITA - SECTOR SAN ANTONIO MZ 02 - LT 09", "area_m2": 71.14, "frente_uti": 5.0, "frente_tot": 5.0, "avaluo_con": 6507.98, "avaluo_sue": 1970.72, "zonaurbano": "NÚCLEOS URBANOS EN ZONA RURAL", "parroquia": "SANTA MARIANITA", "esta_bloqu": "NO", "es_tercera": "NO", "tiene_elec": "SI", "tiene_agua": "NO", "tiene_alca": "NO", "observacio": "SE CREA EL PRESENTE CÓDIGO CATASTRAL POR PROCESO DE LEGALIZACIÓN DE BIENES MOSTRENCO - RESP. TÉCNICO P.L. -12/06/2026", "observac_1": null, "barrio": "SAN ANTONIO", "parroquia_": 8, "barrio_id": 225, "proceso": 0, "fecha_regi": null, "activo_cat": "SI", "desactivad": 0, "avaluo_rem": 0.0, "avaluo_r_1": 0.0, "clasificac": "POR LEGALIZAR", "anio_deuda": 0, "deuda": 0.0, "valor_ip": 0.0, "coactiva": null, "ficharegis": 0, "etam": 0.1, "diferencia": -0.0027409782, "porc_difer": -3.85294e-05, "admisible": 1, "deuda_anio": 0.0, "id_1": 99122, "lote_id_1": 110489, "clavecat_1": "4-03-12-26-000", "Clave_Ok": "4-03-12-26-000", "zona_1": 4, "sector_1": 3, "manzana_1": 12, "lote_1": 26, "ph_1": 0, "propieta_1": "GOBIERNO AUTONOMO DESCENTRALIZADO  MUNICIPAL MANTA .", "document_1": 1360000980000.0, "direccio_1": "PARROQUIA SANTA MARIANITA - SECTOR SAN ANTONIO MZ 02 - LT 09", "area_m2_1": 71.14, "frente_u_1": 5.0, "frente_t_1": 5.0, "avaluo_c_1": 6507.98, "avaluo_s_1": 1970.72, "zonaurba_1": "N?ÜCLEOS URBANOS EN ZONA RURAL", "parroqui_1": "SANTA MARIANITA", "esta_blo_1": "NO", "es_terce_1": "NO", "tiene_el_1": "SI", "tiene_ag_1": "NO", "tiene_al_1": "NO", "observac_2": "SE CREA EL PRESENTE C?ôDIGO CATASTRAL POR PROCESO DE LEGALIZACI?ôN DE BIENES MOSTRENCO - RESP. T?ëCNICO P.L. -12/06/2026", "observac_3": null, "barrio_1": "SAN ANTONIO", "parroquia1": 8, "barrio_i_1": 225, "proceso_1": 0, "fecha_re_1": null, "activo_c_1": "SI", "desactiv_1": 0, "avaluo_r_2": 0.0, "avaluo_r_3": 0.0, "clasific_1": "POR LEGALIZAR", "anio_deu_1": 0, "deuda_1": 0.0, "valor_ip_1": 0.0, "coactiva_1": null, "fichareg_1": 0, "etam_1": 0.1, "diferenc_1": -0.0027409782, "porc_dif_1": -3.85294e-05, "admisibl_1": "VERDADERO", "deuda_an_1": 0.0, "RESOLUCION": "660-20-08-2026" }, "geometry": { "type": "MultiPolygon", "coordinates": [ [ [ [ -80.848057963188879, -0.994626491998509 ], [ -80.848038659388834, -0.994585641549417 ], [ -80.847938908858779, -0.994633619174321 ], [ -80.847902919845907, -0.994650929029679 ], [ -80.847934563144037, -0.994682261300671 ], [ -80.847954381713791, -0.994666285241415 ], [ -80.848057963188879, -0.994626491998509 ] ] ] ] } },
{ "type": "Feature", "properties": { "id": 99123, "lote_id": 110488, "clavecatas": "4-03-12-27-000", "zona": "4", "sector": "03", "manzana": "12", "lote": "27", "ph": "000", "propietari": "GOBIERNO AUTONOMO DESCENTRALIZADO  MUNICIPAL MANTA .", "documentop": "1360000980001", "direccion": "PARROQUIA SANTA MARIANITA - SECTOR SAN ANTONIO MZ 02 - LT 10", "area_m2": 444.54, "frente_uti": 19.77, "frente_tot": 19.77, "avaluo_con": 89473.11, "avaluo_sue": 11666.51, "zonaurbano": "NÚCLEOS URBANOS EN ZONA RURAL", "parroquia": "SANTA MARIANITA", "esta_bloqu": "NO", "es_tercera": "NO", "tiene_elec": "SI", "tiene_agua": "NO", "tiene_alca": "NO", "observacio": "SE CREA EL PRESENTE CÓDIGO CATASTRAL POR PROCESO DE LEGALIZACIÓN DE BIENES MOSTRENCO - RESP. TÉCNICO P.L. -12/06/2026", "observac_1": null, "barrio": "SAN ANTONIO", "parroquia_": 8, "barrio_id": 225, "proceso": 0, "fecha_regi": null, "activo_cat": "SI", "desactivad": 0, "avaluo_rem": 0.0, "avaluo_r_1": 0.0, "clasificac": "POR LEGALIZAR", "anio_deuda": 0, "deuda": 0.0, "valor_ip": 0.0, "coactiva": null, "ficharegis": 0, "etam": 0.1422871997, "diferencia": -0.0044330778, "porc_difer": -9.9723e-06, "admisible": 1, "deuda_anio": 0.0, "id_1": 99123, "lote_id_1": 110488, "clavecat_1": "4-03-12-27-000", "Clave_Ok": "4-03-12-27-000", "zona_1": 4, "sector_1": 3, "manzana_1": 12, "lote_1": 27, "ph_1": 0, "propieta_1": "GOBIERNO AUTONOMO DESCENTRALIZADO  MUNICIPAL MANTA .", "document_1": 1360000980000.0, "direccio_1": "PARROQUIA SANTA MARIANITA - SECTOR SAN ANTONIO MZ 02 - LT 10", "area_m2_1": 444.54, "frente_u_1": 19.77, "frente_t_1": 19.77, "avaluo_c_1": 89473.11, "avaluo_s_1": 11666.51, "zonaurba_1": "N?ÜCLEOS URBANOS EN ZONA RURAL", "parroqui_1": "SANTA MARIANITA", "esta_blo_1": "NO", "es_terce_1": "NO", "tiene_el_1": "SI", "tiene_ag_1": "NO", "tiene_al_1": "NO", "observac_2": "SE CREA EL PRESENTE C?ôDIGO CATASTRAL POR PROCESO DE LEGALIZACI?ôN DE BIENES MOSTRENCO - RESP. T?ëCNICO P.L. -12/06/2026", "observac_3": null, "barrio_1": "SAN ANTONIO", "parroquia1": 8, "barrio_i_1": 225, "proceso_1": 0, "fecha_re_1": null, "activo_c_1": "SI", "desactiv_1": 0, "avaluo_r_2": 0.0, "avaluo_r_3": 0.0, "clasific_1": "POR LEGALIZAR", "anio_deu_1": 0, "deuda_1": 0.0, "valor_ip_1": 0.0, "coactiva_1": null, "fichareg_1": 0, "etam_1": 0.1422871997, "diferenc_1": -0.0044330778, "porc_dif_1": -9.9723e-06, "admisibl_1": "VERDADERO", "deuda_an_1": 0.0, "RESOLUCION": "660-20-08-2026" }, "geometry": { "type": "MultiPolygon", "coordinates": [ [ [ [ -80.848038659388834, -0.994585641549417 ], [ -80.84799459950905, -0.99449282586827 ], [ -80.847964774523476, -0.994423008193934 ], [ -80.84788993655232, -0.994454342077695 ], [ -80.847872398774129, -0.994410734031436 ], [ -80.847778946808518, -0.994460242056287 ], [ -80.847847737848483, -0.994596289423115 ], [ -80.847902915802251, -0.994650925025768 ], [ -80.847938908858779, -0.994633619174321 ], [ -80.848038659388834, -0.994585641549417 ] ] ] ] } },
{ "type": "Feature", "properties": { "id": 99124, "lote_id": 110487, "clavecatas": "4-03-12-28-000", "zona": "4", "sector": "03", "manzana": "12", "lote": "28", "ph": "000", "propietari": null, "documentop": null, "direccion": "PARROQUIA SANTA MARIANITA - SECTOR SAN ANTONIO MZ 02 - LT 11", "area_m2": 285.32, "frente_uti": 23.88, "frente_tot": 23.88, "avaluo_con": 8861.41, "avaluo_sue": 2853.2, "zonaurbano": "NÚCLEOS URBANOS EN ZONA RURAL", "parroquia": "SANTA MARIANITA", "esta_bloqu": "NO", "es_tercera": "NO", "tiene_elec": "SI", "tiene_agua": "NO", "tiene_alca": "NO", "observacio": "SE CREA EL PRESENTE CÓDIGO CATASTRAL POR PROCESO DE LEGALIZACIÓN DE BIENES MOSTRENCO - RESP. TÉCNICO P.L. -12/06/2026", "observac_1": null, "barrio": "SAN ANTONIO", "parroquia_": 8, "barrio_id": 225, "proceso": 0, "fecha_regi": null, "activo_cat": "SI", "desactivad": 0, "avaluo_rem": 0.0, "avaluo_r_1": 0.0, "clasificac": "POR LEGALIZAR", "anio_deuda": 0, "deuda": 0.0, "valor_ip": 0.0, "coactiva": null, "ficharegis": 0, "etam": 0.1184033222, "diferencia": 0.0018633336, "porc_difer": 6.5307e-06, "admisible": 1, "deuda_anio": 0.0, "id_1": 99124, "lote_id_1": 110487, "clavecat_1": "4-03-12-28-000", "Clave_Ok": "4-03-12-28-000", "zona_1": 4, "sector_1": 3, "manzana_1": 12, "lote_1": 28, "ph_1": 0, "propieta_1": null, "document_1": 0.0, "direccio_1": "PARROQUIA SANTA MARIANITA - SECTOR SAN ANTONIO MZ 02 - LT 11", "area_m2_1": 285.32, "frente_u_1": 23.88, "frente_t_1": 23.88, "avaluo_c_1": 8861.41, "avaluo_s_1": 2853.2, "zonaurba_1": "N?ÜCLEOS URBANOS EN ZONA RURAL", "parroqui_1": "SANTA MARIANITA", "esta_blo_1": "NO", "es_terce_1": "NO", "tiene_el_1": "SI", "tiene_ag_1": "NO", "tiene_al_1": "NO", "observac_2": "SE CREA EL PRESENTE C?ôDIGO CATASTRAL POR PROCESO DE LEGALIZACI?ôN DE BIENES MOSTRENCO - RESP. T?ëCNICO P.L. -12/06/2026", "observac_3": null, "barrio_1": "SAN ANTONIO", "parroquia1": 8, "barrio_i_1": 225, "proceso_1": 0, "fecha_re_1": null, "activo_c_1": "SI", "desactiv_1": 0, "avaluo_r_2": 0.0, "avaluo_r_3": 0.0, "clasific_1": "POR LEGALIZAR", "anio_deu_1": 0, "deuda_1": 0.0, "valor_ip_1": 0.0, "coactiva_1": null, "fichareg_1": 0, "etam_1": 0.1184033222, "diferenc_1": 0.0018633336, "porc_dif_1": 6.5307e-06, "admisibl_1": "VERDADERO", "deuda_an_1": 0.0, "RESOLUCION": "659-20-08-2026" }, "geometry": { "type": "MultiPolygon", "coordinates": [ [ [ [ -80.84806117057046, -0.99438264816345 ], [ -80.848064235794354, -0.99427174179283 ], [ -80.847845080312752, -0.994342806113171 ], [ -80.847872398774129, -0.994410734031436 ], [ -80.84788993655232, -0.994454342077695 ], [ -80.847964774523476, -0.994423008193934 ], [ -80.84806117057046, -0.99438264816345 ] ] ] ] } },
{ "type": "Feature", "properties": { "id": 99125, "lote_id": 110486, "clavecatas": "4-03-12-29-000", "zona": "4", "sector": "03", "manzana": "12", "lote": "29", "ph": "000", "propietari": "GOBIERNO AUTONOMO DESCENTRALIZADO  MUNICIPAL MANTA .", "documentop": "1360000980001", "direccion": "PARROQUIA SANTA MARIANITA - SECTOR SAN ANTONIO MZ 02 - LT 12", "area_m2": 277.48, "frente_uti": 10.4, "frente_tot": 10.4, "avaluo_con": 11289.6, "avaluo_sue": 8113.79, "zonaurbano": "NÚCLEOS URBANOS EN ZONA RURAL", "parroquia": "SANTA MARIANITA", "esta_bloqu": "NO", "es_tercera": "NO", "tiene_elec": "SI", "tiene_agua": "NO", "tiene_alca": "NO", "observacio": "SE CREA EL PRESENTE CÓDIGO CATASTRAL POR PROCESO DE LEGALIZACIÓN DE BIENES MOSTRENCO - RESP. TÉCNICO P.L. -12/06/2026", "observac_1": null, "barrio": "SAN ANTONIO", "parroquia_": 8, "barrio_id": 225, "proceso": 0, "fecha_regi": null, "activo_cat": "SI", "desactivad": 0, "avaluo_rem": 0.0, "avaluo_r_1": 0.0, "clasificac": "POR LEGALIZAR", "anio_deuda": 0, "deuda": 0.0, "valor_ip": 0.0, "coactiva": null, "ficharegis": 0, "etam": 0.1200643718, "diferencia": 0.0002726804, "porc_difer": 9.827e-07, "admisible": 1, "deuda_anio": 0.0, "id_1": 99125, "lote_id_1": 110486, "clavecat_1": "4-03-12-29-000", "Clave_Ok": "4-03-12-29-000", "zona_1": 4, "sector_1": 3, "manzana_1": 12, "lote_1": 29, "ph_1": 0, "propieta_1": "GOBIERNO AUTONOMO DESCENTRALIZADO  MUNICIPAL MANTA .", "document_1": 1360000980000.0, "direccio_1": "PARROQUIA SANTA MARIANITA - SECTOR SAN ANTONIO MZ 02 - LT 12", "area_m2_1": 277.48, "frente_u_1": 10.4, "frente_t_1": 10.4, "avaluo_c_1": 11289.6, "avaluo_s_1": 8113.79, "zonaurba_1": "N?ÜCLEOS URBANOS EN ZONA RURAL", "parroqui_1": "SANTA MARIANITA", "esta_blo_1": "NO", "es_terce_1": "NO", "tiene_el_1": "SI", "tiene_ag_1": "NO", "tiene_al_1": "NO", "observac_2": "SE CREA EL PRESENTE C?ôDIGO CATASTRAL POR PROCESO DE LEGALIZACI?ôN DE BIENES MOSTRENCO - RESP. T?ëCNICO P.L. -12/06/2026", "observac_3": null, "barrio_1": "SAN ANTONIO", "parroquia1": 8, "barrio_i_1": 225, "proceso_1": 0, "fecha_re_1": null, "activo_c_1": "SI", "desactiv_1": 0, "avaluo_r_2": 0.0, "avaluo_r_3": 0.0, "clasific_1": "POR LEGALIZAR", "anio_deu_1": 0, "deuda_1": 0.0, "valor_ip_1": 0.0, "coactiva_1": null, "fichareg_1": 0, "etam_1": 0.1200643718, "diferenc_1": 0.0002726804, "porc_dif_1": 9.827e-07, "admisibl_1": "VERDADERO", "deuda_an_1": 0.0, "RESOLUCION": "660-20-08-2026" }, "geometry": { "type": "MultiPolygon", "coordinates": [ [ [ [ -80.848064235794354, -0.99427174179283 ], [ -80.848060067082741, -0.994177704940846 ], [ -80.8478091385943, -0.994257736570059 ], [ -80.847845080312752, -0.994342806113171 ], [ -80.848064235794354, -0.99427174179283 ] ] ] ] } },
{ "type": "Feature", "properties": { "id": 99126, "lote_id": 110510, "clavecatas": "4-03-12-30-000", "zona": "4", "sector": "03", "manzana": "12", "lote": "30", "ph": "000", "propietari": null, "documentop": null, "direccion": "PARROQUIA SANTA MARIANITA - SECTOR SAN ANTONIO MZ 02 - LT 13", "area_m2": 558.44, "frente_uti": 21.3, "frente_tot": 21.3, "avaluo_con": 0.0, "avaluo_sue": 5584.4, "zonaurbano": "NÚCLEOS URBANOS EN ZONA RURAL", "parroquia": "SANTA MARIANITA", "esta_bloqu": "NO", "es_tercera": "NO", "tiene_elec": "SI", "tiene_agua": "NO", "tiene_alca": "NO", "observacio": "SE CREA EL PRESENTE CÓDIGO CATASTRAL POR PROCESO DE LEGALIZACIÓN DE BIENES MOSTRENCO - RESP. TÉCNICO P.L. -15/06/2026", "observac_1": null, "barrio": "SAN ANTONIO", "parroquia_": 8, "barrio_id": 225, "proceso": 0, "fecha_regi": null, "activo_cat": "SI", "desactivad": 0, "avaluo_rem": 0.0, "avaluo_r_1": 0.0, "clasificac": "POR LEGALIZAR", "anio_deuda": 0, "deuda": 0.0, "valor_ip": 0.0, "coactiva": null, "ficharegis": 0, "etam": 0.1692667798, "diferencia": 0.0005786575, "porc_difer": 1.0362e-06, "admisible": 1, "deuda_anio": 0.0, "id_1": 99126, "lote_id_1": 110510, "clavecat_1": "4-03-12-30-000", "Clave_Ok": "4-03-12-30-000", "zona_1": 4, "sector_1": 3, "manzana_1": 12, "lote_1": 30, "ph_1": 0, "propieta_1": null, "document_1": 0.0, "direccio_1": "PARROQUIA SANTA MARIANITA - SECTOR SAN ANTONIO MZ 02 - LT 13", "area_m2_1": 558.44, "frente_u_1": 21.3, "frente_t_1": 21.3, "avaluo_c_1": 0.0, "avaluo_s_1": 5584.4, "zonaurba_1": "N?ÜCLEOS URBANOS EN ZONA RURAL", "parroqui_1": "SANTA MARIANITA", "esta_blo_1": "NO", "es_terce_1": "NO", "tiene_el_1": "SI", "tiene_ag_1": "NO", "tiene_al_1": "NO", "observac_2": "SE CREA EL PRESENTE C?ôDIGO CATASTRAL POR PROCESO DE LEGALIZACI?ôN DE BIENES MOSTRENCO - RESP. T?ëCNICO P.L. -15/06/2026", "observac_3": null, "barrio_1": "SAN ANTONIO", "parroquia1": 8, "barrio_i_1": 225, "proceso_1": 0, "fecha_re_1": null, "activo_c_1": "SI", "desactiv_1": 0, "avaluo_r_2": 0.0, "avaluo_r_3": 0.0, "clasific_1": "POR LEGALIZAR", "anio_deu_1": 0, "deuda_1": 0.0, "valor_ip_1": 0.0, "coactiva_1": null, "fichareg_1": 0, "etam_1": 0.1692667798, "diferenc_1": 0.0005786575, "porc_dif_1": 1.0362e-06, "admisibl_1": "VERDADERO", "deuda_an_1": 0.0, "RESOLUCION": "659-20-08-2026" }, "geometry": { "type": "MultiPolygon", "coordinates": [ [ [ [ -80.848068635313339, -0.994174972172002 ], [ -80.848084572086549, -0.994076753777657 ], [ -80.84797824582887, -0.994113672801054 ], [ -80.847931943522866, -0.994126734053252 ], [ -80.847859680146414, -0.993984071300441 ], [ -80.847740724861936, -0.994111161788082 ], [ -80.8478091385943, -0.994257736570059 ], [ -80.848060067082741, -0.994177704940846 ], [ -80.848068635313339, -0.994174972172002 ] ] ] ] } },
{ "type": "Feature", "properties": { "id": 99127, "lote_id": 110511, "clavecatas": "4-03-12-31-000", "zona": "4", "sector": "03", "manzana": "12", "lote": "31", "ph": "000", "propietari": null, "documentop": null, "direccion": "PARROQUIA SANTA MARIANITA - SECTOR SAN ANTONIO MZ 02 - LT 14", "area_m2": 338.89, "frente_uti": 26.16, "frente_tot": 26.16, "avaluo_con": 0.0, "avaluo_sue": 3388.9, "zonaurbano": "NÚCLEOS URBANOS EN ZONA RURAL", "parroquia": "SANTA MARIANITA", "esta_bloqu": "NO", "es_tercera": "NO", "tiene_elec": "SI", "tiene_agua": "NO", "tiene_alca": "NO", "observacio": "SE CREA EL PRESENTE CÓDIGO CATASTRAL POR PROCESO DE LEGALIZACIÓN DE BIENES MOSTRENCO - RESP. TÉCNICO P.L. -15/06/2026", "observac_1": null, "barrio": "SAN ANTONIO", "parroquia_": 8, "barrio_id": 225, "proceso": 0, "fecha_regi": null, "activo_cat": "SI", "desactivad": 0, "avaluo_rem": 0.0, "avaluo_r_1": 0.0, "clasificac": "POR LEGALIZAR", "anio_deuda": 0, "deuda": 0.0, "valor_ip": 0.0, "coactiva": null, "ficharegis": 0, "etam": 0.1629640757, "diferencia": -0.0029983138, "porc_difer": -8.8475e-06, "admisible": 1, "deuda_anio": 0.0, "id_1": 99127, "lote_id_1": 110511, "clavecat_1": "4-03-12-31-000", "Clave_Ok": "4-03-12-31-000", "zona_1": 4, "sector_1": 3, "manzana_1": 12, "lote_1": 31, "ph_1": 0, "propieta_1": null, "document_1": 0.0, "direccio_1": "PARROQUIA SANTA MARIANITA - SECTOR SAN ANTONIO MZ 02 - LT 14", "area_m2_1": 338.89, "frente_u_1": 26.16, "frente_t_1": 26.16, "avaluo_c_1": 0.0, "avaluo_s_1": 3388.9, "zonaurba_1": "N?ÜCLEOS URBANOS EN ZONA RURAL", "parroqui_1": "SANTA MARIANITA", "esta_blo_1": "NO", "es_terce_1": "NO", "tiene_el_1": "SI", "tiene_ag_1": "NO", "tiene_al_1": "NO", "observac_2": "SE CREA EL PRESENTE C?ôDIGO CATASTRAL POR PROCESO DE LEGALIZACI?ôN DE BIENES MOSTRENCO - RESP. T?ëCNICO P.L. -15/06/2026", "observac_3": null, "barrio_1": "SAN ANTONIO", "parroquia1": 8, "barrio_i_1": 225, "proceso_1": 0, "fecha_re_1": null, "activo_c_1": "SI", "desactiv_1": 0, "avaluo_r_2": 0.0, "avaluo_r_3": 0.0, "clasific_1": "POR LEGALIZAR", "anio_deu_1": 0, "deuda_1": 0.0, "valor_ip_1": 0.0, "coactiva_1": null, "fichareg_1": 0, "etam_1": 0.1629640757, "diferenc_1": -0.0029983138, "porc_dif_1": -8.8475e-06, "admisibl_1": "VERDADERO", "deuda_an_1": 0.0, "RESOLUCION": "659-20-08-2026" }, "geometry": { "type": "MultiPolygon", "coordinates": [ [ [ [ -80.848084572086549, -0.994076753777657 ], [ -80.848087867277144, -0.994056445484956 ], [ -80.84805625562646, -0.993979634770157 ], [ -80.848015612042616, -0.994000643915365 ], [ -80.847969959960636, -0.993910841403219 ], [ -80.847859680146414, -0.993984071300441 ], [ -80.847931943522866, -0.994126734053252 ], [ -80.84797824582887, -0.994113672801054 ], [ -80.848084572086549, -0.994076753777657 ] ] ] ] } },
{ "type": "Feature", "properties": { "id": 99128, "lote_id": 110512, "clavecatas": "4-03-12-32-000", "zona": "4", "sector": "03", "manzana": "12", "lote": "32", "ph": "000", "propietari": null, "documentop": null, "direccion": "PARROQUIA SANTA MARIANITA - SECTOR SAN ANTONIO MZ 02 - LT 15", "area_m2": 200.65, "frente_uti": 7.3, "frente_tot": 42.77, "avaluo_con": 29444.93, "avaluo_sue": 2006.5, "zonaurbano": "NÚCLEOS URBANOS EN ZONA RURAL", "parroquia": "SANTA MARIANITA", "esta_bloqu": "NO", "es_tercera": "NO", "tiene_elec": "SI", "tiene_agua": "NO", "tiene_alca": "NO", "observacio": "SE CREA EL PRESENTE CÓDIGO CATASTRAL POR PROCESO DE LEGALIZACIÓN DE BIENES MOSTRENCO - RESP. TÉCNICO P.L. -15/06/2026", "observac_1": null, "barrio": "SAN ANTONIO", "parroquia_": 8, "barrio_id": 225, "proceso": 0, "fecha_regi": null, "activo_cat": "SI", "desactivad": 0, "avaluo_rem": 0.0, "avaluo_r_1": 0.0, "clasificac": "POR LEGALIZAR", "anio_deuda": 0, "deuda": 0.0, "valor_ip": 0.0, "coactiva": null, "ficharegis": 0, "etam": 0.1411921052, "diferencia": -0.0022700561, "porc_difer": -1.13135e-05, "admisible": 1, "deuda_anio": 0.0, "id_1": 99128, "lote_id_1": 110512, "clavecat_1": "4-03-12-32-000", "Clave_Ok": "4-03-12-32-000", "zona_1": 4, "sector_1": 3, "manzana_1": 12, "lote_1": 32, "ph_1": 0, "propieta_1": null, "document_1": 0.0, "direccio_1": "PARROQUIA SANTA MARIANITA - SECTOR SAN ANTONIO MZ 02 - LT 15", "area_m2_1": 200.65, "frente_u_1": 7.3, "frente_t_1": 42.77, "avaluo_c_1": 29444.93, "avaluo_s_1": 2006.5, "zonaurba_1": "N?ÜCLEOS URBANOS EN ZONA RURAL", "parroqui_1": "SANTA MARIANITA", "esta_blo_1": "NO", "es_terce_1": "NO", "tiene_el_1": "SI", "tiene_ag_1": "NO", "tiene_al_1": "NO", "observac_2": "SE CREA EL PRESENTE C?ôDIGO CATASTRAL POR PROCESO DE LEGALIZACI?ôN DE BIENES MOSTRENCO - RESP. T?ëCNICO P.L. -15/06/2026", "observac_3": null, "barrio_1": "SAN ANTONIO", "parroquia1": 8, "barrio_i_1": 225, "proceso_1": 0, "fecha_re_1": null, "activo_c_1": "SI", "desactiv_1": 0, "avaluo_r_2": 0.0, "avaluo_r_3": 0.0, "clasific_1": "POR LEGALIZAR", "anio_deu_1": 0, "deuda_1": 0.0, "valor_ip_1": 0.0, "coactiva_1": null, "fichareg_1": 0, "etam_1": 0.1411921052, "diferenc_1": -0.0022700561, "porc_dif_1": -1.13135e-05, "admisibl_1": "VERDADERO", "deuda_an_1": 0.0, "RESOLUCION": "659-20-08-2026" }, "geometry": { "type": "MultiPolygon", "coordinates": [ [ [ [ -80.84805625562646, -0.993979634770157 ], [ -80.848080375014348, -0.99396716717524 ], [ -80.848131698709068, -0.99392675113983 ], [ -80.848166643038212, -0.993885403919245 ], [ -80.848124879650783, -0.993834465598531 ], [ -80.848077475517115, -0.993860347103182 ], [ -80.847969959960636, -0.993910841403219 ], [ -80.848015612042616, -0.994000643915365 ], [ -80.84805625562646, -0.993979634770157 ] ] ] ] } },
{ "type": "Feature", "properties": { "id": 99129, "lote_id": 110513, "clavecatas": "4-03-12-33-000", "zona": "4", "sector": "03", "manzana": "12", "lote": "33", "ph": "000", "propietari": null, "documentop": null, "direccion": "PARROQUIA SANTA MARIANITA - SECTOR SAN ANTONIO MZ 02 - LT 16", "area_m2": 606.53, "frente_uti": 20.0, "frente_tot": 20.0, "avaluo_con": 12179.4, "avaluo_sue": 6065.3, "zonaurbano": "NÚCLEOS URBANOS EN ZONA RURAL", "parroquia": "SANTA MARIANITA", "esta_bloqu": "NO", "es_tercera": "NO", "tiene_elec": "SI", "tiene_agua": "NO", "tiene_alca": "NO", "observacio": "SE CREA EL PRESENTE CÓDIGO CATASTRAL POR PROCESO DE LEGALIZACIÓN DE BIENES MOSTRENCO - RESP. TÉCNICO P.L. -15/06/2026", "observac_1": null, "barrio": "SAN ANTONIO", "parroquia_": 8, "barrio_id": 225, "proceso": 0, "fecha_regi": null, "activo_cat": "SI", "desactivad": 0, "avaluo_rem": 0.0, "avaluo_r_1": 0.0, "clasificac": "POR LEGALIZAR", "anio_deuda": 0, "deuda": 0.0, "valor_ip": 0.0, "coactiva": null, "ficharegis": 0, "etam": 0.1624178839, "diferencia": -0.0042446708, "porc_difer": -6.9983e-06, "admisible": 1, "deuda_anio": 0.0, "id_1": 99129, "lote_id_1": 110513, "clavecat_1": "4-03-12-33-000", "Clave_Ok": "4-03-12-33-000", "zona_1": 4, "sector_1": 3, "manzana_1": 12, "lote_1": 33, "ph_1": 0, "propieta_1": null, "document_1": 0.0, "direccio_1": "PARROQUIA SANTA MARIANITA - SECTOR SAN ANTONIO MZ 02 - LT 16", "area_m2_1": 606.53, "frente_u_1": 20.0, "frente_t_1": 20.0, "avaluo_c_1": 12179.4, "avaluo_s_1": 6065.3, "zonaurba_1": "N?ÜCLEOS URBANOS EN ZONA RURAL", "parroqui_1": "SANTA MARIANITA", "esta_blo_1": "NO", "es_terce_1": "NO", "tiene_el_1": "SI", "tiene_ag_1": "NO", "tiene_al_1": "NO", "observac_2": "SE CREA EL PRESENTE C?ôDIGO CATASTRAL POR PROCESO DE LEGALIZACI?ôN DE BIENES MOSTRENCO - RESP. T?ëCNICO P.L. -15/06/2026", "observac_3": null, "barrio_1": "SAN ANTONIO", "parroquia1": 8, "barrio_i_1": 225, "proceso_1": 0, "fecha_re_1": null, "activo_c_1": "SI", "desactiv_1": 0, "avaluo_r_2": 0.0, "avaluo_r_3": 0.0, "clasific_1": "POR LEGALIZAR", "anio_deu_1": 0, "deuda_1": 0.0, "valor_ip_1": 0.0, "coactiva_1": null, "fichareg_1": 0, "etam_1": 0.1624178839, "diferenc_1": -0.0042446708, "porc_dif_1": -6.9983e-06, "admisibl_1": "VERDADERO", "deuda_an_1": 0.0, "RESOLUCION": "659-20-08-2026" }, "geometry": { "type": "MultiPolygon", "coordinates": [ [ [ [ -80.847872398774129, -0.994410734031436 ], [ -80.847845080312752, -0.994342806113171 ], [ -80.8478091385943, -0.994257736570059 ], [ -80.847740724861936, -0.994111161788082 ], [ -80.847703292699961, -0.994156312620337 ], [ -80.847597953385375, -0.994216931612605 ], [ -80.847703289132639, -0.994402780657099 ], [ -80.847743945899964, -0.994478784477867 ], [ -80.847778946808518, -0.994460242056287 ], [ -80.847872398774129, -0.994410734031436 ] ] ] ] } },
{ "type": "Feature", "properties": { "id": 99130, "lote_id": 110485, "clavecatas": "4-03-12-34-000", "zona": "4", "sector": "03", "manzana": "12", "lote": "34", "ph": "000", "propietari": "GOBIERNO AUTONOMO DESCENTRALIZADO  MUNICIPAL MANTA .", "documentop": "1360000980001", "direccion": "PARROQUIA SANTA MARIANITA - SECTOR SAN ANTONIO MZ 16 - LT 02", "area_m2": 146.25, "frente_uti": 6.38, "frente_tot": 30.73, "avaluo_con": 2320.0, "avaluo_sue": 7463.14, "zonaurbano": "NÚCLEOS URBANOS EN ZONA RURAL", "parroquia": "SANTA MARIANITA", "esta_bloqu": "NO", "es_tercera": "NO", "tiene_elec": "SI", "tiene_agua": "NO", "tiene_alca": "NO", "observacio": "SE CREA EL PRESENTE CÓDIGO CATASTRAL POR PROCESO DE LEGALIZACIÓN DE BIENES MOSTRENCO - RESP. TÉCNICO P.L. -12/06/2026", "observac_1": null, "barrio": "SAN ANTONIO", "parroquia_": 8, "barrio_id": 225, "proceso": 0, "fecha_regi": null, "activo_cat": "SI", "desactivad": 0, "avaluo_rem": 0.0, "avaluo_r_1": 0.0, "clasificac": "POR LEGALIZAR", "anio_deuda": 0, "deuda": 0.0, "valor_ip": 0.0, "coactiva": null, "ficharegis": 0, "etam": 0.0826898231, "diferencia": 0.0009570205, "porc_difer": 6.5437e-06, "admisible": 1, "deuda_anio": 0.0, "id_1": 99130, "lote_id_1": 110485, "clavecat_1": "4-03-12-34-000", "Clave_Ok": "4-03-12-34-000", "zona_1": 4, "sector_1": 3, "manzana_1": 12, "lote_1": 34, "ph_1": 0, "propieta_1": "GOBIERNO AUTONOMO DESCENTRALIZADO  MUNICIPAL MANTA .", "document_1": 1360000980000.0, "direccio_1": "PARROQUIA SANTA MARIANITA - SECTOR SAN ANTONIO MZ 16 - LT 02", "area_m2_1": 146.25, "frente_u_1": 6.38, "frente_t_1": 30.73, "avaluo_c_1": 2320.0, "avaluo_s_1": 7463.14, "zonaurba_1": "N?ÜCLEOS URBANOS EN ZONA RURAL", "parroqui_1": "SANTA MARIANITA", "esta_blo_1": "NO", "es_terce_1": "NO", "tiene_el_1": "SI", "tiene_ag_1": "NO", "tiene_al_1": "NO", "observac_2": "SE CREA EL PRESENTE C?ôDIGO CATASTRAL POR PROCESO DE LEGALIZACI?ôN DE BIENES MOSTRENCO - RESP. T?ëCNICO P.L. -12/06/2026", "observac_3": null, "barrio_1": "SAN ANTONIO", "parroquia1": 8, "barrio_i_1": 225, "proceso_1": 0, "fecha_re_1": null, "activo_c_1": "SI", "desactiv_1": 0, "avaluo_r_2": 0.0, "avaluo_r_3": 0.0, "clasific_1": "POR LEGALIZAR", "anio_deu_1": 0, "deuda_1": 0.0, "valor_ip_1": 0.0, "coactiva_1": null, "fichareg_1": 0, "etam_1": 0.0826898231, "diferenc_1": 0.0009570205, "porc_dif_1": 6.5437e-06, "admisibl_1": "VERDADERO", "deuda_an_1": 0.0, "RESOLUCION": "660-20-08-2026" }, "geometry": { "type": "MultiPolygon", "coordinates": [ [ [ [ -80.850689626801227, -0.995741126174841 ], [ -80.850651680809889, -0.995705143510368 ], [ -80.850602064271598, -0.995758900038833 ], [ -80.850499937148882, -0.995863843540089 ], [ -80.850542179298202, -0.995902866280113 ], [ -80.850689626801227, -0.995741126174841 ] ] ] ] } },
{ "type": "Feature", "properties": { "id": 99131, "lote_id": 110484, "clavecatas": "4-03-12-35-000", "zona": "4", "sector": "03", "manzana": "12", "lote": "35", "ph": "000", "propietari": "GOBIERNO AUTONOMO DESCENTRALIZADO  MUNICIPAL MANTA .", "documentop": "1360000980001", "direccion": "PARROQUIA SANTA MARIANITA - SECTOR SAN ANTONIO MZ 09 - LT 10", "area_m2": 116.67, "frente_uti": 10.3, "frente_tot": 29.32, "avaluo_con": 27510.0, "avaluo_sue": 5953.67, "zonaurbano": "NÚCLEOS URBANOS EN ZONA RURAL", "parroquia": "SANTA MARIANITA", "esta_bloqu": "NO", "es_tercera": "NO", "tiene_elec": "SI", "tiene_agua": "NO", "tiene_alca": "NO", "observacio": "SE CREA EL PRESENTE CÓDIGO CATASTRAL POR PROCESO DE LEGALIZACIÓN DE BIENES MOSTRENCO - RESP. TÉCNICO P.L. -12/06/2026", "observac_1": null, "barrio": "SAN ANTONIO", "parroquia_": 8, "barrio_id": 225, "proceso": 0, "fecha_regi": null, "activo_cat": "SI", "desactivad": 0, "avaluo_rem": 0.0, "avaluo_r_1": 0.0, "clasificac": "POR LEGALIZAR", "anio_deuda": 0, "deuda": 0.0, "valor_ip": 0.0, "coactiva": null, "ficharegis": 0, "etam": 0.0925806874, "diferencia": -0.0020239871, "porc_difer": -1.7348e-05, "admisible": 1, "deuda_anio": 0.0, "id_1": 99131, "lote_id_1": 110484, "clavecat_1": "4-03-12-35-000", "Clave_Ok": "4-03-12-35-000", "zona_1": 4, "sector_1": 3, "manzana_1": 12, "lote_1": 35, "ph_1": 0, "propieta_1": "GOBIERNO AUTONOMO DESCENTRALIZADO  MUNICIPAL MANTA .", "document_1": 1360000980000.0, "direccio_1": "PARROQUIA SANTA MARIANITA - SECTOR SAN ANTONIO MZ 09 - LT 10", "area_m2_1": 116.67, "frente_u_1": 10.3, "frente_t_1": 29.32, "avaluo_c_1": 27510.0, "avaluo_s_1": 5953.67, "zonaurba_1": "N?ÜCLEOS URBANOS EN ZONA RURAL", "parroqui_1": "SANTA MARIANITA", "esta_blo_1": "NO", "es_terce_1": "NO", "tiene_el_1": "SI", "tiene_ag_1": "NO", "tiene_al_1": "NO", "observac_2": "SE CREA EL PRESENTE C?ôDIGO CATASTRAL POR PROCESO DE LEGALIZACI?ôN DE BIENES MOSTRENCO - RESP. T?ëCNICO P.L. -12/06/2026", "observac_3": null, "barrio_1": "SAN ANTONIO", "parroquia1": 8, "barrio_i_1": 225, "proceso_1": 0, "fecha_re_1": null, "activo_c_1": "SI", "desactiv_1": 0, "avaluo_r_2": 0.0, "avaluo_r_3": 0.0, "clasific_1": "POR LEGALIZAR", "anio_deu_1": 0, "deuda_1": 0.0, "valor_ip_1": 0.0, "coactiva_1": null, "fichareg_1": 0, "etam_1": 0.0925806874, "diferenc_1": -0.0020239871, "porc_dif_1": -1.7348e-05, "admisibl_1": "VERDADERO", "deuda_an_1": 0.0, "RESOLUCION": "660-20-08-2026" }, "geometry": { "type": "MultiPolygon", "coordinates": [ [ [ [ -80.850530268163496, -0.995672512305648 ], [ -80.850528132355123, -0.995672160629348 ], [ -80.850509202985421, -0.995683378362059 ], [ -80.850471443055653, -0.995707116636423 ], [ -80.850429782276692, -0.995731488039959 ], [ -80.850409432650196, -0.995745854151964 ], [ -80.8503987814466, -0.995753543832458 ], [ -80.850463032581345, -0.995820633378045 ], [ -80.850526953605311, -0.995745900217696 ], [ -80.850530268163496, -0.995672512305648 ] ] ] ] } },
{ "type": "Feature", "properties": { "id": 99132, "lote_id": 110493, "clavecatas": "4-03-12-36-000", "zona": "4", "sector": "03", "manzana": "12", "lote": "36", "ph": "000", "propietari": "GOBIERNO AUTONOMO DESCENTRALIZADO  MUNICIPAL MANTA .", "documentop": "1360000980001", "direccion": "PARROQUIA SANTA MARIANITA - SECTOR SAN ANTONIO MZ 05 - LT 01", "area_m2": 209.89, "frente_uti": 12.4, "frente_tot": 15.1, "avaluo_con": 20555.14, "avaluo_sue": 6120.39, "zonaurbano": "NÚCLEOS URBANOS EN ZONA RURAL", "parroquia": "SANTA MARIANITA", "esta_bloqu": "NO", "es_tercera": "NO", "tiene_elec": "SI", "tiene_agua": "NO", "tiene_alca": "NO", "observacio": "SE CREA EL PRESENTE CÓDIGO CATASTRAL POR PROCESO DE LEGALIZACIÓN DE BIENES MOSTRENCO - RESP. TÉCNICO P.L. -12/06/2026", "observac_1": null, "barrio": "SAN ANTONIO", "parroquia_": 8, "barrio_id": 225, "proceso": 0, "fecha_regi": null, "activo_cat": "SI", "desactivad": 0, "avaluo_rem": 0.0, "avaluo_r_1": 0.0, "clasificac": "POR LEGALIZAR", "anio_deuda": 0, "deuda": 0.0, "valor_ip": 0.0, "coactiva": null, "ficharegis": 0, "etam": 0.1380492724, "diferencia": -0.0007116293, "porc_difer": -3.3905e-06, "admisible": 1, "deuda_anio": 0.0, "id_1": 99132, "lote_id_1": 110493, "clavecat_1": "4-03-12-36-000", "Clave_Ok": "4-03-12-36-000", "zona_1": 4, "sector_1": 3, "manzana_1": 12, "lote_1": 36, "ph_1": 0, "propieta_1": "GOBIERNO AUTONOMO DESCENTRALIZADO  MUNICIPAL MANTA .", "document_1": 1360000980000.0, "direccio_1": "PARROQUIA SANTA MARIANITA - SECTOR SAN ANTONIO MZ 05 - LT 01", "area_m2_1": 209.89, "frente_u_1": 12.4, "frente_t_1": 15.1, "avaluo_c_1": 20555.14, "avaluo_s_1": 6120.39, "zonaurba_1": "N?ÜCLEOS URBANOS EN ZONA RURAL", "parroqui_1": "SANTA MARIANITA", "esta_blo_1": "NO", "es_terce_1": "NO", "tiene_el_1": "SI", "tiene_ag_1": "NO", "tiene_al_1": "NO", "observac_2": "SE CREA EL PRESENTE C?ôDIGO CATASTRAL POR PROCESO DE LEGALIZACI?ôN DE BIENES MOSTRENCO - RESP. T?ëCNICO P.L. -12/06/2026", "observac_3": null, "barrio_1": "SAN ANTONIO", "parroquia1": 8, "barrio_i_1": 225, "proceso_1": 0, "fecha_re_1": null, "activo_c_1": "SI", "desactiv_1": 0, "avaluo_r_2": 0.0, "avaluo_r_3": 0.0, "clasific_1": "POR LEGALIZAR", "anio_deu_1": 0, "deuda_1": 0.0, "valor_ip_1": 0.0, "coactiva_1": null, "fichareg_1": 0, "etam_1": 0.1380492724, "diferenc_1": -0.0007116293, "porc_dif_1": -3.3905e-06, "admisibl_1": "VERDADERO", "deuda_an_1": 0.0, "RESOLUCION": "660-20-08-2026" }, "geometry": { "type": "MultiPolygon", "coordinates": [ [ [ [ -80.849333377514327, -0.99806875398935 ], [ -80.849275476712521, -0.997972895290091 ], [ -80.849252282957011, -0.997980082005858 ], [ -80.849138032234237, -0.998015483232766 ], [ -80.849168157289938, -0.998126778714754 ], [ -80.849206215065919, -0.998116000889628 ], [ -80.84920290721594, -0.998103780207374 ], [ -80.849285000092735, -0.998078988730206 ], [ -80.849333377514327, -0.99806875398935 ] ] ] ] } },
{ "type": "Feature", "properties": { "id": 99133, "lote_id": 110491, "clavecatas": "4-03-12-37-000", "zona": "4", "sector": "03", "manzana": "12", "lote": "37", "ph": "000", "propietari": "GOBIERNO AUTONOMO DESCENTRALIZADO  MUNICIPAL MANTA .", "documentop": "1360000980001", "direccion": "PARROQUIA SANTA MARIANITA - SECTOR SAN ANTONIO MZ 05 - LT 08", "area_m2": 239.22, "frente_uti": 9.78, "frente_tot": 9.78, "avaluo_con": 14959.11, "avaluo_sue": 6626.87, "zonaurbano": "NÚCLEOS URBANOS EN ZONA RURAL", "parroquia": "SANTA MARIANITA", "esta_bloqu": "NO", "es_tercera": "NO", "tiene_elec": "SI", "tiene_agua": "NO", "tiene_alca": "NO", "observacio": "SE CREA EL PRESENTE CÓDIGO CATASTRAL POR PROCESO DE LEGALIZACIÓN DE BIENES MOSTRENCO - RESP. TÉCNICO P.L. -12/06/2026", "observac_1": null, "barrio": "SAN ANTONIO", "parroquia_": 8, "barrio_id": 225, "proceso": 0, "fecha_regi": null, "activo_cat": "SI", "desactivad": 0, "avaluo_rem": 0.0, "avaluo_r_1": 0.0, "clasificac": "POR LEGALIZAR", "anio_deuda": 0, "deuda": 0.0, "valor_ip": 0.0, "coactiva": null, "ficharegis": 0, "etam": 0.1293097442, "diferencia": -0.0037030706, "porc_difer": -1.54798e-05, "admisible": 1, "deuda_anio": 0.0, "id_1": 99133, "lote_id_1": 110491, "clavecat_1": "4-03-12-37-000", "Clave_Ok": "4-03-12-37-000", "zona_1": 4, "sector_1": 3, "manzana_1": 12, "lote_1": 37, "ph_1": 0, "propieta_1": "GOBIERNO AUTONOMO DESCENTRALIZADO  MUNICIPAL MANTA .", "document_1": 1360000980000.0, "direccio_1": "PARROQUIA SANTA MARIANITA - SECTOR SAN ANTONIO MZ 05 - LT 08", "area_m2_1": 239.22, "frente_u_1": 9.78, "frente_t_1": 9.78, "avaluo_c_1": 14959.11, "avaluo_s_1": 6626.87, "zonaurba_1": "N?ÜCLEOS URBANOS EN ZONA RURAL", "parroqui_1": "SANTA MARIANITA", "esta_blo_1": "NO", "es_terce_1": "NO", "tiene_el_1": "SI", "tiene_ag_1": "NO", "tiene_al_1": "NO", "observac_2": "SE CREA EL PRESENTE C?ôDIGO CATASTRAL POR PROCESO DE LEGALIZACI?ôN DE BIENES MOSTRENCO - RESP. T?ëCNICO P.L. -12/06/2026", "observac_3": null, "barrio_1": "SAN ANTONIO", "parroquia1": 8, "barrio_i_1": 225, "proceso_1": 0, "fecha_re_1": null, "activo_c_1": "SI", "desactiv_1": 0, "avaluo_r_2": 0.0, "avaluo_r_3": 0.0, "clasific_1": "POR LEGALIZAR", "anio_deu_1": 0, "deuda_1": 0.0, "valor_ip_1": 0.0, "coactiva_1": null, "fichareg_1": 0, "etam_1": 0.1293097442, "diferenc_1": -0.0037030706, "porc_dif_1": -1.54798e-05, "admisibl_1": "VERDADERO", "deuda_an_1": 0.0, "RESOLUCION": "660-20-08-2026" }, "geometry": { "type": "MultiPolygon", "coordinates": [ [ [ [ -80.849449309203465, -0.997250131341202 ], [ -80.849363443156577, -0.997268863435622 ], [ -80.849396583632341, -0.997432877739587 ], [ -80.849377253819441, -0.997437078434345 ], [ -80.849379731133112, -0.997450878188728 ], [ -80.849384524288254, -0.997477578224162 ], [ -80.849489350018814, -0.997454797821507 ], [ -80.849493480208906, -0.997454203369099 ], [ -80.849449309203465, -0.997250131341202 ] ] ] ] } },
{ "type": "Feature", "properties": { "id": 99134, "lote_id": 110492, "clavecatas": "4-03-12-38-000", "zona": "4", "sector": "03", "manzana": "12", "lote": "38", "ph": "000", "propietari": "GOBIERNO AUTONOMO DESCENTRALIZADO  MUNICIPAL MANTA .", "documentop": "1360000980001", "direccion": "PARROQUIA SANTA MARIANITA - SECTOR SAN ANTONIO MZ 05 - LT 09", "area_m2": 325.13, "frente_uti": 16.9, "frente_tot": 35.0, "avaluo_con": 24057.46, "avaluo_sue": 10534.21, "zonaurbano": "NÚCLEOS URBANOS EN ZONA RURAL", "parroquia": "SANTA MARIANITA", "esta_bloqu": "NO", "es_tercera": "NO", "tiene_elec": "SI", "tiene_agua": "NO", "tiene_alca": "NO", "observacio": "SE CREA EL PRESENTE CÓDIGO CATASTRAL POR PROCESO DE LEGALIZACIÓN DE BIENES MOSTRENCO - RESP. TÉCNICO P.L. -12/06/2026", "observac_1": null, "barrio": "SAN ANTONIO", "parroquia_": 8, "barrio_id": 225, "proceso": 0, "fecha_regi": null, "activo_cat": "SI", "desactivad": 0, "avaluo_rem": 0.0, "avaluo_r_1": 0.0, "clasificac": "POR LEGALIZAR", "anio_deuda": 0, "deuda": 0.0, "valor_ip": 0.0, "coactiva": null, "ficharegis": 0, "etam": 0.1663767868, "diferencia": -0.0006027675, "porc_difer": -1.8539e-06, "admisible": 1, "deuda_anio": 0.0, "id_1": 99134, "lote_id_1": 110492, "clavecat_1": "4-03-12-38-000", "Clave_Ok": "4-03-12-38-000", "zona_1": 4, "sector_1": 3, "manzana_1": 12, "lote_1": 38, "ph_1": 0, "propieta_1": "GOBIERNO AUTONOMO DESCENTRALIZADO  MUNICIPAL MANTA .", "document_1": 1360000980000.0, "direccio_1": "PARROQUIA SANTA MARIANITA - SECTOR SAN ANTONIO MZ 05 - LT 09", "area_m2_1": 325.13, "frente_u_1": 16.9, "frente_t_1": 35.0, "avaluo_c_1": 24057.46, "avaluo_s_1": 10534.21, "zonaurba_1": "N?ÜCLEOS URBANOS EN ZONA RURAL", "parroqui_1": "SANTA MARIANITA", "esta_blo_1": "NO", "es_terce_1": "NO", "tiene_el_1": "SI", "tiene_ag_1": "NO", "tiene_al_1": "NO", "observac_2": "SE CREA EL PRESENTE C?ôDIGO CATASTRAL POR PROCESO DE LEGALIZACI?ôN DE BIENES MOSTRENCO - RESP. T?ëCNICO P.L. -12/06/2026", "observac_3": null, "barrio_1": "SAN ANTONIO", "parroquia1": 8, "barrio_i_1": 225, "proceso_1": 0, "fecha_re_1": null, "activo_c_1": "SI", "desactiv_1": 0, "avaluo_r_2": 0.0, "avaluo_r_3": 0.0, "clasific_1": "POR LEGALIZAR", "anio_deu_1": 0, "deuda_1": 0.0, "valor_ip_1": 0.0, "coactiva_1": null, "fichareg_1": 0, "etam_1": 0.1663767868, "diferenc_1": -0.0006027675, "porc_dif_1": -1.8539e-06, "admisibl_1": "VERDADERO", "deuda_an_1": 0.0, "RESOLUCION": "660-20-08-2026" }, "geometry": { "type": "MultiPolygon", "coordinates": [ [ [ [ -80.849363443156577, -0.997268863435622 ], [ -80.84921545583579, -0.997303336063374 ], [ -80.849247371277315, -0.997463909245824 ], [ -80.849282143232401, -0.997454712489924 ], [ -80.849285230733045, -0.997468850544758 ], [ -80.849379731133112, -0.997450878188728 ], [ -80.849377253819441, -0.997437078434345 ], [ -80.849396583632341, -0.997432877739587 ], [ -80.849363443156577, -0.997268863435622 ] ] ] ] } },
{ "type": "Feature", "properties": { "id": 99135, "lote_id": 110507, "clavecatas": "4-03-12-39-000", "zona": "4", "sector": "03", "manzana": "12", "lote": "39", "ph": "000", "propietari": null, "documentop": null, "direccion": "PARROQUIA SANTA MARIANITA - SECTOR SAN ANTONIO MZ 05 - LT 10", "area_m2": 768.93, "frente_uti": 17.0, "frente_tot": 100.97, "avaluo_con": 0.0, "avaluo_sue": 7689.3, "zonaurbano": "NÚCLEOS URBANOS EN ZONA RURAL", "parroquia": "SANTA MARIANITA", "esta_bloqu": "NO", "es_tercera": "NO", "tiene_elec": "SI", "tiene_agua": "NO", "tiene_alca": "NO", "observacio": "SE CREA EL PRESENTE CÓDIGO CATASTRAL POR PROCESO DE LEGALIZACIÓN DE BIENES MOSTRENCO - RESP. TÉCNICO P.L. -15/06/2026", "observac_1": null, "barrio": "SAN ANTONIO", "parroquia_": 8, "barrio_id": 225, "proceso": 0, "fecha_regi": null, "activo_cat": "SI", "desactivad": 0, "avaluo_rem": 0.0, "avaluo_r_1": 0.0, "clasificac": "POR LEGALIZAR", "anio_deuda": 0, "deuda": 0.0, "valor_ip": 0.0, "coactiva": null, "ficharegis": 0, "etam": 0.1442502547, "diferencia": -0.2087586697, "porc_difer": -0.0002714924, "admisible": 1, "deuda_anio": 0.0, "id_1": 99135, "lote_id_1": 110507, "clavecat_1": "4-03-12-39-000", "Clave_Ok": "4-03-12-39-000", "zona_1": 4, "sector_1": 3, "manzana_1": 12, "lote_1": 39, "ph_1": 0, "propieta_1": null, "document_1": 0.0, "direccio_1": "PARROQUIA SANTA MARIANITA - SECTOR SAN ANTONIO MZ 05 - LT 10", "area_m2_1": 768.93, "frente_u_1": 17.0, "frente_t_1": 100.97, "avaluo_c_1": 0.0, "avaluo_s_1": 7689.3, "zonaurba_1": "N?ÜCLEOS URBANOS EN ZONA RURAL", "parroqui_1": "SANTA MARIANITA", "esta_blo_1": "NO", "es_terce_1": "NO", "tiene_el_1": "SI", "tiene_ag_1": "NO", "tiene_al_1": "NO", "observac_2": "SE CREA EL PRESENTE C?ôDIGO CATASTRAL POR PROCESO DE LEGALIZACI?ôN DE BIENES MOSTRENCO - RESP. T?ëCNICO P.L. -15/06/2026", "observac_3": null, "barrio_1": "SAN ANTONIO", "parroquia1": 8, "barrio_i_1": 225, "proceso_1": 0, "fecha_re_1": null, "activo_c_1": "SI", "desactiv_1": 0, "avaluo_r_2": 0.0, "avaluo_r_3": 0.0, "clasific_1": "POR LEGALIZAR", "anio_deu_1": 0, "deuda_1": 0.0, "valor_ip_1": 0.0, "coactiva_1": null, "fichareg_1": 0, "etam_1": 0.1442502547, "diferenc_1": -0.2087586697, "porc_dif_1": -0.0002714924, "admisibl_1": "VERDADERO", "deuda_an_1": 0.0, "RESOLUCION": "659-20-08-2026" }, "geometry": { "type": "MultiPolygon", "coordinates": [ [ [ [ -80.849159826193286, -0.997326840721579 ], [ -80.849104816720697, -0.997335807121965 ], [ -80.849089538705684, -0.997306073923411 ], [ -80.849039037196249, -0.997303171845396 ], [ -80.848916171686469, -0.997327877522359 ], [ -80.848928489441661, -0.997361390225664 ], [ -80.848928005102849, -0.997408433422995 ], [ -80.848905661961467, -0.99741083507234 ], [ -80.848909049995356, -0.997428724443972 ], [ -80.848737257090562, -0.997441708968486 ], [ -80.848738258154256, -0.997451000315897 ], [ -80.848795395828731, -0.997494940377541 ], [ -80.848828212731348, -0.997509720974298 ], [ -80.848863026430081, -0.997518756303139 ], [ -80.848889986603723, -0.997519225758082 ], [ -80.849004871173094, -0.997525382694398 ], [ -80.849018213846279, -0.997530783063469 ], [ -80.84919967849433, -0.997475310794607 ], [ -80.849188012723232, -0.997428820395489 ], [ -80.849159826193286, -0.997326840721579 ] ] ] ] } },
{ "type": "Feature", "properties": { "id": 99136, "lote_id": 110524, "clavecatas": "4-03-12-40-000", "zona": "4", "sector": "03", "manzana": "12", "lote": "40", "ph": "000", "propietari": null, "documentop": null, "direccion": "PARROQUIA SANTA MARIANITA - SECTOR SAN ANTONIO MZ 05 - LT 14", "area_m2": 690.26, "frente_uti": 46.89, "frente_tot": 46.89, "avaluo_con": 25066.34, "avaluo_sue": 6902.6, "zonaurbano": "NÚCLEOS URBANOS EN ZONA RURAL", "parroquia": "SANTA MARIANITA", "esta_bloqu": "NO", "es_tercera": "NO", "tiene_elec": "SI", "tiene_agua": "NO", "tiene_alca": "NO", "observacio": "SE CREA EL PRESENTE CÓDIGO CATASTRAL POR PROCESO DE LEGALIZACIÓN DE BIENES MOSTRENCO - RESP. TÉCNICO P.L. -15/06/2026", "observac_1": null, "barrio": "SAN ANTONIO", "parroquia_": 8, "barrio_id": 225, "proceso": 0, "fecha_regi": null, "activo_cat": "SI", "desactivad": 0, "avaluo_rem": 0.0, "avaluo_r_1": 0.0, "clasificac": "POR LEGALIZAR", "anio_deuda": 0, "deuda": 0.0, "valor_ip": 0.0, "coactiva": null, "ficharegis": 0, "etam": 0.1522487157, "diferencia": -0.0011032755, "porc_difer": -1.5983e-06, "admisible": 1, "deuda_anio": 0.0, "id_1": 99136, "lote_id_1": 110524, "clavecat_1": "4-03-12-40-000", "Clave_Ok": "4-03-12-40-000", "zona_1": 4, "sector_1": 3, "manzana_1": 12, "lote_1": 40, "ph_1": 0, "propieta_1": null, "document_1": 0.0, "direccio_1": "PARROQUIA SANTA MARIANITA - SECTOR SAN ANTONIO MZ 05 - LT 14", "area_m2_1": 690.26, "frente_u_1": 46.89, "frente_t_1": 46.89, "avaluo_c_1": 25066.34, "avaluo_s_1": 6902.6, "zonaurba_1": "N?ÜCLEOS URBANOS EN ZONA RURAL", "parroqui_1": "SANTA MARIANITA", "esta_blo_1": "NO", "es_terce_1": "NO", "tiene_el_1": "SI", "tiene_ag_1": "NO", "tiene_al_1": "NO", "observac_2": "SE CREA EL PRESENTE C?ôDIGO CATASTRAL POR PROCESO DE LEGALIZACI?ôN DE BIENES MOSTRENCO - RESP. T?ëCNICO P.L. -15/06/2026", "observac_3": null, "barrio_1": "SAN ANTONIO", "parroquia1": 8, "barrio_i_1": 225, "proceso_1": 0, "fecha_re_1": null, "activo_c_1": "SI", "desactiv_1": 0, "avaluo_r_2": 0.0, "avaluo_r_3": 0.0, "clasific_1": "POR LEGALIZAR", "anio_deu_1": 0, "deuda_1": 0.0, "valor_ip_1": 0.0, "coactiva_1": null, "fichareg_1": 0, "etam_1": 0.1522487157, "diferenc_1": -0.0011032755, "porc_dif_1": -1.5983e-06, "admisibl_1": "VERDADERO", "deuda_an_1": 0.0, "RESOLUCION": "659-20-08-2026" }, "geometry": { "type": "MultiPolygon", "coordinates": [ [ [ [ -80.849726989546312, -0.997004179240327 ], [ -80.849723285641673, -0.996931126836214 ], [ -80.849721647576104, -0.99692162062702 ], [ -80.849459851916379, -0.996901467978178 ], [ -80.849259471317325, -0.996918737748676 ], [ -80.849262686047567, -0.997015182257991 ], [ -80.849441161791887, -0.997033926129709 ], [ -80.849662494447315, -0.997045856000655 ], [ -80.849726989546312, -0.997004179240327 ] ] ] ] } },
{ "type": "Feature", "properties": { "id": 99137, "lote_id": 110494, "clavecatas": "4-03-12-41-000", "zona": "4", "sector": "03", "manzana": "12", "lote": "41", "ph": "000", "propietari": null, "documentop": null, "direccion": "PARROQUIA SANTA MARIANITA - SECTOR NUEVA ESPERANZA MZ 01 - LT 01", "area_m2": 62.33, "frente_uti": 6.71, "frente_tot": 15.56, "avaluo_con": 5000.13, "avaluo_sue": 623.3, "zonaurbano": "NÚCLEOS URBANOS EN ZONA RURAL", "parroquia": "SANTA MARIANITA", "esta_bloqu": "NO", "es_tercera": "NO", "tiene_elec": "SI", "tiene_agua": "NO", "tiene_alca": "NO", "observacio": "SE CREA EL PRESENTE CÓDIGO CATASTRAL POR PROCESO DE LEGALIZACIÓN DE BIENES MOSTRENCO - RESP. TÉCNICO P.L. -12/06/2026", "observac_1": null, "barrio": "NUEVA ESPERANZA", "parroquia_": 8, "barrio_id": 414, "proceso": 0, "fecha_regi": null, "activo_cat": "SI", "desactivad": 0, "avaluo_rem": 0.0, "avaluo_r_1": 0.0, "clasificac": "POR LEGALIZAR", "anio_deuda": 0, "deuda": 0.0, "valor_ip": 0.0, "coactiva": null, "ficharegis": 0, "etam": 0.1, "diferencia": -0.0006966433, "porc_difer": -1.11767e-05, "admisible": 1, "deuda_anio": 0.0, "id_1": 99137, "lote_id_1": 110494, "clavecat_1": "4-03-12-41-000", "Clave_Ok": "4-03-12-41-000", "zona_1": 4, "sector_1": 3, "manzana_1": 12, "lote_1": 41, "ph_1": 0, "propieta_1": null, "document_1": 0.0, "direccio_1": "PARROQUIA SANTA MARIANITA - SECTOR NUEVA ESPERANZA MZ 01 - LT 01", "area_m2_1": 62.33, "frente_u_1": 6.71, "frente_t_1": 15.56, "avaluo_c_1": 5000.13, "avaluo_s_1": 623.3, "zonaurba_1": "N?ÜCLEOS URBANOS EN ZONA RURAL", "parroqui_1": "SANTA MARIANITA", "esta_blo_1": "NO", "es_terce_1": "NO", "tiene_el_1": "SI", "tiene_ag_1": "NO", "tiene_al_1": "NO", "observac_2": "SE CREA EL PRESENTE C?ôDIGO CATASTRAL POR PROCESO DE LEGALIZACI?ôN DE BIENES MOSTRENCO - RESP. T?ëCNICO P.L. -12/06/2026", "observac_3": null, "barrio_1": "NUEVA ESPERANZA", "parroquia1": 8, "barrio_i_1": 414, "proceso_1": 0, "fecha_re_1": null, "activo_c_1": "SI", "desactiv_1": 0, "avaluo_r_2": 0.0, "avaluo_r_3": 0.0, "clasific_1": "POR LEGALIZAR", "anio_deu_1": 0, "deuda_1": 0.0, "valor_ip_1": 0.0, "coactiva_1": null, "fichareg_1": 0, "etam_1": 0.1, "diferenc_1": -0.0006966433, "porc_dif_1": -1.11767e-05, "admisibl_1": "VERDADERO", "deuda_an_1": 0.0, "RESOLUCION": "659-20-08-2026" }, "geometry": { "type": "MultiPolygon", "coordinates": [ [ [ [ -80.849263646873709, -0.999916278046177 ], [ -80.849184180097396, -0.999921193096453 ], [ -80.849186950661718, -0.999974732790644 ], [ -80.849212196673832, -0.999974290844618 ], [ -80.849292937079525, -0.99996929702047 ], [ -80.849263646873709, -0.999916278046177 ] ] ] ] } },
{ "type": "Feature", "properties": { "id": 99138, "lote_id": 110495, "clavecatas": "4-03-12-42-000", "zona": "4", "sector": "03", "manzana": "12", "lote": "42", "ph": "000", "propietari": "GOBIERNO AUTONOMO DESCENTRALIZADO  MUNICIPAL MANTA .", "documentop": "1360000980001", "direccion": "PARROQUIA SANTA MARIANITA - SECTOR NUEVA ESPERANZA MZ 01 - LT 02", "area_m2": 228.46, "frente_uti": 19.1, "frente_tot": 19.1, "avaluo_con": 14288.0, "avaluo_sue": 6661.89, "zonaurbano": "NÚCLEOS URBANOS EN ZONA RURAL", "parroquia": "SANTA MARIANITA", "esta_bloqu": "NO", "es_tercera": "NO", "tiene_elec": "SI", "tiene_agua": "NO", "tiene_alca": "NO", "observacio": "SE CREA EL PRESENTE CÓDIGO CATASTRAL POR PROCESO DE LEGALIZACIÓN DE BIENES MOSTRENCO - RESP. TÉCNICO P.L. -12/06/2026", "observac_1": null, "barrio": "NUEVA ESPERANZA", "parroquia_": 8, "barrio_id": 414, "proceso": 0, "fecha_regi": null, "activo_cat": "SI", "desactivad": 0, "avaluo_rem": 0.0, "avaluo_r_1": 0.0, "clasificac": "POR LEGALIZAR", "anio_deuda": 0, "deuda": 0.0, "valor_ip": 0.0, "coactiva": null, "ficharegis": 0, "etam": 0.1323198224, "diferencia": -0.0043285795, "porc_difer": -1.89468e-05, "admisible": 1, "deuda_anio": 0.0, "id_1": 99138, "lote_id_1": 110495, "clavecat_1": "4-03-12-42-000", "Clave_Ok": "4-03-12-42-000", "zona_1": 4, "sector_1": 3, "manzana_1": 12, "lote_1": 42, "ph_1": 0, "propieta_1": "GOBIERNO AUTONOMO DESCENTRALIZADO  MUNICIPAL MANTA .", "document_1": 1360000980000.0, "direccio_1": "PARROQUIA SANTA MARIANITA - SECTOR NUEVA ESPERANZA MZ 01 - LT 02", "area_m2_1": 228.46, "frente_u_1": 19.1, "frente_t_1": 19.1, "avaluo_c_1": 14288.0, "avaluo_s_1": 6661.89, "zonaurba_1": "N?ÜCLEOS URBANOS EN ZONA RURAL", "parroqui_1": "SANTA MARIANITA", "esta_blo_1": "NO", "es_terce_1": "NO", "tiene_el_1": "SI", "tiene_ag_1": "NO", "tiene_al_1": "NO", "observac_2": "SE CREA EL PRESENTE C?ôDIGO CATASTRAL POR PROCESO DE LEGALIZACI?ôN DE BIENES MOSTRENCO - RESP. T?ëCNICO P.L. -12/06/2026", "observac_3": null, "barrio_1": "NUEVA ESPERANZA", "parroquia1": 8, "barrio_i_1": 414, "proceso_1": 0, "fecha_re_1": null, "activo_c_1": "SI", "desactiv_1": 0, "avaluo_r_2": 0.0, "avaluo_r_3": 0.0, "clasific_1": "POR LEGALIZAR", "anio_deu_1": 0, "deuda_1": 0.0, "valor_ip_1": 0.0, "coactiva_1": null, "fichareg_1": 0, "etam_1": 0.1323198224, "diferenc_1": -0.0043285795, "porc_dif_1": -1.89468e-05, "admisibl_1": "VERDADERO", "deuda_an_1": 0.0, "RESOLUCION": "660-20-08-2026" }, "geometry": { "type": "MultiPolygon", "coordinates": [ [ [ [ -80.849184180097396, -0.999921193096453 ], [ -80.849112505247135, -0.999903867231131 ], [ -80.849094947945673, -0.99980682946131 ], [ -80.849003845033664, -0.999817997667277 ], [ -80.849005431795703, -0.999828740070571 ], [ -80.849019773870751, -0.999925835422059 ], [ -80.849023880125344, -0.999966337713094 ], [ -80.849121850026449, -0.999966495573313 ], [ -80.849186950661718, -0.999974732790644 ], [ -80.849184180097396, -0.999921193096453 ] ] ] ] } },
{ "type": "Feature", "properties": { "id": 99139, "lote_id": 110505, "clavecatas": "4-03-12-43-000", "zona": "4", "sector": "03", "manzana": "12", "lote": "43", "ph": "000", "propietari": null, "documentop": null, "direccion": "PARROQUIA SANTA MARIANITA - SECTOR NUEVA ESPERANZA MZ 01 - LT 03", "area_m2": 261.88, "frente_uti": 10.05, "frente_tot": 29.75, "avaluo_con": 0.0, "avaluo_sue": 2618.8, "zonaurbano": "NÚCLEOS URBANOS EN ZONA RURAL", "parroquia": "SANTA MARIANITA", "esta_bloqu": "NO", "es_tercera": "NO", "tiene_elec": "SI", "tiene_agua": "NO", "tiene_alca": "NO", "observacio": "SE CREA EL PRESENTE CÓDIGO CATASTRAL POR PROCESO DE LEGALIZACIÓN DE BIENES MOSTRENCO - RESP. TÉCNICO P.L. -15/06/2026", "observac_1": null, "barrio": "NUEVA ESPERANZA", "parroquia_": 8, "barrio_id": 414, "proceso": 0, "fecha_regi": null, "activo_cat": "SI", "desactivad": 0, "avaluo_rem": 0.0, "avaluo_r_1": 0.0, "clasificac": "POR LEGALIZAR", "anio_deuda": 0, "deuda": 0.0, "valor_ip": 0.0, "coactiva": null, "ficharegis": 0, "etam": 0.1235887186, "diferencia": 0.0014031253, "porc_difer": 5.3579e-06, "admisible": 1, "deuda_anio": 0.0, "id_1": 99139, "lote_id_1": 110505, "clavecat_1": "4-03-12-43-000", "Clave_Ok": "4-03-12-43-000", "zona_1": 4, "sector_1": 3, "manzana_1": 12, "lote_1": 43, "ph_1": 0, "propieta_1": null, "document_1": 0.0, "direccio_1": "PARROQUIA SANTA MARIANITA - SECTOR NUEVA ESPERANZA MZ 01 - LT 03", "area_m2_1": 261.88, "frente_u_1": 10.05, "frente_t_1": 29.75, "avaluo_c_1": 0.0, "avaluo_s_1": 2618.8, "zonaurba_1": "N?ÜCLEOS URBANOS EN ZONA RURAL", "parroqui_1": "SANTA MARIANITA", "esta_blo_1": "NO", "es_terce_1": "NO", "tiene_el_1": "SI", "tiene_ag_1": "NO", "tiene_al_1": "NO", "observac_2": "SE CREA EL PRESENTE C?ôDIGO CATASTRAL POR PROCESO DE LEGALIZACI?ôN DE BIENES MOSTRENCO - RESP. T?ëCNICO P.L. -15/06/2026", "observac_3": null, "barrio_1": "NUEVA ESPERANZA", "parroquia1": 8, "barrio_i_1": 414, "proceso_1": 0, "fecha_re_1": null, "activo_c_1": "SI", "desactiv_1": 0, "avaluo_r_2": 0.0, "avaluo_r_3": 0.0, "clasific_1": "POR LEGALIZAR", "anio_deu_1": 0, "deuda_1": 0.0, "valor_ip_1": 0.0, "coactiva_1": null, "fichareg_1": 0, "etam_1": 0.1235887186, "diferenc_1": 0.0014031253, "porc_dif_1": 5.3579e-06, "admisibl_1": "VERDADERO", "deuda_an_1": 0.0, "RESOLUCION": "659-20-08-2026" }, "geometry": { "type": "MultiPolygon", "coordinates": [ [ [ [ -80.849005431795703, -0.999828740070571 ], [ -80.848986217766765, -0.999830790504779 ], [ -80.848986552492846, -0.999834621272112 ], [ -80.84890071735046, -0.999843496354365 ], [ -80.848905647987479, -0.999905160284477 ], [ -80.848884390920176, -0.999951084912101 ], [ -80.848892268693319, -1.000023027255073 ], [ -80.848981593296983, -1.000036556493662 ], [ -80.848987937699775, -0.999967185966784 ], [ -80.849023880125344, -0.999966337713094 ], [ -80.849019773870751, -0.999925835422059 ], [ -80.849005431795703, -0.999828740070571 ] ] ] ] } },
{ "type": "Feature", "properties": { "id": 99140, "lote_id": 110504, "clavecatas": "4-03-12-44-000", "zona": "4", "sector": "03", "manzana": "12", "lote": "44", "ph": "000", "propietari": null, "documentop": null, "direccion": "PARROQUIA SANTA MARIANITA - SECTOR NUEVA ESPERANZA MZ 01 - LT 11", "area_m2": 164.56, "frente_uti": 13.29, "frente_tot": 38.74, "avaluo_con": 0.0, "avaluo_sue": 1645.6, "zonaurbano": "NÚCLEOS URBANOS EN ZONA RURAL", "parroquia": "SANTA MARIANITA", "esta_bloqu": "NO", "es_tercera": "NO", "tiene_elec": "SI", "tiene_agua": "NO", "tiene_alca": "NO", "observacio": "SE CREA EL PRESENTE CÓDIGO CATASTRAL POR PROCESO DE LEGALIZACIÓN DE BIENES MOSTRENCO - RESP. TÉCNICO P.L. -15/06/2026", "observac_1": null, "barrio": "NUEVA ESPERANZA", "parroquia_": 8, "barrio_id": 414, "proceso": 0, "fecha_regi": null, "activo_cat": "SI", "desactivad": 0, "avaluo_rem": 0.0, "avaluo_r_1": 0.0, "clasificac": "POR LEGALIZAR", "anio_deuda": 0, "deuda": 0.0, "valor_ip": 0.0, "coactiva": null, "ficharegis": 0, "etam": 0.0779539023, "diferencia": 0.0036877523, "porc_difer": 2.24098e-05, "admisible": 1, "deuda_anio": 0.0, "id_1": 99140, "lote_id_1": 110504, "clavecat_1": "4-03-12-44-000", "Clave_Ok": "4-03-12-44-000", "zona_1": 4, "sector_1": 3, "manzana_1": 12, "lote_1": 44, "ph_1": 0, "propieta_1": null, "document_1": 0.0, "direccio_1": "PARROQUIA SANTA MARIANITA - SECTOR NUEVA ESPERANZA MZ 01 - LT 11", "area_m2_1": 164.56, "frente_u_1": 13.29, "frente_t_1": 38.74, "avaluo_c_1": 0.0, "avaluo_s_1": 1645.6, "zonaurba_1": "N?ÜCLEOS URBANOS EN ZONA RURAL", "parroqui_1": "SANTA MARIANITA", "esta_blo_1": "NO", "es_terce_1": "NO", "tiene_el_1": "SI", "tiene_ag_1": "NO", "tiene_al_1": "NO", "observac_2": "SE CREA EL PRESENTE C?ôDIGO CATASTRAL POR PROCESO DE LEGALIZACI?ôN DE BIENES MOSTRENCO - RESP. T?ëCNICO P.L. -15/06/2026", "observac_3": null, "barrio_1": "NUEVA ESPERANZA", "parroquia1": 8, "barrio_i_1": 414, "proceso_1": 0, "fecha_re_1": null, "activo_c_1": "SI", "desactiv_1": 0, "avaluo_r_2": 0.0, "avaluo_r_3": 0.0, "clasific_1": "POR LEGALIZAR", "anio_deu_1": 0, "deuda_1": 0.0, "valor_ip_1": 0.0, "coactiva_1": null, "fichareg_1": 0, "etam_1": 0.0779539023, "diferenc_1": 0.0036877523, "porc_dif_1": 2.24098e-05, "admisibl_1": "VERDADERO", "deuda_an_1": 0.0, "RESOLUCION": "659-20-08-2026" }, "geometry": { "type": "MultiPolygon", "coordinates": [ [ [ [ -80.849258210641537, -0.999715949711721 ], [ -80.849231541413445, -0.999726369430201 ], [ -80.849200311901825, -0.999737041378315 ], [ -80.849185938402982, -0.999741476985232 ], [ -80.84914445544095, -0.999754278468678 ], [ -80.849169795339165, -0.999825867159915 ], [ -80.849177534097819, -0.999823496259861 ], [ -80.849200030744157, -0.999870832748371 ], [ -80.849285162933555, -0.999833083086338 ], [ -80.849258210641537, -0.999715949711721 ] ] ] ] } },
{ "type": "Feature", "properties": { "id": 99141, "lote_id": 110506, "clavecatas": "4-03-12-45-000", "zona": "4", "sector": "03", "manzana": "12", "lote": "45", "ph": "000", "propietari": null, "documentop": null, "direccion": "PARROQUIA SANTA MARIANITA - SECTOR NUEVA ESPERANZA MZ 01 - LT 19", "area_m2": 366.98, "frente_uti": 13.79, "frente_tot": 13.79, "avaluo_con": 0.0, "avaluo_sue": 3669.8, "zonaurbano": "NÚCLEOS URBANOS EN ZONA RURAL", "parroquia": "SANTA MARIANITA", "esta_bloqu": "NO", "es_tercera": "NO", "tiene_elec": "SI", "tiene_agua": "NO", "tiene_alca": "NO", "observacio": "SE CREA EL PRESENTE CÓDIGO CATASTRAL POR PROCESO DE LEGALIZACIÓN DE BIENES MOSTRENCO - RESP. TÉCNICO P.L. -15/06/2026", "observac_1": null, "barrio": "NUEVA ESPERANZA", "parroquia_": 8, "barrio_id": 414, "proceso": 0, "fecha_regi": null, "activo_cat": "SI", "desactivad": 0, "avaluo_rem": 0.0, "avaluo_r_1": 0.0, "clasificac": "POR LEGALIZAR", "anio_deuda": 0, "deuda": 0.0, "valor_ip": 0.0, "coactiva": null, "ficharegis": 0, "etam": 0.1566029925, "diferencia": -0.0045809134, "porc_difer": -1.24827e-05, "admisible": 1, "deuda_anio": 0.0, "id_1": 99141, "lote_id_1": 110506, "clavecat_1": "4-03-12-45-000", "Clave_Ok": "4-03-12-45-000", "zona_1": 4, "sector_1": 3, "manzana_1": 12, "lote_1": 45, "ph_1": 0, "propieta_1": null, "document_1": 0.0, "direccio_1": "PARROQUIA SANTA MARIANITA - SECTOR NUEVA ESPERANZA MZ 01 - LT 19", "area_m2_1": 366.98, "frente_u_1": 13.79, "frente_t_1": 13.79, "avaluo_c_1": 0.0, "avaluo_s_1": 3669.8, "zonaurba_1": "N?ÜCLEOS URBANOS EN ZONA RURAL", "parroqui_1": "SANTA MARIANITA", "esta_blo_1": "NO", "es_terce_1": "NO", "tiene_el_1": "SI", "tiene_ag_1": "NO", "tiene_al_1": "NO", "observac_2": "SE CREA EL PRESENTE C?ôDIGO CATASTRAL POR PROCESO DE LEGALIZACI?ôN DE BIENES MOSTRENCO - RESP. T?ëCNICO P.L. -15/06/2026", "observac_3": null, "barrio_1": "NUEVA ESPERANZA", "parroquia1": 8, "barrio_i_1": 414, "proceso_1": 0, "fecha_re_1": null, "activo_c_1": "SI", "desactiv_1": 0, "avaluo_r_2": 0.0, "avaluo_r_3": 0.0, "clasific_1": "POR LEGALIZAR", "anio_deu_1": 0, "deuda_1": 0.0, "valor_ip_1": 0.0, "coactiva_1": null, "fichareg_1": 0, "etam_1": 0.1566029925, "diferenc_1": -0.0045809134, "porc_dif_1": -1.24827e-05, "admisibl_1": "VERDADERO", "deuda_an_1": 0.0, "RESOLUCION": "659-20-08-2026" }, "geometry": { "type": "MultiPolygon", "coordinates": [ [ [ [ -80.849084978389143, -0.999020912834798 ], [ -80.848888584648449, -0.999079671888942 ], [ -80.848928617977819, -0.999205659401589 ], [ -80.848931598048907, -0.999215037880475 ], [ -80.849060842560704, -0.999183508448286 ], [ -80.84912720942701, -0.999163928937352 ], [ -80.849111610965153, -0.999111104491483 ], [ -80.849084978389143, -0.999020912834798 ] ] ] ] } },
{ "type": "Feature", "properties": { "id": 99786, "lote_id": 110517, "clavecatas": "4-13-02-02-000", "zona": "4", "sector": "13", "manzana": "02", "lote": "02", "ph": "000", "propietari": null, "documentop": null, "direccion": "BARRIO BELLAVISTA DE LA PARROQUIA RURAL SANTA MARIANITA LOTE 41 DE LA MANZANA 2", "area_m2": 138.35, "frente_uti": 9.55, "frente_tot": 9.55, "avaluo_con": 0.0, "avaluo_sue": 207.53, "zonaurbano": "NÚCLEOS URBANOS EN ZONA RURAL", "parroquia": "SANTA MARIANITA", "esta_bloqu": "NO", "es_tercera": "NO", "tiene_elec": "SI", "tiene_agua": "SI", "tiene_alca": "NO", "observacio": "SE CREA EL PRESENTE CÓDIGO CATASTRAL POR PROCESO DE LEGALIZACIÓN DE BIENES MOSTRENCO - RESP. TÉCNICO M.N. -15/06/2026", "observac_1": null, "barrio": "BELLAVISTA", "parroquia_": 8, "barrio_id": 218, "proceso": 0, "fecha_regi": null, "activo_cat": "SI", "desactivad": 0, "avaluo_rem": 0.0, "avaluo_r_1": 0.0, "clasificac": "POR LEGALIZAR", "anio_deuda": 0, "deuda": 0.0, "valor_ip": 0.0, "coactiva": null, "ficharegis": 0, "etam": 0.0850179088, "diferencia": -0.005553773, "porc_difer": -4.01429e-05, "admisible": 1, "deuda_anio": 0.0, "id_1": 99786, "lote_id_1": 110517, "clavecat_1": "4-13-02-02-000", "Clave_Ok": "4-13-02-02-000", "zona_1": 4, "sector_1": 13, "manzana_1": 2, "lote_1": 2, "ph_1": 0, "propieta_1": null, "document_1": 0.0, "direccio_1": "BARRIO BELLAVISTA DE LA PARROQUIA RURAL SANTA MARIANITA LOTE 41 DE LA MANZANA 2", "area_m2_1": 138.35, "frente_u_1": 9.55, "frente_t_1": 9.55, "avaluo_c_1": 0.0, "avaluo_s_1": 207.53, "zonaurba_1": "N?ÜCLEOS URBANOS EN ZONA RURAL", "parroqui_1": "SANTA MARIANITA", "esta_blo_1": "NO", "es_terce_1": "NO", "tiene_el_1": "SI", "tiene_ag_1": "SI", "tiene_al_1": "NO", "observac_2": "SE CREA EL PRESENTE C?ôDIGO CATASTRAL POR PROCESO DE LEGALIZACI?ôN DE BIENES MOSTRENCO - RESP. T?ëCNICO M.N. -15/06/2026", "observac_3": null, "barrio_1": "BELLAVISTA", "parroquia1": 8, "barrio_i_1": 218, "proceso_1": 0, "fecha_re_1": null, "activo_c_1": "SI", "desactiv_1": 0, "avaluo_r_2": 0.0, "avaluo_r_3": 0.0, "clasific_1": "POR LEGALIZAR", "anio_deu_1": 0, "deuda_1": 0.0, "valor_ip_1": 0.0, "coactiva_1": null, "fichareg_1": 0, "etam_1": 0.0850179088, "diferenc_1": -0.005553773, "porc_dif_1": -4.01429e-05, "admisibl_1": "VERDADERO", "deuda_an_1": 0.0, "RESOLUCION": "659-20-08-2026" }, "geometry": { "type": "MultiPolygon", "coordinates": [ [ [ [ -80.845019506201936, -0.984567643022184 ], [ -80.844961040798239, -0.984504383369955 ], [ -80.84486936202768, -0.984597617322319 ], [ -80.844927825045005, -0.984660879210133 ], [ -80.844935872800775, -0.984652694954354 ], [ -80.845019506201936, -0.984567643022184 ] ] ] ] } },
{ "type": "Feature", "properties": { "id": 99788, "lote_id": 110519, "clavecatas": "4-13-02-04-000", "zona": "4", "sector": "13", "manzana": "02", "lote": "04", "ph": "000", "propietari": null, "documentop": null, "direccion": "BARRIO BELLAVISTA DE LA PARROQUIA RURAL SANTA MARIANITA LOTE 49 DE LA MANZANA 2", "area_m2": 53.55, "frente_uti": 7.0, "frente_tot": 7.0, "avaluo_con": 0.0, "avaluo_sue": 80.33, "zonaurbano": "NÚCLEOS URBANOS EN ZONA RURAL", "parroquia": "SANTA MARIANITA", "esta_bloqu": "NO", "es_tercera": "NO", "tiene_elec": "SI", "tiene_agua": "SI", "tiene_alca": "NO", "observacio": "SE CREA EL PRESENTE CÓDIGO CATASTRAL POR PROCESO DE LEGALIZACIÓN DE BIENES MOSTRENCO - RESP. TÉCNICO M.N. -15/06/2026", "observac_1": "SE CREA EL PRESENTE CÓDIGO CATASTRAL POR PROCESO DE LEGALIZACIÓN DE BIENES MOSTRENCO - RESP. TÉCNICO M.N. -15/06/2026", "barrio": "BELLAVISTA", "parroquia_": 8, "barrio_id": 218, "proceso": 0, "fecha_regi": null, "activo_cat": "SI", "desactivad": 0, "avaluo_rem": 0.0, "avaluo_r_1": 0.0, "clasificac": "POR LEGALIZAR", "anio_deuda": 0, "deuda": 0.0, "valor_ip": 0.0, "coactiva": null, "ficharegis": 0, "etam": 0.1, "diferencia": -0.0003879842, "porc_difer": -7.2453e-06, "admisible": 1, "deuda_anio": 0.0, "id_1": 99788, "lote_id_1": 110519, "clavecat_1": "4-13-02-04-000", "Clave_Ok": "4-13-02-04-000", "zona_1": 4, "sector_1": 13, "manzana_1": 2, "lote_1": 4, "ph_1": 0, "propieta_1": null, "document_1": 0.0, "direccio_1": "BARRIO BELLAVISTA DE LA PARROQUIA RURAL SANTA MARIANITA LOTE 49 DE LA MANZANA 2", "area_m2_1": 53.55, "frente_u_1": 7.0, "frente_t_1": 7.0, "avaluo_c_1": 0.0, "avaluo_s_1": 80.33, "zonaurba_1": "N?ÜCLEOS URBANOS EN ZONA RURAL", "parroqui_1": "SANTA MARIANITA", "esta_blo_1": "NO", "es_terce_1": "NO", "tiene_el_1": "SI", "tiene_ag_1": "SI", "tiene_al_1": "NO", "observac_2": "SE CREA EL PRESENTE C?ôDIGO CATASTRAL POR PROCESO DE LEGALIZACI?ôN DE BIENES MOSTRENCO - RESP. T?ëCNICO M.N. -15/06/2026", "observac_3": "SE CREA EL PRESENTE C?ôDIGO CATASTRAL POR PROCESO DE LEGALIZACI?ôN DE BIENES MOSTRENCO - RESP. T?ëCNICO M.N. -15/06/2026", "barrio_1": "BELLAVISTA", "parroquia1": 8, "barrio_i_1": 218, "proceso_1": 0, "fecha_re_1": null, "activo_c_1": "SI", "desactiv_1": 0, "avaluo_r_2": 0.0, "avaluo_r_3": 0.0, "clasific_1": "POR LEGALIZAR", "anio_deu_1": 0, "deuda_1": 0.0, "valor_ip_1": 0.0, "coactiva_1": null, "fichareg_1": 0, "etam_1": 0.1, "diferenc_1": -0.0003879842, "porc_dif_1": -7.2453e-06, "admisibl_1": "VERDADERO", "deuda_an_1": 0.0, "RESOLUCION": "659-20-08-2026" }, "geometry": { "type": "MultiPolygon", "coordinates": [ [ [ [ -80.845410492749934, -0.985199795883655 ], [ -80.845352090038773, -0.985163268339732 ], [ -80.845319076287709, -0.985217180026474 ], [ -80.845377480576317, -0.985253708549465 ], [ -80.845410492749934, -0.985199795883655 ] ] ] ] } },
{ "type": "Feature", "properties": { "id": 99789, "lote_id": 110520, "clavecatas": "4-13-02-05-000", "zona": "4", "sector": "13", "manzana": "02", "lote": "05", "ph": "000", "propietari": null, "documentop": null, "direccion": "BARRIO BELLAVISTA DE LA PARROQUIA RURAL SANTA MARIANITA LOTE 50 DE LA MANZANA 2", "area_m2": 49.0, "frente_uti": 7.0, "frente_tot": 7.0, "avaluo_con": 0.0, "avaluo_sue": 73.5, "zonaurbano": "NÚCLEOS URBANOS EN ZONA RURAL", "parroquia": "SANTA MARIANITA", "esta_bloqu": "NO", "es_tercera": "NO", "tiene_elec": "SI", "tiene_agua": "SI", "tiene_alca": "NO", "observacio": "SE CREA EL PRESENTE CÓDIGO CATASTRAL POR PROCESO DE LEGALIZACIÓN DE BIENES MOSTRENCO - RESP. TÉCNICO M.N. -15/06/2026", "observac_1": null, "barrio": "BELLAVISTA", "parroquia_": 8, "barrio_id": 218, "proceso": 0, "fecha_regi": null, "activo_cat": "SI", "desactivad": 0, "avaluo_rem": 0.0, "avaluo_r_1": 0.0, "clasificac": "POR LEGALIZAR", "anio_deuda": 0, "deuda": 0.0, "valor_ip": 0.0, "coactiva": null, "ficharegis": 0, "etam": 0.1, "diferencia": 0.0001102408, "porc_difer": 2.2498e-06, "admisible": 1, "deuda_anio": 0.0, "id_1": 99789, "lote_id_1": 110520, "clavecat_1": "4-13-02-05-000", "Clave_Ok": "4-13-02-05-000", "zona_1": 4, "sector_1": 13, "manzana_1": 2, "lote_1": 5, "ph_1": 0, "propieta_1": null, "document_1": 0.0, "direccio_1": "BARRIO BELLAVISTA DE LA PARROQUIA RURAL SANTA MARIANITA LOTE 50 DE LA MANZANA 2", "area_m2_1": 49.0, "frente_u_1": 7.0, "frente_t_1": 7.0, "avaluo_c_1": 0.0, "avaluo_s_1": 73.5, "zonaurba_1": "N?ÜCLEOS URBANOS EN ZONA RURAL", "parroqui_1": "SANTA MARIANITA", "esta_blo_1": "NO", "es_terce_1": "NO", "tiene_el_1": "SI", "tiene_ag_1": "SI", "tiene_al_1": "NO", "observac_2": "SE CREA EL PRESENTE C?ôDIGO CATASTRAL POR PROCESO DE LEGALIZACI?ôN DE BIENES MOSTRENCO - RESP. T?ëCNICO M.N. -15/06/2026", "observac_3": null, "barrio_1": "BELLAVISTA", "parroquia1": 8, "barrio_i_1": 218, "proceso_1": 0, "fecha_re_1": null, "activo_c_1": "SI", "desactiv_1": 0, "avaluo_r_2": 0.0, "avaluo_r_3": 0.0, "clasific_1": "POR LEGALIZAR", "anio_deu_1": 0, "deuda_1": 0.0, "valor_ip_1": 0.0, "coactiva_1": null, "fichareg_1": 0, "etam_1": 0.1, "diferenc_1": 0.0001102408, "porc_dif_1": 2.2498e-06, "admisibl_1": "VERDADERO", "deuda_an_1": 0.0, "RESOLUCION": "659-20-08-2026" }, "geometry": { "type": "MultiPolygon", "coordinates": [ [ [ [ -80.845352090038773, -0.985163268339732 ], [ -80.845298432039129, -0.985130199058687 ], [ -80.845265418529465, -0.985184110894778 ], [ -80.845319076287709, -0.985217180026474 ], [ -80.845352090038773, -0.985163268339732 ] ] ] ] } },
{ "type": "Feature", "properties": { "id": 99790, "lote_id": 110521, "clavecatas": "4-13-02-06-000", "zona": "4", "sector": "13", "manzana": "02", "lote": "06", "ph": "000", "propietari": null, "documentop": null, "direccion": "BARRIO BELLAVISTA DE LA PARROQUIA RURAL SANTA MARIANITA LOTE 59 DE LA MANZANA 2", "area_m2": 189.09, "frente_uti": 13.1, "frente_tot": 20.1, "avaluo_con": 0.0, "avaluo_sue": 283.64, "zonaurbano": "NÚCLEOS URBANOS EN ZONA RURAL", "parroquia": "SANTA MARIANITA", "esta_bloqu": "NO", "es_tercera": "NO", "tiene_elec": "SI", "tiene_agua": "SI", "tiene_alca": "NO", "observacio": "SE CREA EL PRESENTE CÓDIGO CATASTRAL POR PROCESO DE LEGALIZACIÓN DE BIENES MOSTRENCO - RESP. TÉCNICO M.N. -15/06/2026", "observac_1": null, "barrio": "BELLAVISTA", "parroquia_": 8, "barrio_id": 218, "proceso": 0, "fecha_regi": null, "activo_cat": "SI", "desactivad": 0, "avaluo_rem": 0.0, "avaluo_r_1": 0.0, "clasificac": "POR LEGALIZAR", "anio_deuda": 0, "deuda": 0.0, "valor_ip": 0.0, "coactiva": null, "ficharegis": 0, "etam": 0.072721984, "diferencia": -0.0549555314, "porc_difer": -0.0002906316, "admisible": 1, "deuda_anio": 0.0, "id_1": 99790, "lote_id_1": 110521, "clavecat_1": "4-13-02-06-000", "Clave_Ok": "4-13-02-06-000", "zona_1": 4, "sector_1": 13, "manzana_1": 2, "lote_1": 6, "ph_1": 0, "propieta_1": null, "document_1": 0.0, "direccio_1": "BARRIO BELLAVISTA DE LA PARROQUIA RURAL SANTA MARIANITA LOTE 59 DE LA MANZANA 2", "area_m2_1": 189.09, "frente_u_1": 13.1, "frente_t_1": 20.1, "avaluo_c_1": 0.0, "avaluo_s_1": 283.64, "zonaurba_1": "N?ÜCLEOS URBANOS EN ZONA RURAL", "parroqui_1": "SANTA MARIANITA", "esta_blo_1": "NO", "es_terce_1": "NO", "tiene_el_1": "SI", "tiene_ag_1": "SI", "tiene_al_1": "NO", "observac_2": "SE CREA EL PRESENTE C?ôDIGO CATASTRAL POR PROCESO DE LEGALIZACI?ôN DE BIENES MOSTRENCO - RESP. T?ëCNICO M.N. -15/06/2026", "observac_3": null, "barrio_1": "BELLAVISTA", "parroquia1": 8, "barrio_i_1": 218, "proceso_1": 0, "fecha_re_1": null, "activo_c_1": "SI", "desactiv_1": 0, "avaluo_r_2": 0.0, "avaluo_r_3": 0.0, "clasific_1": "POR LEGALIZAR", "anio_deu_1": 0, "deuda_1": 0.0, "valor_ip_1": 0.0, "coactiva_1": null, "fichareg_1": 0, "etam_1": 0.072721984, "diferenc_1": -0.0549555314, "porc_dif_1": -0.0002906316, "admisibl_1": "VERDADERO", "deuda_an_1": 0.0, "RESOLUCION": "659-20-08-2026" }, "geometry": { "type": "MultiPolygon", "coordinates": [ [ [ [ -80.845866385661111, -0.985042943755199 ], [ -80.845850714723412, -0.985028632310086 ], [ -80.845824742202183, -0.985003606342287 ], [ -80.845788110499029, -0.985042202631413 ], [ -80.845762708892337, -0.985017775251651 ], [ -80.845674911490903, -0.985110395390517 ], [ -80.845719442480501, -0.985155132592755 ], [ -80.845833538892876, -0.985125863841872 ], [ -80.845827726018896, -0.985071896586324 ], [ -80.845866385661111, -0.985042943755199 ] ] ] ] } },
{ "type": "Feature", "properties": { "id": 99791, "lote_id": 110522, "clavecatas": "4-13-02-07-000", "zona": "4", "sector": "13", "manzana": "02", "lote": "07", "ph": "000", "propietari": null, "documentop": null, "direccion": "BARRIO BELLAVISTA DE LA PARROQUIA RURAL SANTA MARIANITA LOTE 58 DE LA MANZANA 2", "area_m2": 132.43, "frente_uti": 7.64, "frente_tot": 7.64, "avaluo_con": 0.0, "avaluo_sue": 198.65, "zonaurbano": "NÚCLEOS URBANOS EN ZONA RURAL", "parroquia": "SANTA MARIANITA", "esta_bloqu": "NO", "es_tercera": "NO", "tiene_elec": "SI", "tiene_agua": "SI", "tiene_alca": "NO", "observacio": "SE CREA EL PRESENTE CÓDIGO CATASTRAL POR PROCESO DE LEGALIZACIÓN DE BIENES MOSTRENCO - RESP. TÉCNICO M.N. -15/06/2026", "observac_1": null, "barrio": "BELLAVISTA", "parroquia_": 8, "barrio_id": 218, "proceso": 0, "fecha_regi": null, "activo_cat": "SI", "desactivad": 0, "avaluo_rem": 0.0, "avaluo_r_1": 0.0, "clasificac": "POR LEGALIZAR", "anio_deuda": 0, "deuda": 0.0, "valor_ip": 0.0, "coactiva": null, "ficharegis": 0, "etam": 0.0868974056, "diferencia": -0.1373710876, "porc_difer": -0.0010373109, "admisible": 1, "deuda_anio": 0.0, "id_1": 99791, "lote_id_1": 110522, "clavecat_1": "4-13-02-07-000", "Clave_Ok": "4-13-02-07-000", "zona_1": 4, "sector_1": 13, "manzana_1": 2, "lote_1": 7, "ph_1": 0, "propieta_1": null, "document_1": 0.0, "direccio_1": "BARRIO BELLAVISTA DE LA PARROQUIA RURAL SANTA MARIANITA LOTE 58 DE LA MANZANA 2", "area_m2_1": 132.43, "frente_u_1": 7.64, "frente_t_1": 7.64, "avaluo_c_1": 0.0, "avaluo_s_1": 198.65, "zonaurba_1": "N?ÜCLEOS URBANOS EN ZONA RURAL", "parroqui_1": "SANTA MARIANITA", "esta_blo_1": "NO", "es_terce_1": "NO", "tiene_el_1": "SI", "tiene_ag_1": "SI", "tiene_al_1": "NO", "observac_2": "SE CREA EL PRESENTE C?ôDIGO CATASTRAL POR PROCESO DE LEGALIZACI?ôN DE BIENES MOSTRENCO - RESP. T?ëCNICO M.N. -15/06/2026", "observac_3": null, "barrio_1": "BELLAVISTA", "parroquia1": 8, "barrio_i_1": 218, "proceso_1": 0, "fecha_re_1": null, "activo_c_1": "SI", "desactiv_1": 0, "avaluo_r_2": 0.0, "avaluo_r_3": 0.0, "clasific_1": "POR LEGALIZAR", "anio_deu_1": 0, "deuda_1": 0.0, "valor_ip_1": 0.0, "coactiva_1": null, "fichareg_1": 0, "etam_1": 0.0868974056, "diferenc_1": -0.1373710876, "porc_dif_1": -0.0010373109, "admisibl_1": "VERDADERO", "deuda_an_1": 0.0, "RESOLUCION": "659-20-08-2026" }, "geometry": { "type": "MultiPolygon", "coordinates": [ [ [ [ -80.845762764694669, -0.985017828913844 ], [ -80.84570817373276, -0.984965331675443 ], [ -80.845679911549226, -0.984995109579788 ], [ -80.845684183055099, -0.985000329791258 ], [ -80.845608992295482, -0.985079699165358 ], [ -80.845657224977671, -0.985128916339896 ], [ -80.845674911490903, -0.985110395390517 ], [ -80.845762764694669, -0.985017828913844 ] ] ] ] } },
{ "type": "Feature", "properties": { "id": 99792, "lote_id": 110523, "clavecatas": "4-13-02-08-000", "zona": "4", "sector": "13", "manzana": "02", "lote": "08", "ph": "000", "propietari": null, "documentop": null, "direccion": "BARRIO BELLAVISTA DE LA PARROQUIA RURAL SANTA MARIANITA LOTE 60 DE LA MANZANA 2", "area_m2": 47.16, "frente_uti": 6.09, "frente_tot": 6.09, "avaluo_con": 0.0, "avaluo_sue": 70.74, "zonaurbano": "NÚCLEOS URBANOS EN ZONA RURAL", "parroquia": "SANTA MARIANITA", "esta_bloqu": "NO", "es_tercera": "NO", "tiene_elec": "SI", "tiene_agua": "SI", "tiene_alca": "NO", "observacio": "SE CREA EL PRESENTE CÓDIGO CATASTRAL POR PROCESO DE LEGALIZACIÓN DE BIENES MOSTRENCO - RESP. TÉCNICO M.N. -15/06/2026", "observac_1": null, "barrio": "BELLAVISTA", "parroquia_": 8, "barrio_id": 218, "proceso": 0, "fecha_regi": null, "activo_cat": "SI", "desactivad": 0, "avaluo_rem": 0.0, "avaluo_r_1": 0.0, "clasificac": "POR LEGALIZAR", "anio_deuda": 0, "deuda": 0.0, "valor_ip": 0.0, "coactiva": null, "ficharegis": 0, "etam": 0.1, "diferencia": -0.0081896091, "porc_difer": -0.0001736558, "admisible": 1, "deuda_anio": 0.0, "id_1": 99792, "lote_id_1": 110523, "clavecat_1": "4-13-02-08-000", "Clave_Ok": "4-13-02-08-000", "zona_1": 4, "sector_1": 13, "manzana_1": 2, "lote_1": 8, "ph_1": 0, "propieta_1": null, "document_1": 0.0, "direccio_1": "BARRIO BELLAVISTA DE LA PARROQUIA RURAL SANTA MARIANITA LOTE 60 DE LA MANZANA 2", "area_m2_1": 47.16, "frente_u_1": 6.09, "frente_t_1": 6.09, "avaluo_c_1": 0.0, "avaluo_s_1": 70.74, "zonaurba_1": "N?ÜCLEOS URBANOS EN ZONA RURAL", "parroqui_1": "SANTA MARIANITA", "esta_blo_1": "NO", "es_terce_1": "NO", "tiene_el_1": "SI", "tiene_ag_1": "SI", "tiene_al_1": "NO", "observac_2": "SE CREA EL PRESENTE C?ôDIGO CATASTRAL POR PROCESO DE LEGALIZACI?ôN DE BIENES MOSTRENCO - RESP. T?ëCNICO M.N. -15/06/2026", "observac_3": null, "barrio_1": "BELLAVISTA", "parroquia1": 8, "barrio_i_1": 218, "proceso_1": 0, "fecha_re_1": null, "activo_c_1": "SI", "desactiv_1": 0, "avaluo_r_2": 0.0, "avaluo_r_3": 0.0, "clasific_1": "POR LEGALIZAR", "anio_deu_1": 0, "deuda_1": 0.0, "valor_ip_1": 0.0, "coactiva_1": null, "fichareg_1": 0, "etam_1": 0.1, "diferenc_1": -0.0081896091, "porc_dif_1": -0.0001736558, "admisibl_1": "VERDADERO", "deuda_an_1": 0.0, "RESOLUCION": "659-20-08-2026" }, "geometry": { "type": "MultiPolygon", "coordinates": [ [ [ [ -80.845659889591232, -0.984859528891265 ], [ -80.845617101772419, -0.984825147979868 ], [ -80.845567233870426, -0.984869396036893 ], [ -80.845603725211944, -0.984909364494045 ], [ -80.845645190914524, -0.984872571275714 ], [ -80.845651099080555, -0.984867328860093 ], [ -80.845659889591232, -0.984859528891265 ] ] ] ] } },
{ "type": "Feature", "properties": { "id": 99793, "lote_id": 110526, "clavecatas": "4-13-02-09-000", "zona": "4", "sector": "13", "manzana": "02", "lote": "09", "ph": "000", "propietari": null, "documentop": null, "direccion": "BARRIO BELLAVISTA DE LA PARROQUIA RURAL SANTA MARIANITA LOTE 61 DE LA MANZANA 2", "area_m2": 146.82, "frente_uti": 11.9, "frente_tot": 11.9, "avaluo_con": 0.0, "avaluo_sue": 220.23, "zonaurbano": "NÚCLEOS URBANOS EN ZONA RURAL", "parroquia": "SANTA MARIANITA", "esta_bloqu": "NO", "es_tercera": "NO", "tiene_elec": "SI", "tiene_agua": "NO", "tiene_alca": "NO", "observacio": "SE CREA EL PRESENTE CÓDIGO CATASTRAL POR PROCESO DE LEGALIZACIÓN DE BIENES MOSTRENCO - RESP. TÉCNICO M.N. -15/06/2026", "observac_1": null, "barrio": "BELLAVISTA", "parroquia_": 8, "barrio_id": 218, "proceso": 0, "fecha_regi": null, "activo_cat": "SI", "desactivad": 0, "avaluo_rem": 0.0, "avaluo_r_1": 0.0, "clasificac": "POR LEGALIZAR", "anio_deuda": 0, "deuda": 0.0, "valor_ip": 0.0, "coactiva": null, "ficharegis": 0, "etam": 0.0825291534, "diferencia": -0.001556468, "porc_difer": -1.06012e-05, "admisible": 1, "deuda_anio": 0.0, "id_1": 99793, "lote_id_1": 110526, "clavecat_1": "4-13-02-09-000", "Clave_Ok": "4-13-02-09-000", "zona_1": 4, "sector_1": 13, "manzana_1": 2, "lote_1": 9, "ph_1": 0, "propieta_1": null, "document_1": 0.0, "direccio_1": "BARRIO BELLAVISTA DE LA PARROQUIA RURAL SANTA MARIANITA LOTE 61 DE LA MANZANA 2", "area_m2_1": 146.82, "frente_u_1": 11.9, "frente_t_1": 11.9, "avaluo_c_1": 0.0, "avaluo_s_1": 220.23, "zonaurba_1": "N?ÜCLEOS URBANOS EN ZONA RURAL", "parroqui_1": "SANTA MARIANITA", "esta_blo_1": "NO", "es_terce_1": "NO", "tiene_el_1": "SI", "tiene_ag_1": "NO", "tiene_al_1": "NO", "observac_2": "SE CREA EL PRESENTE C?ôDIGO CATASTRAL POR PROCESO DE LEGALIZACI?ôN DE BIENES MOSTRENCO - RESP. T?ëCNICO M.N. -15/06/2026", "observac_3": null, "barrio_1": "BELLAVISTA", "parroquia1": 8, "barrio_i_1": 218, "proceso_1": 0, "fecha_re_1": null, "activo_c_1": "SI", "desactiv_1": 0, "avaluo_r_2": 0.0, "avaluo_r_3": 0.0, "clasific_1": "POR LEGALIZAR", "anio_deu_1": 0, "deuda_1": 0.0, "valor_ip_1": 0.0, "coactiva_1": null, "fichareg_1": 0, "etam_1": 0.0825291534, "diferenc_1": -0.001556468, "porc_dif_1": -1.06012e-05, "admisibl_1": "VERDADERO", "deuda_an_1": 0.0, "RESOLUCION": "659-20-08-2026" }, "geometry": { "type": "MultiPolygon", "coordinates": [ [ [ [ -80.845738884378321, -0.984929893947079 ], [ -80.845704444347405, -0.984896114744464 ], [ -80.845679079066755, -0.984881517965396 ], [ -80.84567175413477, -0.984888727499276 ], [ -80.845651099080555, -0.984867328860093 ], [ -80.845603725211944, -0.984909364494045 ], [ -80.845583214415655, -0.98492833850417 ], [ -80.845660023397102, -0.985016064347357 ], [ -80.845679911549226, -0.984995109579788 ], [ -80.845708173732604, -0.984965331675627 ], [ -80.845738884378321, -0.984929893947079 ] ] ] ] } },
{ "type": "Feature", "properties": { "id": 99794, "lote_id": 110527, "clavecatas": "4-13-02-10-000", "zona": "4", "sector": "13", "manzana": "02", "lote": "10", "ph": "000", "propietari": null, "documentop": null, "direccion": "BARRIO BELLAVISTA DE LA PARROQUIA RURAL SANTA MARIANITA LOTE 62 DE LA MANZANA 2", "area_m2": 83.65, "frente_uti": 16.55, "frente_tot": 16.55, "avaluo_con": 0.0, "avaluo_sue": 125.48, "zonaurbano": "NÚCLEOS URBANOS EN ZONA RURAL", "parroquia": "SANTA MARIANITA", "esta_bloqu": "NO", "es_tercera": "NO", "tiene_elec": "SI", "tiene_agua": "NO", "tiene_alca": "NO", "observacio": "SE CREA EL PRESENTE CÓDIGO CATASTRAL POR PROCESO DE LEGALIZACIÓN DE BIENES MOSTRENCO - RESP. TÉCNICO M.N. -15/06/2026", "observac_1": null, "barrio": "BELLAVISTA", "parroquia_": 8, "barrio_id": 218, "proceso": 0, "fecha_regi": null, "activo_cat": "SI", "desactivad": 0, "avaluo_rem": 0.0, "avaluo_r_1": 0.0, "clasificac": "POR LEGALIZAR", "anio_deuda": 0, "deuda": 0.0, "valor_ip": 0.0, "coactiva": null, "ficharegis": 0, "etam": 0.1, "diferencia": -0.0270893139, "porc_difer": -0.0003238412, "admisible": 1, "deuda_anio": 0.0, "id_1": 99794, "lote_id_1": 110527, "clavecat_1": "4-13-02-10-000", "Clave_Ok": "4-13-02-10-000", "zona_1": 4, "sector_1": 13, "manzana_1": 2, "lote_1": 10, "ph_1": 0, "propieta_1": null, "document_1": 0.0, "direccio_1": "BARRIO BELLAVISTA DE LA PARROQUIA RURAL SANTA MARIANITA LOTE 62 DE LA MANZANA 2", "area_m2_1": 83.65, "frente_u_1": 16.55, "frente_t_1": 16.55, "avaluo_c_1": 0.0, "avaluo_s_1": 125.48, "zonaurba_1": "N?ÜCLEOS URBANOS EN ZONA RURAL", "parroqui_1": "SANTA MARIANITA", "esta_blo_1": "NO", "es_terce_1": "NO", "tiene_el_1": "SI", "tiene_ag_1": "NO", "tiene_al_1": "NO", "observac_2": "SE CREA EL PRESENTE C?ôDIGO CATASTRAL POR PROCESO DE LEGALIZACI?ôN DE BIENES MOSTRENCO - RESP. T?ëCNICO M.N. -15/06/2026", "observac_3": null, "barrio_1": "BELLAVISTA", "parroquia1": 8, "barrio_i_1": 218, "proceso_1": 0, "fecha_re_1": null, "activo_c_1": "SI", "desactiv_1": 0, "avaluo_r_2": 0.0, "avaluo_r_3": 0.0, "clasific_1": "POR LEGALIZAR", "anio_deu_1": 0, "deuda_1": 0.0, "valor_ip_1": 0.0, "coactiva_1": null, "fichareg_1": 0, "etam_1": 0.1, "diferenc_1": -0.0270893139, "porc_dif_1": -0.0003238412, "admisibl_1": "VERDADERO", "deuda_an_1": 0.0, "RESOLUCION": "659-20-08-2026" }, "geometry": { "type": "MultiPolygon", "coordinates": [ [ [ [ -80.845858677063234, -0.985019258786655 ], [ -80.845742446985227, -0.984925865488727 ], [ -80.845738884378321, -0.984929893947079 ], [ -80.845708173732604, -0.984965331675627 ], [ -80.845762708892337, -0.985017775251651 ], [ -80.84578811049893, -0.985042202631278 ], [ -80.845824742202183, -0.985003606342287 ], [ -80.845850714723412, -0.985028632310086 ], [ -80.845858677063234, -0.985019258786655 ] ] ] ] } },
{ "type": "Feature", "properties": { "id": 100097, "lote_id": 110496, "clavecatas": "4-13-08-109-000", "zona": "4", "sector": "13", "manzana": "08", "lote": "109", "ph": "000", "propietari": "GOBIERNO AUTONOMO DESCENTRALIZADO  MUNICIPAL MANTA .", "documentop": "1360000980001", "direccion": "MZ-02 LT-12 DEL BARRIO PESCADOR DE SANTA MARIANITA DE MANTA", "area_m2": 85.77, "frente_uti": 7.8, "frente_tot": 7.8, "avaluo_con": 82810.93, "avaluo_sue": 13122.81, "zonaurbano": "NÚCLEOS URBANOS EN ZONA RURAL", "parroquia": "SANTA MARIANITA", "esta_bloqu": "NO", "es_tercera": "NO", "tiene_elec": "SI", "tiene_agua": "NO", "tiene_alca": "NO", "observacio": "SE CREA EL PRESENTE CÓDIGO CATASTRAL POR PROCESO DE LEGALIZACIÓN DE BIENES MOSTRENCO - RESP. TÉCNICO NEY. ALBAN. -12/06/2026", "observac_1": null, "barrio": "SIN ESPECIFICAR - SANTA MARIANITA", "parroquia_": 8, "barrio_id": 1151, "proceso": 0, "fecha_regi": null, "activo_cat": "SI", "desactivad": 0, "avaluo_rem": 0.0, "avaluo_r_1": 0.0, "clasificac": "POR LEGALIZAR", "anio_deuda": 0, "deuda": 0.0, "valor_ip": 0.0, "coactiva": null, "ficharegis": 0, "etam": 0.1, "diferencia": 0.9503915104, "porc_difer": 0.0110806985, "admisible": 1, "deuda_anio": 0.0, "id_1": 100097, "lote_id_1": 110496, "clavecat_1": "4-13-08-109-000", "Clave_Ok": "4-13-08-109-000", "zona_1": 4, "sector_1": 13, "manzana_1": 8, "lote_1": 109, "ph_1": 0, "propieta_1": "GOBIERNO AUTONOMO DESCENTRALIZADO  MUNICIPAL MANTA .", "document_1": 1360000980000.0, "direccio_1": "MZ-02 LT-12 DEL BARRIO PESCADOR DE SANTA MARIANITA DE MANTA", "area_m2_1": 85.77, "frente_u_1": 7.8, "frente_t_1": 7.8, "avaluo_c_1": 82810.93, "avaluo_s_1": 13122.81, "zonaurba_1": "N?ÜCLEOS URBANOS EN ZONA RURAL", "parroqui_1": "SANTA MARIANITA", "esta_blo_1": "NO", "es_terce_1": "NO", "tiene_el_1": "SI", "tiene_ag_1": "NO", "tiene_al_1": "NO", "observac_2": "SE CREA EL PRESENTE C?ôDIGO CATASTRAL POR PROCESO DE LEGALIZACI?ôN DE BIENES MOSTRENCO - RESP. T?ëCNICO NEY. ALBAN. -12/06/2026", "observac_3": null, "barrio_1": "SIN ESPECIFICAR - SANTA MARIANITA", "parroquia1": 8, "barrio_i_1": 1151, "proceso_1": 0, "fecha_re_1": null, "activo_c_1": "SI", "desactiv_1": 0, "avaluo_r_2": 0.0, "avaluo_r_3": 0.0, "clasific_1": "POR LEGALIZAR", "anio_deu_1": 0, "deuda_1": 0.0, "valor_ip_1": 0.0, "coactiva_1": null, "fichareg_1": 0, "etam_1": 0.1, "diferenc_1": 0.9503915104, "porc_dif_1": 0.0110806985, "admisibl_1": "VERDADERO", "deuda_an_1": 0.0, "RESOLUCION": "660-20-08-2026" }, "geometry": { "type": "MultiPolygon", "coordinates": [ [ [ [ -80.846221496955209, -0.984722975013797 ], [ -80.846187064798372, -0.984688312791541 ], [ -80.846164593636658, -0.984711834608491 ], [ -80.846147361065292, -0.984694756463328 ], [ -80.84609873120398, -0.984751202902755 ], [ -80.846147512308164, -0.984800496904699 ], [ -80.846221496955209, -0.984722975013797 ] ] ] ] } },
{ "type": "Feature", "properties": { "id": 100099, "lote_id": 110499, "clavecatas": "4-13-08-110-000", "zona": "4", "sector": "13", "manzana": "08", "lote": "110", "ph": "000", "propietari": "GOBIERNO AUTONOMO DESCENTRALIZADO  MUNICIPAL MANTA .", "documentop": "1360000980001", "direccion": "MZ06- LT-01 DEL BARRIO PESCADOR DE LA PARROQUIA SANTA MARIANITA DE MANTA", "area_m2": 472.52, "frente_uti": 15.4, "frente_tot": 15.4, "avaluo_con": 6315.52, "avaluo_sue": 65066.0, "zonaurbano": "NÚCLEOS URBANOS EN ZONA RURAL", "parroquia": "SANTA MARIANITA", "esta_bloqu": "NO", "es_tercera": "NO", "tiene_elec": "SI", "tiene_agua": "NO", "tiene_alca": "NO", "observacio": "SE CREA EL PRESENTE CODIGO CATASTRAL POR PROCESO DE LAGALIZACION DE BIENES MOSTRENCO - RESP. TECNICO NEY. ALBAN. -12/06/2026", "observac_1": null, "barrio": "SIN ESPECIFICAR - SANTA MARIANITA", "parroquia_": 8, "barrio_id": 1151, "proceso": 0, "fecha_regi": null, "activo_cat": "SI", "desactivad": 0, "avaluo_rem": 0.0, "avaluo_r_1": 0.0, "clasificac": "POR LEGALIZAR", "anio_deuda": 0, "deuda": 0.0, "valor_ip": 0.0, "coactiva": null, "ficharegis": 0, "etam": 0.138010191, "diferencia": -0.0512857601, "porc_difer": -0.0001085367, "admisible": 1, "deuda_anio": 0.0, "id_1": 100099, "lote_id_1": 110499, "clavecat_1": "4-13-08-110-000", "Clave_Ok": "4-13-08-110-000", "zona_1": 4, "sector_1": 13, "manzana_1": 8, "lote_1": 110, "ph_1": 0, "propieta_1": "GOBIERNO AUTONOMO DESCENTRALIZADO  MUNICIPAL MANTA .", "document_1": 1360000980000.0, "direccio_1": "MZ06- LT-01 DEL BARRIO PESCADOR DE LA PARROQUIA SANTA MARIANITA DE MANTA", "area_m2_1": 472.52, "frente_u_1": 15.4, "frente_t_1": 15.4, "avaluo_c_1": 6315.52, "avaluo_s_1": 65066.0, "zonaurba_1": "N?ÜCLEOS URBANOS EN ZONA RURAL", "parroqui_1": "SANTA MARIANITA", "esta_blo_1": "NO", "es_terce_1": "NO", "tiene_el_1": "SI", "tiene_ag_1": "NO", "tiene_al_1": "NO", "observac_2": "SE CREA EL PRESENTE CODIGO CATASTRAL POR PROCESO DE LAGALIZACION DE BIENES MOSTRENCO - RESP. TECNICO NEY. ALBAN. -12/06/2026", "observac_3": null, "barrio_1": "SIN ESPECIFICAR - SANTA MARIANITA", "parroquia1": 8, "barrio_i_1": 1151, "proceso_1": 0, "fecha_re_1": null, "activo_c_1": "SI", "desactiv_1": 0, "avaluo_r_2": 0.0, "avaluo_r_3": 0.0, "clasific_1": "POR LEGALIZAR", "anio_deu_1": 0, "deuda_1": 0.0, "valor_ip_1": 0.0, "coactiva_1": null, "fichareg_1": 0, "etam_1": 0.138010191, "diferenc_1": -0.0512857601, "porc_dif_1": -0.0001085367, "admisibl_1": "VERDADERO", "deuda_an_1": 0.0, "RESOLUCION": "660-20-08-2026" }, "geometry": { "type": "MultiPolygon", "coordinates": [ [ [ [ -80.848253506688266, -0.985697315466821 ], [ -80.848030577147085, -0.985598687900175 ], [ -80.847954149989903, -0.985714851069238 ], [ -80.848154247505363, -0.98584818150346 ], [ -80.848253506688266, -0.985697315466821 ] ] ] ] } },
{ "type": "Feature", "properties": { "id": 100192, "lote_id": 110528, "clavecatas": "4-13-10-18-000", "zona": "4", "sector": "13", "manzana": "10", "lote": "18", "ph": "000", "propietari": null, "documentop": null, "direccion": "BARRIO BELLAVISTA DE LA PARROQUIA RURAL SANTA MARIANITA LOTE 11 DE LA MANZANA 10", "area_m2": 148.93, "frente_uti": 10.5, "frente_tot": 10.5, "avaluo_con": 0.0, "avaluo_sue": 18616.25, "zonaurbano": "NÚCLEOS URBANOS EN ZONA RURAL", "parroquia": "SANTA MARIANITA", "esta_bloqu": "NO", "es_tercera": "NO", "tiene_elec": "SI", "tiene_agua": "NO", "tiene_alca": "NO", "observacio": "SE CREA EL PRESENTE CÓDIGO CATASTRAL POR PROCESO DE LEGALIZACIÓN DE BIENES MOSTRENCO - RESP. TÉCNICO M.N. -15/06/2026", "observac_1": null, "barrio": "BELLAVISTA", "parroquia_": 8, "barrio_id": 218, "proceso": 0, "fecha_regi": null, "activo_cat": "SI", "desactivad": 0, "avaluo_rem": 0.0, "avaluo_r_1": 0.0, "clasificac": "POR LEGALIZAR", "anio_deuda": 0, "deuda": 0.0, "valor_ip": 0.0, "coactiva": null, "ficharegis": 0, "etam": 0.0819424425, "diferencia": -0.0016429776, "porc_difer": -1.10319e-05, "admisible": 1, "deuda_anio": 0.0, "id_1": 100192, "lote_id_1": 110528, "clavecat_1": "4-13-10-18-000", "Clave_Ok": "4-13-10-18-000", "zona_1": 4, "sector_1": 13, "manzana_1": 10, "lote_1": 18, "ph_1": 0, "propieta_1": null, "document_1": 0.0, "direccio_1": "BARRIO BELLAVISTA DE LA PARROQUIA RURAL SANTA MARIANITA LOTE 11 DE LA MANZANA 10", "area_m2_1": 148.93, "frente_u_1": 10.5, "frente_t_1": 10.5, "avaluo_c_1": 0.0, "avaluo_s_1": 18616.25, "zonaurba_1": "N?ÜCLEOS URBANOS EN ZONA RURAL", "parroqui_1": "SANTA MARIANITA", "esta_blo_1": "NO", "es_terce_1": "NO", "tiene_el_1": "SI", "tiene_ag_1": "NO", "tiene_al_1": "NO", "observac_2": "SE CREA EL PRESENTE C?ôDIGO CATASTRAL POR PROCESO DE LEGALIZACI?ôN DE BIENES MOSTRENCO - RESP. T?ëCNICO M.N. -15/06/2026", "observac_3": null, "barrio_1": "BELLAVISTA", "parroquia1": 8, "barrio_i_1": 218, "proceso_1": 0, "fecha_re_1": null, "activo_c_1": "SI", "desactiv_1": 0, "avaluo_r_2": 0.0, "avaluo_r_3": 0.0, "clasific_1": "POR LEGALIZAR", "anio_deu_1": 0, "deuda_1": 0.0, "valor_ip_1": 0.0, "coactiva_1": null, "fichareg_1": 0, "etam_1": 0.0819424425, "diferenc_1": -0.0016429776, "porc_dif_1": -1.10319e-05, "admisibl_1": "VERDADERO", "deuda_an_1": 0.0, "RESOLUCION": "659-20-08-2026" }, "geometry": { "type": "MultiPolygon", "coordinates": [ [ [ [ -80.846625830542166, -0.986886864799448 ], [ -80.84651276321182, -0.986946459892156 ], [ -80.846552521448189, -0.987032614579345 ], [ -80.846665588848836, -0.98697301961572 ], [ -80.846625830542166, -0.986886864799448 ] ] ] ] } },
{ "type": "Feature", "properties": { "id": 100193, "lote_id": 110529, "clavecatas": "4-13-10-19-000", "zona": "4", "sector": "13", "manzana": "10", "lote": "19", "ph": "000", "propietari": null, "documentop": null, "direccion": "BARRIO BELLAVISTA DE LA PARROQUIA RURAL SANTA MARIANITA LOTE 09 DE LA MANZANA 10", "area_m2": 595.07, "frente_uti": 21.5, "frente_tot": 21.5, "avaluo_con": 0.0, "avaluo_sue": 74383.75, "zonaurbano": "NÚCLEOS URBANOS EN ZONA RURAL", "parroquia": "SANTA MARIANITA", "esta_bloqu": "NO", "es_tercera": "NO", "tiene_elec": "SI", "tiene_agua": "NO", "tiene_alca": "NO", "observacio": "SE CREA EL PRESENTE CÓDIGO CATASTRAL POR PROCESO DE LEGALIZACIÓN DE BIENES MOSTRENCO - RESP. TÉCNICO M.N. -15/06/2026", "observac_1": null, "barrio": "BELLAVISTA", "parroquia_": 8, "barrio_id": 218, "proceso": 0, "fecha_regi": null, "activo_cat": "SI", "desactivad": 0, "avaluo_rem": 0.0, "avaluo_r_1": 0.0, "clasificac": "POR LEGALIZAR", "anio_deuda": 0, "deuda": 0.0, "valor_ip": 0.0, "coactiva": null, "ficharegis": 0, "etam": 0.1639743671, "diferencia": -0.0007002735, "porc_difer": -1.1768e-06, "admisible": 1, "deuda_anio": 0.0, "id_1": 100193, "lote_id_1": 110529, "clavecat_1": "4-13-10-19-000", "Clave_Ok": "4-13-10-19-000", "zona_1": 4, "sector_1": 13, "manzana_1": 10, "lote_1": 19, "ph_1": 0, "propieta_1": null, "document_1": 0.0, "direccio_1": "BARRIO BELLAVISTA DE LA PARROQUIA RURAL SANTA MARIANITA LOTE 09 DE LA MANZANA 10", "area_m2_1": 595.07, "frente_u_1": 21.5, "frente_t_1": 21.5, "avaluo_c_1": 0.0, "avaluo_s_1": 74383.75, "zonaurba_1": "N?ÜCLEOS URBANOS EN ZONA RURAL", "parroqui_1": "SANTA MARIANITA", "esta_blo_1": "NO", "es_terce_1": "NO", "tiene_el_1": "SI", "tiene_ag_1": "NO", "tiene_al_1": "NO", "observac_2": "SE CREA EL PRESENTE C?ôDIGO CATASTRAL POR PROCESO DE LEGALIZACI?ôN DE BIENES MOSTRENCO - RESP. T?ëCNICO M.N. -15/06/2026", "observac_3": null, "barrio_1": "BELLAVISTA", "parroquia1": 8, "barrio_i_1": 218, "proceso_1": 0, "fecha_re_1": null, "activo_c_1": "SI", "desactiv_1": 0, "avaluo_r_2": 0.0, "avaluo_r_3": 0.0, "clasific_1": "POR LEGALIZAR", "anio_deu_1": 0, "deuda_1": 0.0, "valor_ip_1": 0.0, "coactiva_1": null, "fichareg_1": 0, "etam_1": 0.1639743671, "diferenc_1": -0.0007002735, "porc_dif_1": -1.1768e-06, "admisibl_1": "VERDADERO", "deuda_an_1": 0.0, "RESOLUCION": "659-20-08-2026" }, "geometry": { "type": "MultiPolygon", "coordinates": [ [ [ [ -80.847117902643902, -0.987077469620609 ], [ -80.846990232805908, -0.98684252048688 ], [ -80.846807252522197, -0.986905066922008 ], [ -80.846929401925109, -0.987120297355467 ], [ -80.847117902643902, -0.987077469620609 ] ] ] ] } },
{ "type": "Feature", "properties": { "id": 100212, "lote_id": 110476, "clavecatas": "4-13-11-19-000", "zona": "4", "sector": "13", "manzana": "11", "lote": "19", "ph": "000", "propietari": "GOBIERNO AUTONOMO DESCENTRALIZADO  MUNICIPAL MANTA .", "documentop": "1360000980001", "direccion": "BARRIO AGUAS BELLAS DE LA PARROQUIA RURAL SANTA MARIANITA LOTE 11 DE LA MANZANA 1", "area_m2": 224.78, "frente_uti": 15.99, "frente_tot": 29.26, "avaluo_con": 50813.0, "avaluo_sue": 5899.13, "zonaurbano": "NÚCLEOS URBANOS EN ZONA RURAL", "parroquia": "SANTA MARIANITA", "esta_bloqu": "NO", "es_tercera": "NO", "tiene_elec": "SI", "tiene_agua": "SI", "tiene_alca": "NO", "observacio": "SE CREA EL PRESENTE CÓDIGO CATASTRAL POR PROCESO DE LEGALIZACIÓN DE BIENES MOSTRENCOS. TÉCNICO RESP. MICHAEL NAVIA. 11/06/2026.", "observac_1": null, "barrio": "SIN ESPECIFICAR - SANTA MARIANITA", "parroquia_": 8, "barrio_id": 1151, "proceso": 0, "fecha_regi": null, "activo_cat": "SI", "desactivad": 0, "avaluo_rem": 0.0, "avaluo_r_1": 0.0, "clasificac": "POR LEGALIZAR", "anio_deuda": 0, "deuda": 0.0, "valor_ip": 0.0, "coactiva": null, "ficharegis": 0, "etam": 0.1333985664, "diferencia": -1.2419796538000001, "porc_difer": -0.0055253121, "admisible": 1, "deuda_anio": 0.0, "id_1": 100212, "lote_id_1": 110476, "clavecat_1": "4-13-11-19-000", "Clave_Ok": "4-13-11-19-000", "zona_1": 4, "sector_1": 13, "manzana_1": 11, "lote_1": 19, "ph_1": 0, "propieta_1": "GOBIERNO AUTONOMO DESCENTRALIZADO  MUNICIPAL MANTA .", "document_1": 1360000980000.0, "direccio_1": "BARRIO AGUAS BELLAS DE LA PARROQUIA RURAL SANTA MARIANITA LOTE 11 DE LA MANZANA 1", "area_m2_1": 224.78, "frente_u_1": 15.99, "frente_t_1": 29.26, "avaluo_c_1": 50813.0, "avaluo_s_1": 5899.13, "zonaurba_1": "N?ÜCLEOS URBANOS EN ZONA RURAL", "parroqui_1": "SANTA MARIANITA", "esta_blo_1": "NO", "es_terce_1": "NO", "tiene_el_1": "SI", "tiene_ag_1": "SI", "tiene_al_1": "NO", "observac_2": "SE CREA EL PRESENTE C?ôDIGO CATASTRAL POR PROCESO DE LEGALIZACI?ôN DE BIENES MOSTRENCOS. T?ëCNICO RESP. MICHAEL NAVIA. 11/06/2026.", "observac_3": null, "barrio_1": "SIN ESPECIFICAR - SANTA MARIANITA", "parroquia1": 8, "barrio_i_1": 1151, "proceso_1": 0, "fecha_re_1": null, "activo_c_1": "SI", "desactiv_1": 0, "avaluo_r_2": 0.0, "avaluo_r_3": 0.0, "clasific_1": "POR LEGALIZAR", "anio_deu_1": 0, "deuda_1": 0.0, "valor_ip_1": 0.0, "coactiva_1": null, "fichareg_1": 0, "etam_1": 0.1333985664, "diferenc_1": -1.2419796538000001, "porc_dif_1": -0.0055253121, "admisibl_1": "VERDADERO", "deuda_an_1": 0.0, "RESOLUCION": "660-20-08-2026" }, "geometry": { "type": "MultiPolygon", "coordinates": [ [ [ [ -80.847246039142334, -0.987795231000677 ], [ -80.847103311968269, -0.987815338359748 ], [ -80.847120218784269, -0.987934208408054 ], [ -80.847164158319117, -0.987929757625131 ], [ -80.847222129645843, -0.987923292565787 ], [ -80.847275089149122, -0.987917226595452 ], [ -80.847246039142334, -0.987795231000677 ] ] ] ] } },
{ "type": "Feature", "properties": { "id": 100288, "lote_id": 110530, "clavecatas": "4-13-15-16-000", "zona": "4", "sector": "13", "manzana": "15", "lote": "16", "ph": "000", "propietari": null, "documentop": null, "direccion": "BARRIO AGUAS BELLAS DE LA PARROQUIA RURAL SANTA MARIANITA LOTE 10 DE LA MANZANA 15", "area_m2": 161.5, "frente_uti": 17.7, "frente_tot": 17.7, "avaluo_con": 0.0, "avaluo_sue": 20187.5, "zonaurbano": "NÚCLEOS URBANOS EN ZONA RURAL", "parroquia": "SANTA MARIANITA", "esta_bloqu": "NO", "es_tercera": "NO", "tiene_elec": "SI", "tiene_agua": "SI", "tiene_alca": "NO", "observacio": "SE CREA EL PRESENTE CÓDIGO CATASTRAL POR PROCESO DE LEGALIZACIÓN DE BIENES MOSTRENCO - RESP. TÉCNICO M.N. -15/06/2026", "observac_1": null, "barrio": "SIN ESPECIFICAR - SANTA MARIANITA", "parroquia_": 8, "barrio_id": 1151, "proceso": 0, "fecha_regi": null, "activo_cat": "SI", "desactivad": 0, "avaluo_rem": 0.0, "avaluo_r_1": 0.0, "clasificac": "POR LEGALIZAR", "anio_deuda": 0, "deuda": 0.0, "valor_ip": 0.0, "coactiva": null, "ficharegis": 0, "etam": 0.0786889475, "diferencia": -0.008206457, "porc_difer": -5.0814e-05, "admisible": 1, "deuda_anio": 0.0, "id_1": 100288, "lote_id_1": 110530, "clavecat_1": "4-13-15-16-000", "Clave_Ok": "4-13-15-16-000", "zona_1": 4, "sector_1": 13, "manzana_1": 15, "lote_1": 16, "ph_1": 0, "propieta_1": null, "document_1": 0.0, "direccio_1": "BARRIO AGUAS BELLAS DE LA PARROQUIA RURAL SANTA MARIANITA LOTE 10 DE LA MANZANA 15", "area_m2_1": 161.5, "frente_u_1": 17.7, "frente_t_1": 17.7, "avaluo_c_1": 0.0, "avaluo_s_1": 20187.5, "zonaurba_1": "N?ÜCLEOS URBANOS EN ZONA RURAL", "parroqui_1": "SANTA MARIANITA", "esta_blo_1": "NO", "es_terce_1": "NO", "tiene_el_1": "SI", "tiene_ag_1": "SI", "tiene_al_1": "NO", "observac_2": "SE CREA EL PRESENTE C?ôDIGO CATASTRAL POR PROCESO DE LEGALIZACI?ôN DE BIENES MOSTRENCO - RESP. T?ëCNICO M.N. -15/06/2026", "observac_3": null, "barrio_1": "SIN ESPECIFICAR - SANTA MARIANITA", "parroquia1": 8, "barrio_i_1": 1151, "proceso_1": 0, "fecha_re_1": null, "activo_c_1": "SI", "desactiv_1": 0, "avaluo_r_2": 0.0, "avaluo_r_3": 0.0, "clasific_1": "POR LEGALIZAR", "anio_deu_1": 0, "deuda_1": 0.0, "valor_ip_1": 0.0, "coactiva_1": null, "fichareg_1": 0, "etam_1": 0.0786889475, "diferenc_1": -0.008206457, "porc_dif_1": -5.0814e-05, "admisibl_1": "VERDADERO", "deuda_an_1": 0.0, "RESOLUCION": "659-20-08-2026" }, "geometry": { "type": "MultiPolygon", "coordinates": [ [ [ [ -80.847355796268062, -0.988629141498872 ], [ -80.84736552872522, -0.988523742929121 ], [ -80.847212344669302, -0.988566964804582 ], [ -80.847214826542555, -0.988577758780936 ], [ -80.847229725830474, -0.98857735413521 ], [ -80.847232186040713, -0.988657451882757 ], [ -80.847355796268062, -0.988629141498872 ] ] ] ] } },
{ "type": "Feature", "properties": { "id": 100289, "lote_id": 110477, "clavecatas": "4-13-15-17-000", "zona": "4", "sector": "13", "manzana": "15", "lote": "17", "ph": "000", "propietari": "GOBIERNO AUTONOMO DESCENTRALIZADO  MUNICIPAL MANTA .", "documentop": "1360000980001", "direccion": "BARRIO AGUAS BELLAS DE LA PARROQUIA RURAL SANTA MARIANITA LOTE 59 DE LA MANZANA 2", "area_m2": 141.7, "frente_uti": 16.45, "frente_tot": 21.25, "avaluo_con": 7200.0, "avaluo_sue": 4820.63, "zonaurbano": "NÚCLEOS URBANOS EN ZONA RURAL", "parroquia": "SANTA MARIANITA", "esta_bloqu": "NO", "es_tercera": "NO", "tiene_elec": "SI", "tiene_agua": "SI", "tiene_alca": "NO", "observacio": "SE CREA EL PRESENTE CÓDIGO CATASTRAL POR PROCESO DE LEGALIZACIÓN DE BIENES MOSTRENCO - RESP. TÉCNICO N. A. -12/06/2026", "observac_1": null, "barrio": "SIN ESPECIFICAR - SANTA MARIANITA", "parroquia_": 8, "barrio_id": 1151, "proceso": 0, "fecha_regi": null, "activo_cat": "SI", "desactivad": 0, "avaluo_rem": 0.0, "avaluo_r_1": 0.0, "clasificac": "POR LEGALIZAR", "anio_deuda": 0, "deuda": 0.0, "valor_ip": 0.0, "coactiva": null, "ficharegis": 0, "etam": 0.0840069225, "diferencia": -0.0024182444, "porc_difer": -1.70659e-05, "admisible": 1, "deuda_anio": 0.0, "id_1": 100289, "lote_id_1": 110477, "clavecat_1": "4-13-15-17-000", "Clave_Ok": "4-13-15-17-000", "zona_1": 4, "sector_1": 13, "manzana_1": 15, "lote_1": 17, "ph_1": 0, "propieta_1": "GOBIERNO AUTONOMO DESCENTRALIZADO  MUNICIPAL MANTA .", "document_1": 1360000980000.0, "direccio_1": "BARRIO AGUAS BELLAS DE LA PARROQUIA RURAL SANTA MARIANITA LOTE 59 DE LA MANZANA 2", "area_m2_1": 141.7, "frente_u_1": 16.45, "frente_t_1": 21.25, "avaluo_c_1": 7200.0, "avaluo_s_1": 4820.63, "zonaurba_1": "N?ÜCLEOS URBANOS EN ZONA RURAL", "parroqui_1": "SANTA MARIANITA", "esta_blo_1": "NO", "es_terce_1": "NO", "tiene_el_1": "SI", "tiene_ag_1": "SI", "tiene_al_1": "NO", "observac_2": "SE CREA EL PRESENTE C?ôDIGO CATASTRAL POR PROCESO DE LEGALIZACI?ôN DE BIENES MOSTRENCO - RESP. T?ëCNICO N. A. -12/06/2026", "observac_3": null, "barrio_1": "SIN ESPECIFICAR - SANTA MARIANITA", "parroquia1": 8, "barrio_i_1": 1151, "proceso_1": 0, "fecha_re_1": null, "activo_c_1": "SI", "desactiv_1": 0, "avaluo_r_2": 0.0, "avaluo_r_3": 0.0, "clasific_1": "POR LEGALIZAR", "anio_deu_1": 0, "deuda_1": 0.0, "valor_ip_1": 0.0, "coactiva_1": null, "fichareg_1": 0, "etam_1": 0.0840069225, "diferenc_1": -0.0024182444, "porc_dif_1": -1.70659e-05, "admisibl_1": "VERDADERO", "deuda_an_1": 0.0, "RESOLUCION": "660-20-08-2026" }, "geometry": { "type": "MultiPolygon", "coordinates": [ [ [ [ -80.847475350861686, -0.989156068183246 ], [ -80.847453220648347, -0.989152455182704 ], [ -80.847317433172122, -0.989210193591057 ], [ -80.847327498596016, -0.989252457195809 ], [ -80.847475346520298, -0.989251154715989 ], [ -80.847475350861686, -0.989156068183246 ] ] ] ] } },
{ "type": "Feature", "properties": { "id": 101120, "lote_id": 110538, "clavecatas": "4-45-07-07-000", "zona": "4", "sector": "45", "manzana": "07", "lote": "07", "ph": "000", "propietari": "GOBIERNO AUTONOMO DESCENTRALIZADO  MUNICIPAL MANTA .", "documentop": "1360000980001", "direccion": "BARRIO PUNTA  LA BARCA DE LA PARROQUIA SANTA MARIANITA MANZANA 07 LOTE 07", "area_m2": 492.76, "frente_uti": 10.26, "frente_tot": 42.21, "avaluo_con": 0.0, "avaluo_sue": 0.0, "zonaurbano": "RURAL", "parroquia": "SANTA MARIANITA", "esta_bloqu": "NO", "es_tercera": "NO", "tiene_elec": "SI", "tiene_agua": "SI", "tiene_alca": "NO", "observacio": "SE CREA EL PRESENTE CÓDIGO CATASTRAL POR PROCESO DE LEGALIZACIÓN DE BIENES MOSTRENCO - RESP. TÉCNICO D.CH. -15/06/2026", "observac_1": null, "barrio": "SIN ESPECIFICAR - SANTA MARIANITA", "parroquia_": 8, "barrio_id": 1151, "proceso": 0, "fecha_regi": null, "activo_cat": "SI", "desactivad": 0, "avaluo_rem": 0.0, "avaluo_r_1": 0.0, "clasificac": "POR LEGALIZAR", "anio_deuda": 0, "deuda": 0.0, "valor_ip": 0.0, "coactiva": null, "ficharegis": 0, "etam": 0.1351461043, "diferencia": 0.5278940984, "porc_difer": 0.0010713006, "admisible": 1, "deuda_anio": 0.0, "id_1": 101120, "lote_id_1": 110538, "clavecat_1": "4-45-07-07-000", "Clave_Ok": "4-45-07-07-000", "zona_1": 4, "sector_1": 45, "manzana_1": 7, "lote_1": 7, "ph_1": 0, "propieta_1": "GOBIERNO AUTONOMO DESCENTRALIZADO  MUNICIPAL MANTA .", "document_1": 1360000980000.0, "direccio_1": "BARRIO PUNTA  LA BARCA DE LA PARROQUIA SANTA MARIANITA MANZANA 07 LOTE 07", "area_m2_1": 492.76, "frente_u_1": 10.26, "frente_t_1": 42.21, "avaluo_c_1": 0.0, "avaluo_s_1": 0.0, "zonaurba_1": "RURAL", "parroqui_1": "SANTA MARIANITA", "esta_blo_1": "NO", "es_terce_1": "NO", "tiene_el_1": "SI", "tiene_ag_1": "SI", "tiene_al_1": "NO", "observac_2": "SE CREA EL PRESENTE C?ôDIGO CATASTRAL POR PROCESO DE LEGALIZACI?ôN DE BIENES MOSTRENCO - RESP. T?ëCNICO D.CH. -15/06/2026", "observac_3": null, "barrio_1": "SIN ESPECIFICAR - SANTA MARIANITA", "parroquia1": 8, "barrio_i_1": 1151, "proceso_1": 0, "fecha_re_1": null, "activo_c_1": "SI", "desactiv_1": 0, "avaluo_r_2": 0.0, "avaluo_r_3": 0.0, "clasific_1": "POR LEGALIZAR", "anio_deu_1": 0, "deuda_1": 0.0, "valor_ip_1": 0.0, "coactiva_1": null, "fichareg_1": 0, "etam_1": 0.1351461043, "diferenc_1": 0.5278940984, "porc_dif_1": 0.0010713006, "admisibl_1": "VERDADERO", "deuda_an_1": 0.0, "RESOLUCION": "659-20-08-2026" }, "geometry": { "type": "MultiPolygon", "coordinates": [ [ [ [ -80.850577031850221, -0.991385142100652 ], [ -80.850469357776774, -0.991263747345963 ], [ -80.85029850821104, -0.991371695835809 ], [ -80.850295388326089, -0.991375641196325 ], [ -80.850292544500803, -0.99137979257794 ], [ -80.850289990117801, -0.991384130444922 ], [ -80.850287737197547, -0.991388634384008 ], [ -80.850285796341936, -0.991393283200394 ], [ -80.850284176684312, -0.991398055017508 ], [ -80.850282885846511, -0.991402927380016 ], [ -80.850281929903005, -0.991407877359379 ], [ -80.850281313352312, -0.991412881661759 ], [ -80.850281039095805, -0.991417916737789 ], [ -80.850281108424099, -0.991422958893219 ], [ -80.850281521010942, -0.991427984400544 ], [ -80.850282274914775, -0.991432969610482 ], [ -80.85028336658786, -0.991437891063526 ], [ -80.850284790892957, -0.991442725600112 ], [ -80.850286541127531, -0.991447450469701 ], [ -80.850288609055255, -0.991452043437869 ], [ -80.850351156402084, -0.991520251226898 ], [ -80.850577031850221, -0.991385142100652 ] ] ] ] } },
{ "type": "Feature", "properties": { "id": 101121, "lote_id": 110480, "clavecatas": "4-45-08-12-000", "zona": "4", "sector": "45", "manzana": "08", "lote": "12", "ph": "000", "propietari": "GOBIERNO AUTONOMO DESCENTRALIZADO  MUNICIPAL MANTA .", "documentop": "1360000980001", "direccion": "BARRIO PUNTA  LA BARCA DE LA PARROQUIA SANTA MARIANITA MANZANA 8 LOTE 12", "area_m2": 395.8, "frente_uti": 19.86, "frente_tot": 51.21, "avaluo_con": 20072.44, "avaluo_sue": 22441.86, "zonaurbano": "NÚCLEOS URBANOS EN ZONA RURAL", "parroquia": "SANTA MARIANITA", "esta_bloqu": "NO", "es_tercera": "NO", "tiene_elec": "SI", "tiene_agua": "SI", "tiene_alca": "NO", "observacio": "SE CREA EL PRESENTE CÓDIGO CATASTRAL POR PROCESO DE LEGALIZACIÓN DE BIENES MOSTRENCO - RESP. TÉCNICO D.CH. -12/06/2026", "observac_1": null, "barrio": "SIN ESPECIFICAR - SANTA MARIANITA", "parroquia_": 8, "barrio_id": 1151, "proceso": 0, "fecha_regi": null, "activo_cat": "SI", "desactivad": 0, "avaluo_rem": 0.0, "avaluo_r_1": 0.0, "clasificac": "POR LEGALIZAR", "anio_deuda": 0, "deuda": 0.0, "valor_ip": 0.0, "coactiva": null, "ficharegis": 0, "etam": 0.1507937563, "diferencia": 0.0031195412, "porc_difer": 7.8816e-06, "admisible": 1, "deuda_anio": 0.0, "id_1": 101121, "lote_id_1": 110480, "clavecat_1": "4-45-08-12-000", "Clave_Ok": "4-45-08-12-000", "zona_1": 4, "sector_1": 45, "manzana_1": 8, "lote_1": 12, "ph_1": 0, "propieta_1": "GOBIERNO AUTONOMO DESCENTRALIZADO  MUNICIPAL MANTA .", "document_1": 1360000980000.0, "direccio_1": "BARRIO PUNTA  LA BARCA DE LA PARROQUIA SANTA MARIANITA MANZANA 8 LOTE 12", "area_m2_1": 395.8, "frente_u_1": 19.86, "frente_t_1": 51.21, "avaluo_c_1": 20072.44, "avaluo_s_1": 22441.86, "zonaurba_1": "N?ÜCLEOS URBANOS EN ZONA RURAL", "parroqui_1": "SANTA MARIANITA", "esta_blo_1": "NO", "es_terce_1": "NO", "tiene_el_1": "SI", "tiene_ag_1": "SI", "tiene_al_1": "NO", "observac_2": "SE CREA EL PRESENTE C?ôDIGO CATASTRAL POR PROCESO DE LEGALIZACI?ôN DE BIENES MOSTRENCO - RESP. T?ëCNICO D.CH. -12/06/2026", "observac_3": null, "barrio_1": "SIN ESPECIFICAR - SANTA MARIANITA", "parroquia1": 8, "barrio_i_1": 1151, "proceso_1": 0, "fecha_re_1": null, "activo_c_1": "SI", "desactiv_1": 0, "avaluo_r_2": 0.0, "avaluo_r_3": 0.0, "clasific_1": "POR LEGALIZAR", "anio_deu_1": 0, "deuda_1": 0.0, "valor_ip_1": 0.0, "coactiva_1": null, "fichareg_1": 0, "etam_1": 0.1507937563, "diferenc_1": 0.0031195412, "porc_dif_1": 7.8816e-06, "admisibl_1": "VERDADERO", "deuda_an_1": 0.0, "RESOLUCION": "660-20-08-2026" }, "geometry": { "type": "MultiPolygon", "coordinates": [ [ [ [ -80.850643821678062, -0.991860712211241 ], [ -80.850506285434776, -0.99174619254547 ], [ -80.850409614119073, -0.991798519652058 ], [ -80.850447575178805, -0.991837498580971 ], [ -80.850396308457576, -0.991886369519186 ], [ -80.850460765594448, -0.99194825199846 ], [ -80.850521492360798, -0.991982487023264 ], [ -80.850643821678062, -0.991860712211241 ] ] ] ] } },
{ "type": "Feature", "properties": { "id": 101122, "lote_id": 110516, "clavecatas": "4-45-09-03-000", "zona": "4", "sector": "45", "manzana": "09", "lote": "03", "ph": "000", "propietari": null, "documentop": null, "direccion": "PARROQUIA SANTA MARIANITA - SECTOR PUNTA LA BARCA MZ 09 - LT 03", "area_m2": 650.92, "frente_uti": 49.51, "frente_tot": 82.41, "avaluo_con": 8689.26, "avaluo_sue": 0.0, "zonaurbano": "NÚCLEOS URBANOS EN ZONA RURAL", "parroquia": "SANTA MARIANITA", "esta_bloqu": "NO", "es_tercera": "NO", "tiene_elec": "SI", "tiene_agua": "NO", "tiene_alca": "NO", "observacio": "SE CREA EL PRESENTE CÓDIGO CATASTRAL POR PROCESO DE LEGALIZACIÓN DE BIENES MOSTRENCO - RESP. TÉCNICO P.L. -15/06/2026", "observac_1": null, "barrio": "PUNTA DE BARCA", "parroquia_": 8, "barrio_id": 1051, "proceso": 0, "fecha_regi": null, "activo_cat": "SI", "desactivad": 0, "avaluo_rem": 0.0, "avaluo_r_1": 0.0, "clasificac": "POR LEGALIZAR", "anio_deuda": 0, "deuda": 0.0, "valor_ip": 0.0, "coactiva": null, "ficharegis": 0, "etam": 0.1567819939, "diferencia": 0.0017491424, "porc_difer": 2.6872e-06, "admisible": 1, "deuda_anio": 0.0, "id_1": 101122, "lote_id_1": 110516, "clavecat_1": "4-45-09-03-000", "Clave_Ok": "4-45-09-03-000", "zona_1": 4, "sector_1": 45, "manzana_1": 9, "lote_1": 3, "ph_1": 0, "propieta_1": null, "document_1": 0.0, "direccio_1": "PARROQUIA SANTA MARIANITA - SECTOR PUNTA LA BARCA MZ 09 - LT 03", "area_m2_1": 650.92, "frente_u_1": 49.51, "frente_t_1": 82.41, "avaluo_c_1": 8689.26, "avaluo_s_1": 0.0, "zonaurba_1": "N?ÜCLEOS URBANOS EN ZONA RURAL", "parroqui_1": "SANTA MARIANITA", "esta_blo_1": "NO", "es_terce_1": "NO", "tiene_el_1": "SI", "tiene_ag_1": "NO", "tiene_al_1": "NO", "observac_2": "SE CREA EL PRESENTE C?ôDIGO CATASTRAL POR PROCESO DE LEGALIZACI?ôN DE BIENES MOSTRENCO - RESP. T?ëCNICO P.L. -15/06/2026", "observac_3": null, "barrio_1": "PUNTA DE BARCA", "parroquia1": 8, "barrio_i_1": 1051, "proceso_1": 0, "fecha_re_1": null, "activo_c_1": "SI", "desactiv_1": 0, "avaluo_r_2": 0.0, "avaluo_r_3": 0.0, "clasific_1": "POR LEGALIZAR", "anio_deu_1": 0, "deuda_1": 0.0, "valor_ip_1": 0.0, "coactiva_1": null, "fichareg_1": 0, "etam_1": 0.1567819939, "diferenc_1": 0.0017491424, "porc_dif_1": 2.6872e-06, "admisibl_1": "VERDADERO", "deuda_an_1": 0.0, "RESOLUCION": "659-20-08-2026" }, "geometry": { "type": "MultiPolygon", "coordinates": [ [ [ [ -80.849940069861532, -0.992707921705754 ], [ -80.849932804836968, -0.992696584023862 ], [ -80.849855189454502, -0.992664819231819 ], [ -80.849785817920974, -0.992629783485838 ], [ -80.849746162204298, -0.992609472602458 ], [ -80.849704902443719, -0.992589411530748 ], [ -80.849661170616884, -0.992568273704448 ], [ -80.849612096526926, -0.99254593856484 ], [ -80.849522701131846, -0.99252925660498 ], [ -80.849525950856773, -0.992610616167598 ], [ -80.84944979404321, -0.992617734228085 ], [ -80.849472072146241, -0.992695069150108 ], [ -80.849646843317572, -0.992652731470044 ], [ -80.849656855949277, -0.992687488734655 ], [ -80.849684390687258, -0.992783071212279 ], [ -80.849796430336625, -0.992755953901661 ], [ -80.849885992182365, -0.992726004958386 ], [ -80.849940069861532, -0.992707921705754 ] ] ] ] } },
{ "type": "Feature", "properties": { "id": 101123, "lote_id": 110515, "clavecatas": "4-45-09-04-000", "zona": "4", "sector": "45", "manzana": "09", "lote": "04", "ph": "000", "propietari": null, "documentop": null, "direccion": "PARROQUIA SANTA MARIANITA - SECTOR PUNTA LA BARCA MZ 09 - LT 04", "area_m2": 93.44, "frente_uti": 21.54, "frente_tot": 21.54, "avaluo_con": 1461.11, "avaluo_sue": 0.0, "zonaurbano": "NÚCLEOS URBANOS EN ZONA RURAL", "parroquia": "SANTA MARIANITA", "esta_bloqu": "NO", "es_tercera": "NO", "tiene_elec": "SI", "tiene_agua": "NO", "tiene_alca": "NO", "observacio": "SE CREA EL PRESENTE CÓDIGO CATASTRAL POR PROCESO DE LEGALIZACIÓN DE BIENES MOSTRENCO - RESP. TÉCNICO P.L. -15/06/2026", "observac_1": null, "barrio": "PUNTA DE BARCA", "parroquia_": 8, "barrio_id": 1051, "proceso": 0, "fecha_regi": null, "activo_cat": "SI", "desactivad": 0, "avaluo_rem": 0.0, "avaluo_r_1": 0.0, "clasificac": "POR LEGALIZAR", "anio_deuda": 0, "deuda": 0.0, "valor_ip": 0.0, "coactiva": null, "ficharegis": 0, "etam": 0.1, "diferencia": -4.09494e-05, "porc_difer": -4.382e-07, "admisible": 1, "deuda_anio": 0.0, "id_1": 101123, "lote_id_1": 110515, "clavecat_1": "4-45-09-04-000", "Clave_Ok": "4-45-09-04-000", "zona_1": 4, "sector_1": 45, "manzana_1": 9, "lote_1": 4, "ph_1": 0, "propieta_1": null, "document_1": 0.0, "direccio_1": "PARROQUIA SANTA MARIANITA - SECTOR PUNTA LA BARCA MZ 09 - LT 04", "area_m2_1": 93.44, "frente_u_1": 21.54, "frente_t_1": 21.54, "avaluo_c_1": 1461.11, "avaluo_s_1": 0.0, "zonaurba_1": "N?ÜCLEOS URBANOS EN ZONA RURAL", "parroqui_1": "SANTA MARIANITA", "esta_blo_1": "NO", "es_terce_1": "NO", "tiene_el_1": "SI", "tiene_ag_1": "NO", "tiene_al_1": "NO", "observac_2": "SE CREA EL PRESENTE C?ôDIGO CATASTRAL POR PROCESO DE LEGALIZACI?ôN DE BIENES MOSTRENCO - RESP. T?ëCNICO P.L. -15/06/2026", "observac_3": null, "barrio_1": "PUNTA DE BARCA", "parroquia1": 8, "barrio_i_1": 1051, "proceso_1": 0, "fecha_re_1": null, "activo_c_1": "SI", "desactiv_1": 0, "avaluo_r_2": 0.0, "avaluo_r_3": 0.0, "clasific_1": "POR LEGALIZAR", "anio_deu_1": 0, "deuda_1": 0.0, "valor_ip_1": 0.0, "coactiva_1": null, "fichareg_1": 0, "etam_1": 0.1, "diferenc_1": -4.09494e-05, "porc_dif_1": -4.382e-07, "admisibl_1": "VERDADERO", "deuda_an_1": 0.0, "RESOLUCION": "659-20-08-2026" }, "geometry": { "type": "MultiPolygon", "coordinates": [ [ [ [ -80.849522701131846, -0.99252925660498 ], [ -80.849423510891569, -0.992526496407743 ], [ -80.84944979404321, -0.992617734228085 ], [ -80.849525950856773, -0.992610616167598 ], [ -80.849522701131846, -0.99252925660498 ] ] ] ] } },
{ "type": "Feature", "properties": { "id": 101124, "lote_id": 110514, "clavecatas": "4-45-09-05-000", "zona": "4", "sector": "45", "manzana": "09", "lote": "05", "ph": "000", "propietari": null, "documentop": null, "direccion": "PARROQUIA SANTA MARIANITA - SECTOR PUNTA LA BARCA MZ 09 - LT 05", "area_m2": 109.88, "frente_uti": 21.0, "frente_tot": 21.0, "avaluo_con": 1573.08, "avaluo_sue": 0.0, "zonaurbano": "NÚCLEOS URBANOS EN ZONA RURAL", "parroquia": "SANTA MARIANITA", "esta_bloqu": "NO", "es_tercera": "NO", "tiene_elec": "SI", "tiene_agua": "NO", "tiene_alca": "NO", "observacio": "SE CREA EL PRESENTE CÓDIGO CATASTRAL POR PROCESO DE LEGALIZACIÓN DE BIENES MOSTRENCO - RESP. TÉCNICO P.L. -15/06/2026", "observac_1": null, "barrio": "PUNTA DE BARCA", "parroquia_": 8, "barrio_id": 1051, "proceso": 0, "fecha_regi": null, "activo_cat": "SI", "desactivad": 0, "avaluo_rem": 0.0, "avaluo_r_1": 0.0, "clasificac": "POR LEGALIZAR", "anio_deuda": 0, "deuda": 0.0, "valor_ip": 0.0, "coactiva": null, "ficharegis": 0, "etam": 0.0953983086, "diferencia": -0.0043328043, "porc_difer": -3.94321e-05, "admisible": 1, "deuda_anio": 0.0, "id_1": 101124, "lote_id_1": 110514, "clavecat_1": "4-45-09-05-000", "Clave_Ok": "4-45-09-05-000", "zona_1": 4, "sector_1": 45, "manzana_1": 9, "lote_1": 5, "ph_1": 0, "propieta_1": null, "document_1": 0.0, "direccio_1": "PARROQUIA SANTA MARIANITA - SECTOR PUNTA LA BARCA MZ 09 - LT 05", "area_m2_1": 109.88, "frente_u_1": 21.0, "frente_t_1": 21.0, "avaluo_c_1": 1573.08, "avaluo_s_1": 0.0, "zonaurba_1": "N?ÜCLEOS URBANOS EN ZONA RURAL", "parroqui_1": "SANTA MARIANITA", "esta_blo_1": "NO", "es_terce_1": "NO", "tiene_el_1": "SI", "tiene_ag_1": "NO", "tiene_al_1": "NO", "observac_2": "SE CREA EL PRESENTE C?ôDIGO CATASTRAL POR PROCESO DE LEGALIZACI?ôN DE BIENES MOSTRENCO - RESP. T?ëCNICO P.L. -15/06/2026", "observac_3": null, "barrio_1": "PUNTA DE BARCA", "parroquia1": 8, "barrio_i_1": 1051, "proceso_1": 0, "fecha_re_1": null, "activo_c_1": "SI", "desactiv_1": 0, "avaluo_r_2": 0.0, "avaluo_r_3": 0.0, "clasific_1": "POR LEGALIZAR", "anio_deu_1": 0, "deuda_1": 0.0, "valor_ip_1": 0.0, "coactiva_1": null, "fichareg_1": 0, "etam_1": 0.0953983086, "diferenc_1": -0.0043328043, "porc_dif_1": -3.94321e-05, "admisibl_1": "VERDADERO", "deuda_an_1": 0.0, "RESOLUCION": "659-20-08-2026" }, "geometry": { "type": "MultiPolygon", "coordinates": [ [ [ [ -80.849597000952755, -0.992804222715029 ], [ -80.849569466217375, -0.992708640237009 ], [ -80.849482084773868, -0.992729826407315 ], [ -80.849509619506733, -0.992825408885679 ], [ -80.849597000952755, -0.992804222715029 ] ] ] ] } },
{ "type": "Feature", "properties": { "id": 105998, "lote_id": 110349, "clavecatas": "6-09-01-16-000", "zona": "6", "sector": "09", "manzana": "01", "lote": "16", "ph": "000", "propietari": "CALDERON LOPEZ NORMA EXILDA", "documentop": "1302517303", "direccion": "PARROQUIA SAN LORENZO, BARRIO BELLAVISTA, MANZANA 06 LOTE 07", "area_m2": 316.0, "frente_uti": 11.77, "frente_tot": 24.0, "avaluo_con": 7564.8, "avaluo_sue": 11262.24, "zonaurbano": "NÚCLEOS URBANOS EN ZONA RURAL", "parroquia": "SAN LORENZO", "esta_bloqu": "NO", "es_tercera": "NO", "tiene_elec": "SI", "tiene_agua": "SI", "tiene_alca": "NO", "observacio": "SE CREA LA CLAVE CATASTRAL 6-09-01-16-000 A FAVOR DE CALDERON LOPEZ NORMA EXILDA CON FINES DE LEGALIZACIÓN, PREDIO UBICADO EN EL BARRIO BELLAVISTA DEL NÚCLEO URBANO DE LA PARROQUIA SAN LORENZO DACC 12/03/2026 -SE ACTUALIZA INFORMACION CON ESCRITURA DE", "observac_1": null, "barrio": "SIN ESPECIFICAR - SAN LORENZO", "parroquia_": 7, "barrio_id": 1150, "proceso": 0, "fecha_regi": null, "activo_cat": "SI", "desactivad": 0, "avaluo_rem": 0.0, "avaluo_r_1": 0.0, "clasificac": "GENERAL", "anio_deuda": 0, "deuda": 0.0, "valor_ip": 0.0, "coactiva": null, "ficharegis": 92850, "etam": 0.1687631851, "diferencia": -2.0257108916000002, "porc_difer": -0.0064104775, "admisible": 1, "deuda_anio": 0.0, "id_1": 105998, "lote_id_1": 110349, "clavecat_1": "6-09-01-16-000", "Clave_Ok": "6-09-01-16-000", "zona_1": 6, "sector_1": 9, "manzana_1": 1, "lote_1": 16, "ph_1": 0, "propieta_1": "CALDERON LOPEZ NORMA EXILDA", "document_1": 1302517303.0, "direccio_1": "PARROQUIA SAN LORENZO, BARRIO BELLAVISTA, MANZANA 06 LOTE 07", "area_m2_1": 316.0, "frente_u_1": 11.77, "frente_t_1": 24.0, "avaluo_c_1": 7564.8, "avaluo_s_1": 11262.24, "zonaurba_1": "N?ÜCLEOS URBANOS EN ZONA RURAL", "parroqui_1": "SAN LORENZO", "esta_blo_1": "NO", "es_terce_1": "NO", "tiene_el_1": "SI", "tiene_ag_1": "SI", "tiene_al_1": "NO", "observac_2": "SE CREA LA CLAVE CATASTRAL 6-09-01-16-000 A FAVOR DE CALDERON LOPEZ NORMA EXILDA CON FINES DE LEGALIZACI?ôN, PREDIO UBICADO EN EL BARRIO BELLAVISTA DEL N?ÜCLEO URBANO DE LA PARROQUIA SAN LORENZO DACC 12/03/2026 -SE ACTUALIZA INFORMACION CON ESCRITURA D", "observac_3": null, "barrio_1": "SIN ESPECIFICAR - SAN LORENZO", "parroquia1": 7, "barrio_i_1": 1150, "proceso_1": 0, "fecha_re_1": null, "activo_c_1": "SI", "desactiv_1": 0, "avaluo_r_2": 0.0, "avaluo_r_3": 0.0, "clasific_1": "GENERAL", "anio_deu_1": 0, "deuda_1": 0.0, "valor_ip_1": 0.0, "coactiva_1": null, "fichareg_1": 92850, "etam_1": 0.1687631851, "diferenc_1": -2.0257108916000002, "porc_dif_1": -0.0064104775, "admisibl_1": "VERDADERO", "deuda_an_1": 0.0, "RESOLUCION": "610-21-05-2026" }, "geometry": { "type": "MultiPolygon", "coordinates": [ [ [ [ -80.90649607351547, -1.068194979741659 ], [ -80.906425770505578, -1.068348613927474 ], [ -80.906481816271452, -1.068438903596596 ], [ -80.906518398544165, -1.068339381965563 ], [ -80.906604195970274, -1.068371850134687 ], [ -80.906639650660622, -1.068267103872214 ], [ -80.90649607351547, -1.068194979741659 ] ] ] ] } },
{ "type": "Feature", "properties": { "id": 106005, "lote_id": 110345, "clavecatas": "6-09-02-12-000", "zona": "6", "sector": "09", "manzana": "02", "lote": "12", "ph": "000", "propietari": "GOBIERNO AUTONOMO DESCENTRALIZADO  MUNICIPAL MANTA .", "documentop": "1360000980001", "direccion": "PARROQUIA SAN LORENZO, BARRIO BELLAVISTA, MANZANA 03 LOTE 10", "area_m2": 51.23, "frente_uti": 6.16, "frente_tot": 6.16, "avaluo_con": 8086.4, "avaluo_sue": 3227.49, "zonaurbano": "NÚCLEOS URBANOS EN ZONA RURAL", "parroquia": "SAN LORENZO", "esta_bloqu": "NO", "es_tercera": "NO", "tiene_elec": "SI", "tiene_agua": "SI", "tiene_alca": "NO", "observacio": "SE CREA LA CLAVE CATASTRAL 6-09-02-12-000 A FAVOR DE REYES TUMBACO ARCADIO ALADINO CON FINES DE LEGALIZACIÓN, PREDIO UBICADO EN EL BARRIO BELLAVISTA DEL NÚCLEO URBANO DE LA PARROQUIA SAN LORENZO DACC 12/03/2026", "observac_1": null, "barrio": "SIN ESPECIFICAR - SAN LORENZO", "parroquia_": 7, "barrio_id": 1150, "proceso": 0, "fecha_regi": null, "activo_cat": "SI", "desactivad": 0, "avaluo_rem": 0.0, "avaluo_r_1": 0.0, "clasificac": "POR LEGALIZAR", "anio_deuda": 0, "deuda": 0.0, "valor_ip": 0.0, "coactiva": null, "ficharegis": 0, "etam": 0.1, "diferencia": 0.0037781585, "porc_difer": 7.37489e-05, "admisible": 1, "deuda_anio": 0.0, "id_1": 106005, "lote_id_1": 110345, "clavecat_1": "6-09-02-12-000", "Clave_Ok": "6-09-02-12-000", "zona_1": 6, "sector_1": 9, "manzana_1": 2, "lote_1": 12, "ph_1": 0, "propieta_1": "GOBIERNO AUTONOMO DESCENTRALIZADO  MUNICIPAL MANTA .", "document_1": 1360000980000.0, "direccio_1": "PARROQUIA SAN LORENZO, BARRIO BELLAVISTA, MANZANA 03 LOTE 10", "area_m2_1": 51.23, "frente_u_1": 6.16, "frente_t_1": 6.16, "avaluo_c_1": 8086.4, "avaluo_s_1": 3227.49, "zonaurba_1": "N?ÜCLEOS URBANOS EN ZONA RURAL", "parroqui_1": "SAN LORENZO", "esta_blo_1": "NO", "es_terce_1": "NO", "tiene_el_1": "SI", "tiene_ag_1": "SI", "tiene_al_1": "NO", "observac_2": "SE CREA LA CLAVE CATASTRAL 6-09-02-12-000 A FAVOR DE REYES TUMBACO ARCADIO ALADINO CON FINES DE LEGALIZACI?ôN, PREDIO UBICADO EN EL BARRIO BELLAVISTA DEL N?ÜCLEO URBANO DE LA PARROQUIA SAN LORENZO DACC 12/03/2026", "observac_3": null, "barrio_1": "SIN ESPECIFICAR - SAN LORENZO", "parroquia1": 7, "barrio_i_1": 1150, "proceso_1": 0, "fecha_re_1": null, "activo_c_1": "SI", "desactiv_1": 0, "avaluo_r_2": 0.0, "avaluo_r_3": 0.0, "clasific_1": "POR LEGALIZAR", "anio_deu_1": 0, "deuda_1": 0.0, "valor_ip_1": 0.0, "coactiva_1": null, "fichareg_1": 0, "etam_1": 0.1, "diferenc_1": 0.0037781585, "porc_dif_1": 7.37489e-05, "admisibl_1": "VERDADERO", "deuda_an_1": 0.0, "RESOLUCION": "610-21-05-2026" }, "geometry": { "type": "MultiPolygon", "coordinates": [ [ [ [ -80.90685018514867, -1.068166420318723 ], [ -80.906780302169878, -1.068140415408157 ], [ -80.90676109632571, -1.068192706856106 ], [ -80.90682045205449, -1.068222086439593 ], [ -80.90685018514867, -1.068166420318723 ] ] ] ] } },
{ "type": "Feature", "properties": { "id": 106006, "lote_id": 110346, "clavecatas": "6-09-02-13-000", "zona": "6", "sector": "09", "manzana": "02", "lote": "13", "ph": "000", "propietari": "LOPEZ TUMBACO CRISTINA LUCIA", "documentop": "1308299997", "direccion": "PARROQUIA SAN LORENZO, BARRIO BELLAVISTA, MANZANA 03 LOTE 09", "area_m2": 31.08, "frente_uti": 3.62, "frente_tot": 3.62, "avaluo_con": 7578.6, "avaluo_sue": 1860.14, "zonaurbano": "NÚCLEOS URBANOS EN ZONA RURAL", "parroquia": "SAN LORENZO", "esta_bloqu": "NO", "es_tercera": "NO", "tiene_elec": "SI", "tiene_agua": "SI", "tiene_alca": "NO", "observacio": "SE CREA LA CLAVE CATASTRAL 6-09-02-13-000 A FAVOR DE LOPEZ TUMBACO CRISTINA LUCIA CON FINES DE LEGALIZACIÓN, PREDIO UBICADO EN EL BARRIO BELLAVISTA DEL NÚCLEO URBANO DE LA PARROQUIA SAN LORENZO DACC 12/03/2026.-SE ACTUALIZA INF CON ESCRITURA DE COMPRAV", "observac_1": null, "barrio": "SIN ESPECIFICAR - SAN LORENZO", "parroquia_": 7, "barrio_id": 1150, "proceso": 0, "fecha_regi": null, "activo_cat": "SI", "desactivad": 0, "avaluo_rem": 0.0, "avaluo_r_1": 0.0, "clasificac": "GENERAL", "anio_deuda": 0, "deuda": 0.0, "valor_ip": 0.0, "coactiva": null, "ficharegis": 92703, "etam": 0.1, "diferencia": 0.0003467766, "porc_difer": 1.11575e-05, "admisible": 1, "deuda_anio": 0.0, "id_1": 106006, "lote_id_1": 110346, "clavecat_1": "6-09-02-13-000", "Clave_Ok": "6-09-02-13-000", "zona_1": 6, "sector_1": 9, "manzana_1": 2, "lote_1": 13, "ph_1": 0, "propieta_1": "LOPEZ TUMBACO CRISTINA LUCIA", "document_1": 1308299997.0, "direccio_1": "PARROQUIA SAN LORENZO, BARRIO BELLAVISTA, MANZANA 03 LOTE 09", "area_m2_1": 31.08, "frente_u_1": 3.62, "frente_t_1": 3.62, "avaluo_c_1": 7578.6, "avaluo_s_1": 1860.14, "zonaurba_1": "N?ÜCLEOS URBANOS EN ZONA RURAL", "parroqui_1": "SAN LORENZO", "esta_blo_1": "NO", "es_terce_1": "NO", "tiene_el_1": "SI", "tiene_ag_1": "SI", "tiene_al_1": "NO", "observac_2": "SE CREA LA CLAVE CATASTRAL 6-09-02-13-000 A FAVOR DE LOPEZ TUMBACO CRISTINA LUCIA CON FINES DE LEGALIZACI?ôN, PREDIO UBICADO EN EL BARRIO BELLAVISTA DEL N?ÜCLEO URBANO DE LA PARROQUIA SAN LORENZO DACC 12/03/2026.-SE ACTUALIZA INF CON ESCRITURA DE COMPR", "observac_3": null, "barrio_1": "SIN ESPECIFICAR - SAN LORENZO", "parroquia1": 7, "barrio_i_1": 1150, "proceso_1": 0, "fecha_re_1": null, "activo_c_1": "SI", "desactiv_1": 0, "avaluo_r_2": 0.0, "avaluo_r_3": 0.0, "clasific_1": "GENERAL", "anio_deu_1": 0, "deuda_1": 0.0, "valor_ip_1": 0.0, "coactiva_1": null, "fichareg_1": 92703, "etam_1": 0.1, "diferenc_1": 0.0003467766, "porc_dif_1": 1.11575e-05, "admisibl_1": "VERDADERO", "deuda_an_1": 0.0, "RESOLUCION": "610-21-05-2026" }, "geometry": { "type": "MultiPolygon", "coordinates": [ [ [ [ -80.906871283967021, -1.068142210012753 ], [ -80.906791581107925, -1.068109706421062 ], [ -80.906780302169892, -1.068140415408157 ], [ -80.90685018514867, -1.068166420318723 ], [ -80.906871283967021, -1.068142210012753 ] ] ] ] } },
{ "type": "Feature", "properties": { "id": 106016, "lote_id": 110203, "clavecatas": "6-09-06-06-000", "zona": "6", "sector": "09", "manzana": "06", "lote": "06", "ph": "000", "propietari": null, "documentop": null, "direccion": "PARROQUIA SAN LORENZO  - NÚCLEO URBANO - MIRAFLORES - MZ 01 LOTE 05", "area_m2": 52.2, "frente_uti": 7.1, "frente_tot": 7.1, "avaluo_con": 0.0, "avaluo_sue": 2088.0, "zonaurbano": "NÚCLEOS URBANOS EN ZONA RURAL", "parroquia": "SAN LORENZO", "esta_bloqu": "NO", "es_tercera": "NO", "tiene_elec": "SI", "tiene_agua": "NO", "tiene_alca": "NO", "observacio": "SE CREA LA CLAVE CATASTRAL 6-09-06-06-000 A FAVOR DEL GOBIERNO AUTONOMO DESCENTRALIZADO DEL CANTON MANTA CON FINES DE LEGALIZACIÓN, PREDIO UBICADO EN EL BARRIO MIRAFLORES DEL NÚCLEO URBANO DE LA PARROQUIA SAN LORENZO, PREVIO INFORME DEL ARQ. PATRICIO L", "observac_1": null, "barrio": "MIRAFLORES", "parroquia_": 7, "barrio_id": 217, "proceso": 0, "fecha_regi": null, "activo_cat": "SI", "desactivad": 0, "avaluo_rem": 0.0, "avaluo_r_1": 0.0, "clasificac": "POR LEGALIZAR", "anio_deuda": 0, "deuda": 0.0, "valor_ip": 0.0, "coactiva": null, "ficharegis": 0, "etam": 0.1, "diferencia": 0.2616194621, "porc_difer": 0.0050118671, "admisible": 1, "deuda_anio": 0.0, "id_1": 106016, "lote_id_1": 110203, "clavecat_1": "6-09-06-06-000", "Clave_Ok": "6-09-06-06-000", "zona_1": 6, "sector_1": 9, "manzana_1": 6, "lote_1": 6, "ph_1": 0, "propieta_1": null, "document_1": 0.0, "direccio_1": "PARROQUIA SAN LORENZO  - N?ÜCLEO URBANO - MIRAFLORES - MZ 01 LOTE 05", "area_m2_1": 52.2, "frente_u_1": 7.1, "frente_t_1": 7.1, "avaluo_c_1": 0.0, "avaluo_s_1": 2088.0, "zonaurba_1": "N?ÜCLEOS URBANOS EN ZONA RURAL", "parroqui_1": "SAN LORENZO", "esta_blo_1": "NO", "es_terce_1": "NO", "tiene_el_1": "SI", "tiene_ag_1": "NO", "tiene_al_1": "NO", "observac_2": "SE CREA LA CLAVE CATASTRAL 6-09-06-06-000 A FAVOR DEL GOBIERNO AUTONOMO DESCENTRALIZADO DEL CANTON MANTA CON FINES DE LEGALIZACI?ôN, PREDIO UBICADO EN EL BARRIO MIRAFLORES DEL N?ÜCLEO URBANO DE LA PARROQUIA SAN LORENZO, PREVIO INFORME DEL ARQ. PATRICIO", "observac_3": null, "barrio_1": "MIRAFLORES", "parroquia1": 7, "barrio_i_1": 217, "proceso_1": 0, "fecha_re_1": null, "activo_c_1": "SI", "desactiv_1": 0, "avaluo_r_2": 0.0, "avaluo_r_3": 0.0, "clasific_1": "POR LEGALIZAR", "anio_deu_1": 0, "deuda_1": 0.0, "valor_ip_1": 0.0, "coactiva_1": null, "fichareg_1": 0, "etam_1": 0.1, "diferenc_1": 0.2616194621, "porc_dif_1": 0.0050118671, "admisibl_1": "VERDADERO", "deuda_an_1": 0.0, "RESOLUCION": "609-21-05-2026" }, "geometry": { "type": "MultiPolygon", "coordinates": [ [ [ [ -80.905689959271555, -1.066728187352557 ], [ -80.905650585896367, -1.06667761172207 ], [ -80.90558924288905, -1.066720513423057 ], [ -80.90561630343845, -1.066758332157845 ], [ -80.905647434640272, -1.06673512214361 ], [ -80.90566121967646, -1.066752282995651 ], [ -80.905689959271555, -1.066728187352557 ] ] ] ] } },
{ "type": "Feature", "properties": { "id": 106017, "lote_id": 110190, "clavecatas": "6-09-06-09-000", "zona": "6", "sector": "09", "manzana": "06", "lote": "09", "ph": "000", "propietari": null, "documentop": null, "direccion": "PARROQUIA SAN LORENZO  - NÚCLEO URBANO - MIRAFLORES - MZ 01 LOTE 09", "area_m2": 68.62, "frente_uti": 5.54, "frente_tot": 5.54, "avaluo_con": 15869.88, "avaluo_sue": 2744.8, "zonaurbano": "NÚCLEOS URBANOS EN ZONA RURAL", "parroquia": "SAN LORENZO", "esta_bloqu": "NO", "es_tercera": "NO", "tiene_elec": "SI", "tiene_agua": "NO", "tiene_alca": "NO", "observacio": "SE CREA LA CLAVE CATASTRAL 6-09-06-09-000 A FAVOR DEL GOBIERNO AUTONOMO DESCENTRALIZADO DEL CANTON MANTA CON FINES DE LEGALIZACIÓN, PREDIO UBICADO EN EL BARRIO MIRAFLORES DEL NÚCLEO URBANO DE LA PARROQUIA SAN LORENZO, PREVIO INFORME DEL ARQ. PATRICIO L", "observac_1": null, "barrio": "MIRAFLORES", "parroquia_": 7, "barrio_id": 217, "proceso": 0, "fecha_regi": null, "activo_cat": "SI", "desactivad": 0, "avaluo_rem": 0.0, "avaluo_r_1": 0.0, "clasificac": "POR LEGALIZAR", "anio_deuda": 0, "deuda": 0.0, "valor_ip": 0.0, "coactiva": null, "ficharegis": 0, "etam": 0.1, "diferencia": -0.0021335436, "porc_difer": -3.10922e-05, "admisible": 1, "deuda_anio": 0.0, "id_1": 106017, "lote_id_1": 110190, "clavecat_1": "6-09-06-09-000", "Clave_Ok": "6-09-06-09-000", "zona_1": 6, "sector_1": 9, "manzana_1": 6, "lote_1": 9, "ph_1": 0, "propieta_1": null, "document_1": 0.0, "direccio_1": "PARROQUIA SAN LORENZO  - N?ÜCLEO URBANO - MIRAFLORES - MZ 01 LOTE 09", "area_m2_1": 68.62, "frente_u_1": 5.54, "frente_t_1": 5.54, "avaluo_c_1": 15869.88, "avaluo_s_1": 2744.8, "zonaurba_1": "N?ÜCLEOS URBANOS EN ZONA RURAL", "parroqui_1": "SAN LORENZO", "esta_blo_1": "NO", "es_terce_1": "NO", "tiene_el_1": "SI", "tiene_ag_1": "NO", "tiene_al_1": "NO", "observac_2": "SE CREA LA CLAVE CATASTRAL 6-09-06-09-000 A FAVOR DEL GOBIERNO AUTONOMO DESCENTRALIZADO DEL CANTON MANTA CON FINES DE LEGALIZACI?ôN, PREDIO UBICADO EN EL BARRIO MIRAFLORES DEL N?ÜCLEO URBANO DE LA PARROQUIA SAN LORENZO, PREVIO INFORME DEL ARQ. PATRICIO", "observac_3": null, "barrio_1": "MIRAFLORES", "parroquia1": 7, "barrio_i_1": 217, "proceso_1": 0, "fecha_re_1": null, "activo_c_1": "SI", "desactiv_1": 0, "avaluo_r_2": 0.0, "avaluo_r_3": 0.0, "clasific_1": "POR LEGALIZAR", "anio_deu_1": 0, "deuda_1": 0.0, "valor_ip_1": 0.0, "coactiva_1": null, "fichareg_1": 0, "etam_1": 0.1, "diferenc_1": -0.0021335436, "porc_dif_1": -3.10922e-05, "admisibl_1": "VERDADERO", "deuda_an_1": 0.0, "RESOLUCION": "609-21-05-2026" }, "geometry": { "type": "MultiPolygon", "coordinates": [ [ [ [ -80.90561630343845, -1.066758332157845 ], [ -80.905589242561447, -1.066720512965199 ], [ -80.905495129488642, -1.066786333877367 ], [ -80.905522941806566, -1.066827938358341 ], [ -80.90561630343845, -1.066758332157845 ] ] ] ] } },
{ "type": "Feature", "properties": { "id": 106023, "lote_id": 110205, "clavecatas": "6-09-07-05-000", "zona": "6", "sector": "09", "manzana": "07", "lote": "05", "ph": "000", "propietari": null, "documentop": null, "direccion": "PARROQUIA SAN LORENZO  - NÚCLEO URBANO - BELLAVISTA - MZ 05 LOTE 13", "area_m2": 49.72, "frente_uti": 4.8, "frente_tot": 4.8, "avaluo_con": 7251.61, "avaluo_sue": 1988.8, "zonaurbano": "NÚCLEOS URBANOS EN ZONA RURAL", "parroquia": "SAN LORENZO", "esta_bloqu": "NO", "es_tercera": "NO", "tiene_elec": "SI", "tiene_agua": "NO", "tiene_alca": "NO", "observacio": "SE CREA LA CLAVE CATASTRAL 6-09-07-05-000 A FAVOR DEL GOBIERNO AUTONOMO DESCENTRALIZADO DEL CANTON MANTA CON FINES DE LEGALIZACIÓN, PREDIO UBICADO EN EL BARRIO BELLAVISTA DEL NÚCLEO URBANO DE LA PARROQUIA SAN LORENZO, PREVIO INFORME DEL ARQ. PATRICIO L", "observac_1": null, "barrio": "BELLAVISTA", "parroquia_": 7, "barrio_id": 218, "proceso": 0, "fecha_regi": null, "activo_cat": "SI", "desactivad": 0, "avaluo_rem": 0.0, "avaluo_r_1": 0.0, "clasificac": "POR LEGALIZAR", "anio_deuda": 0, "deuda": 0.0, "valor_ip": 0.0, "coactiva": null, "ficharegis": 0, "etam": 0.1, "diferencia": -0.003876827, "porc_difer": -7.79732e-05, "admisible": 1, "deuda_anio": 0.0, "id_1": 106023, "lote_id_1": 110205, "clavecat_1": "6-09-07-05-000", "Clave_Ok": "6-09-07-05-000", "zona_1": 6, "sector_1": 9, "manzana_1": 7, "lote_1": 5, "ph_1": 0, "propieta_1": null, "document_1": 0.0, "direccio_1": "PARROQUIA SAN LORENZO  - N?ÜCLEO URBANO - BELLAVISTA - MZ 05 LOTE 13", "area_m2_1": 49.72, "frente_u_1": 4.8, "frente_t_1": 4.8, "avaluo_c_1": 7251.61, "avaluo_s_1": 1988.8, "zonaurba_1": "N?ÜCLEOS URBANOS EN ZONA RURAL", "parroqui_1": "SAN LORENZO", "esta_blo_1": "NO", "es_terce_1": "NO", "tiene_el_1": "SI", "tiene_ag_1": "NO", "tiene_al_1": "NO", "observac_2": "SE CREA LA CLAVE CATASTRAL 6-09-07-05-000 A FAVOR DEL GOBIERNO AUTONOMO DESCENTRALIZADO DEL CANTON MANTA CON FINES DE LEGALIZACI?ôN, PREDIO UBICADO EN EL BARRIO BELLAVISTA DEL N?ÜCLEO URBANO DE LA PARROQUIA SAN LORENZO, PREVIO INFORME DEL ARQ. PATRICIO", "observac_3": null, "barrio_1": "BELLAVISTA", "parroquia1": 7, "barrio_i_1": 218, "proceso_1": 0, "fecha_re_1": null, "activo_c_1": "SI", "desactiv_1": 0, "avaluo_r_2": 0.0, "avaluo_r_3": 0.0, "clasific_1": "POR LEGALIZAR", "anio_deu_1": 0, "deuda_1": 0.0, "valor_ip_1": 0.0, "coactiva_1": null, "fichareg_1": 0, "etam_1": 0.1, "diferenc_1": -0.003876827, "porc_dif_1": -7.79732e-05, "admisibl_1": "VERDADERO", "deuda_an_1": 0.0, "RESOLUCION": "609-21-05-2026" }, "geometry": { "type": "MultiPolygon", "coordinates": [ [ [ [ -80.905971930478842, -1.06680253450089 ], [ -80.905952330491388, -1.066775949908955 ], [ -80.905939080268027, -1.066774917849564 ], [ -80.905873273054013, -1.066831076565162 ], [ -80.905900643536455, -1.066864643220621 ], [ -80.905971930478842, -1.06680253450089 ] ] ] ] } },
{ "type": "Feature", "properties": { "id": 106024, "lote_id": 110206, "clavecatas": "6-09-07-06-000", "zona": "6", "sector": "09", "manzana": "07", "lote": "06", "ph": "000", "propietari": null, "documentop": null, "direccion": "PARROQUIA SAN LORENZO  - NÚCLEO URBANO - BELLAVISTA - MZ 05 LOTE 14", "area_m2": 75.13, "frente_uti": 6.85, "frente_tot": 6.85, "avaluo_con": 24496.06, "avaluo_sue": 3005.2, "zonaurbano": "NÚCLEOS URBANOS EN ZONA RURAL", "parroquia": "SAN LORENZO", "esta_bloqu": "NO", "es_tercera": "NO", "tiene_elec": "SI", "tiene_agua": "NO", "tiene_alca": "NO", "observacio": "SE CREA LA CLAVE CATASTRAL 6-09-07-06-000 A FAVOR DEL GOBIERNO AUTONOMO DESCENTRALIZADO DEL CANTON MANTA CON FINES DE LEGALIZACIÓN, PREDIO UBICADO EN EL BARRIO BELLAVISTA DEL NÚCLEO URBANO DE LA PARROQUIA SAN LORENZO, PREVIO INFORME DEL ARQ. PATRICIO L", "observac_1": null, "barrio": "BELLAVISTA", "parroquia_": 7, "barrio_id": 218, "proceso": 0, "fecha_regi": null, "activo_cat": "SI", "desactivad": 0, "avaluo_rem": 0.0, "avaluo_r_1": 0.0, "clasificac": "POR LEGALIZAR", "anio_deuda": 0, "deuda": 0.0, "valor_ip": 0.0, "coactiva": null, "ficharegis": 0, "etam": 0.1, "diferencia": -0.0004481126, "porc_difer": -5.9645e-06, "admisible": 1, "deuda_anio": 0.0, "id_1": 106024, "lote_id_1": 110206, "clavecat_1": "6-09-07-06-000", "Clave_Ok": "6-09-07-06-000", "zona_1": 6, "sector_1": 9, "manzana_1": 7, "lote_1": 6, "ph_1": 0, "propieta_1": null, "document_1": 0.0, "direccio_1": "PARROQUIA SAN LORENZO  - N?ÜCLEO URBANO - BELLAVISTA - MZ 05 LOTE 14", "area_m2_1": 75.13, "frente_u_1": 6.85, "frente_t_1": 6.85, "avaluo_c_1": 24496.06, "avaluo_s_1": 3005.2, "zonaurba_1": "N?ÜCLEOS URBANOS EN ZONA RURAL", "parroqui_1": "SAN LORENZO", "esta_blo_1": "NO", "es_terce_1": "NO", "tiene_el_1": "SI", "tiene_ag_1": "NO", "tiene_al_1": "NO", "observac_2": "SE CREA LA CLAVE CATASTRAL 6-09-07-06-000 A FAVOR DEL GOBIERNO AUTONOMO DESCENTRALIZADO DEL CANTON MANTA CON FINES DE LEGALIZACI?ôN, PREDIO UBICADO EN EL BARRIO BELLAVISTA DEL N?ÜCLEO URBANO DE LA PARROQUIA SAN LORENZO, PREVIO INFORME DEL ARQ. PATRICIO", "observac_3": null, "barrio_1": "BELLAVISTA", "parroquia1": 7, "barrio_i_1": 218, "proceso_1": 0, "fecha_re_1": null, "activo_c_1": "SI", "desactiv_1": 0, "avaluo_r_2": 0.0, "avaluo_r_3": 0.0, "clasific_1": "POR LEGALIZAR", "anio_deu_1": 0, "deuda_1": 0.0, "valor_ip_1": 0.0, "coactiva_1": null, "fichareg_1": 0, "etam_1": 0.1, "diferenc_1": -0.0004481126, "porc_dif_1": -5.9645e-06, "admisibl_1": "VERDADERO", "deuda_an_1": 0.0, "RESOLUCION": "609-21-05-2026" }, "geometry": { "type": "MultiPolygon", "coordinates": [ [ [ [ -80.906015865167532, -1.066850468730848 ], [ -80.905971930478842, -1.06680253450089 ], [ -80.905900643536455, -1.066864643220621 ], [ -80.905939705224156, -1.066912547749331 ], [ -80.906015865167532, -1.066850468730848 ] ] ] ] } },
{ "type": "Feature", "properties": { "id": 106027, "lote_id": 110204, "clavecatas": "6-09-07-15-000", "zona": "6", "sector": "09", "manzana": "07", "lote": "15", "ph": "000", "propietari": null, "documentop": null, "direccion": "PARROQUIA SAN LORENZO  - NÚCLEO URBANO - BELLAVISTA - MZ 05 LOTE 08", "area_m2": 189.48, "frente_uti": 13.3, "frente_tot": 21.3, "avaluo_con": 23529.75, "avaluo_sue": 7579.2, "zonaurbano": "NÚCLEOS URBANOS EN ZONA RURAL", "parroquia": "SAN LORENZO", "esta_bloqu": "NO", "es_tercera": "NO", "tiene_elec": "SI", "tiene_agua": "NO", "tiene_alca": "NO", "observacio": "SE CREA LA CLAVE CATASTRAL 6-09-07-15-000 A FAVOR DEL GOBIERNO AUTONOMO DESCENTRALIZADO DEL CANTON MANTA CON FINES DE LEGALIZACIÓN, PREDIO UBICADO EN EL BARRIO BELLAVISTA DEL NÚCLEO URBANO DE LA PARROQUIA SAN LORENZO, PREVIO INFORME DEL ARQ. PATRICIO L", "observac_1": null, "barrio": "BELLAVISTA", "parroquia_": 7, "barrio_id": 218, "proceso": 0, "fecha_regi": null, "activo_cat": "SI", "desactivad": 0, "avaluo_rem": 0.0, "avaluo_r_1": 0.0, "clasificac": "POR LEGALIZAR", "anio_deuda": 0, "deuda": 0.0, "valor_ip": 0.0, "coactiva": null, "ficharegis": 0, "etam": 0.072647105, "diferencia": 0.0652049792, "porc_difer": 0.0003441259, "admisible": 1, "deuda_anio": 0.0, "id_1": 106027, "lote_id_1": 110204, "clavecat_1": "6-09-07-15-000", "Clave_Ok": "6-09-07-15-000", "zona_1": 6, "sector_1": 9, "manzana_1": 7, "lote_1": 15, "ph_1": 0, "propieta_1": null, "document_1": 0.0, "direccio_1": "PARROQUIA SAN LORENZO  - N?ÜCLEO URBANO - BELLAVISTA - MZ 05 LOTE 08", "area_m2_1": 189.48, "frente_u_1": 13.3, "frente_t_1": 21.3, "avaluo_c_1": 23529.75, "avaluo_s_1": 7579.2, "zonaurba_1": "N?ÜCLEOS URBANOS EN ZONA RURAL", "parroqui_1": "SAN LORENZO", "esta_blo_1": "NO", "es_terce_1": "NO", "tiene_el_1": "SI", "tiene_ag_1": "NO", "tiene_al_1": "NO", "observac_2": "SE CREA LA CLAVE CATASTRAL 6-09-07-15-000 A FAVOR DEL GOBIERNO AUTONOMO DESCENTRALIZADO DEL CANTON MANTA CON FINES DE LEGALIZACI?ôN, PREDIO UBICADO EN EL BARRIO BELLAVISTA DEL N?ÜCLEO URBANO DE LA PARROQUIA SAN LORENZO, PREVIO INFORME DEL ARQ. PATRICIO", "observac_3": null, "barrio_1": "BELLAVISTA", "parroquia1": 7, "barrio_i_1": 218, "proceso_1": 0, "fecha_re_1": null, "activo_c_1": "SI", "desactiv_1": 0, "avaluo_r_2": 0.0, "avaluo_r_3": 0.0, "clasific_1": "POR LEGALIZAR", "anio_deu_1": 0, "deuda_1": 0.0, "valor_ip_1": 0.0, "coactiva_1": null, "fichareg_1": 0, "etam_1": 0.072647105, "diferenc_1": 0.0652049792, "porc_dif_1": 0.0003441259, "admisibl_1": "VERDADERO", "deuda_an_1": 0.0, "RESOLUCION": "609-21-05-2026" }, "geometry": { "type": "MultiPolygon", "coordinates": [ [ [ [ -80.905792537975827, -1.066501639747651 ], [ -80.905733816497417, -1.066431953208043 ], [ -80.905628841641686, -1.066531914631982 ], [ -80.905704500388424, -1.066625077694688 ], [ -80.905759840080378, -1.066578876105517 ], [ -80.905736887453358, -1.066551021323162 ], [ -80.905792537975827, -1.066501639747651 ] ] ] ] } },
{ "type": "Feature", "properties": { "id": 106033, "lote_id": 110192, "clavecatas": "6-09-08-06-000", "zona": "6", "sector": "09", "manzana": "08", "lote": "06", "ph": "000", "propietari": null, "documentop": null, "direccion": "PARROQUIA SAN LORENZO  - NÚCLEO URBANO - CENTRAL - MZ 01 LOTE 08", "area_m2": 60.25, "frente_uti": 7.0, "frente_tot": 7.0, "avaluo_con": 11496.36, "avaluo_sue": 2410.0, "zonaurbano": "NÚCLEOS URBANOS EN ZONA RURAL", "parroquia": "SAN LORENZO", "esta_bloqu": "NO", "es_tercera": "NO", "tiene_elec": "SI", "tiene_agua": "NO", "tiene_alca": "NO", "observacio": "SE CREA LA CLAVE CATASTRAL 6-09-08-06-000 A FAVOR DEL GOBIERNO AUTONOMO DESCENTRALIZADO DEL CANTON MANTA CON FINES DE LEGALIZACIÓN, PREDIO UBICADO EN EL BARRIO CENTRAL DEL NÚCLEO URBANO DE LA PARROQUIA SAN LORENZO, PREVIO INFORME DEL ARQ. PATRICIO LEÓ", "observac_1": null, "barrio": "BARRIO CENTRAL", "parroquia_": 7, "barrio_id": 1180, "proceso": 0, "fecha_regi": null, "activo_cat": "SI", "desactivad": 0, "avaluo_rem": 0.0, "avaluo_r_1": 0.0, "clasificac": "POR LEGALIZAR", "anio_deuda": 0, "deuda": 0.0, "valor_ip": 0.0, "coactiva": null, "ficharegis": 0, "etam": 0.1, "diferencia": -0.2923439225, "porc_difer": -0.0048521813, "admisible": 1, "deuda_anio": 0.0, "id_1": 106033, "lote_id_1": 110192, "clavecat_1": "6-09-08-06-000", "Clave_Ok": "6-09-08-06-000", "zona_1": 6, "sector_1": 9, "manzana_1": 8, "lote_1": 6, "ph_1": 0, "propieta_1": null, "document_1": 0.0, "direccio_1": "PARROQUIA SAN LORENZO  - N?ÜCLEO URBANO - CENTRAL - MZ 01 LOTE 08", "area_m2_1": 60.25, "frente_u_1": 7.0, "frente_t_1": 7.0, "avaluo_c_1": 11496.36, "avaluo_s_1": 2410.0, "zonaurba_1": "N?ÜCLEOS URBANOS EN ZONA RURAL", "parroqui_1": "SAN LORENZO", "esta_blo_1": "NO", "es_terce_1": "NO", "tiene_el_1": "SI", "tiene_ag_1": "NO", "tiene_al_1": "NO", "observac_2": "SE CREA LA CLAVE CATASTRAL 6-09-08-06-000 A FAVOR DEL GOBIERNO AUTONOMO DESCENTRALIZADO DEL CANTON MANTA CON FINES DE LEGALIZACI?ôN, PREDIO UBICADO EN EL BARRIO CENTRAL DEL N?ÜCLEO URBANO DE LA PARROQUIA SAN LORENZO, PREVIO INFORME DEL ARQ. PATRICIO LE", "observac_3": null, "barrio_1": "BARRIO CENTRAL", "parroquia1": 7, "barrio_i_1": 1180, "proceso_1": 0, "fecha_re_1": null, "activo_c_1": "SI", "desactiv_1": 0, "avaluo_r_2": 0.0, "avaluo_r_3": 0.0, "clasific_1": "POR LEGALIZAR", "anio_deu_1": 0, "deuda_1": 0.0, "valor_ip_1": 0.0, "coactiva_1": null, "fichareg_1": 0, "etam_1": 0.1, "diferenc_1": -0.2923439225, "porc_dif_1": -0.0048521813, "admisibl_1": "VERDADERO", "deuda_an_1": 0.0, "RESOLUCION": "609-21-05-2026" }, "geometry": { "type": "MultiPolygon", "coordinates": [ [ [ [ -80.905342078055583, -1.066304143015093 ], [ -80.905290798619419, -1.066246771801502 ], [ -80.905245822522957, -1.066292390107357 ], [ -80.905298720910807, -1.066350034902594 ], [ -80.905342078055583, -1.066304143015093 ] ] ] ] } },
{ "type": "Feature", "properties": { "id": 106037, "lote_id": 110193, "clavecatas": "6-09-10-03-000", "zona": "6", "sector": "09", "manzana": "10", "lote": "03", "ph": "000", "propietari": null, "documentop": null, "direccion": "PARROQUIA SAN LORENZO  - NÚCLEO URBANO - CENTRAL - MZ 02 LOTE 03", "area_m2": 249.18, "frente_uti": 7.7, "frente_tot": 39.15, "avaluo_con": 49540.89, "avaluo_sue": 9967.2, "zonaurbano": "NÚCLEOS URBANOS EN ZONA RURAL", "parroquia": "SAN LORENZO", "esta_bloqu": "NO", "es_tercera": "NO", "tiene_elec": "SI", "tiene_agua": "NO", "tiene_alca": "NO", "observacio": "SE CREA LA CLAVE CATASTRAL 6-09-10-03-000 A FAVOR DEL GOBIERNO AUTONOMO DESCENTRALIZADO DEL CANTON MANTA CON FINES DE LEGALIZACIÓN, PREDIO UBICADO EN EL BARRIO CENTRAL DEL NÚCLEO URBANO DE LA PARROQUIA SAN LORENZO, PREVIO INFORME DEL ARQ. PATRICIO LEÓ", "observac_1": null, "barrio": "BARRIO CENTRAL", "parroquia_": 7, "barrio_id": 1180, "proceso": 0, "fecha_regi": null, "activo_cat": "SI", "desactivad": 0, "avaluo_rem": 0.0, "avaluo_r_1": 0.0, "clasificac": "POR LEGALIZAR", "anio_deuda": 0, "deuda": 0.0, "valor_ip": 0.0, "coactiva": null, "ficharegis": 0, "etam": 0.1266990635, "diferencia": -0.0029744747, "porc_difer": -1.19371e-05, "admisible": 1, "deuda_anio": 0.0, "id_1": 106037, "lote_id_1": 110193, "clavecat_1": "6-09-10-03-000", "Clave_Ok": "6-09-10-03-000", "zona_1": 6, "sector_1": 9, "manzana_1": 10, "lote_1": 3, "ph_1": 0, "propieta_1": null, "document_1": 0.0, "direccio_1": "PARROQUIA SAN LORENZO  - N?ÜCLEO URBANO - CENTRAL - MZ 02 LOTE 03", "area_m2_1": 249.18, "frente_u_1": 7.7, "frente_t_1": 39.15, "avaluo_c_1": 49540.89, "avaluo_s_1": 9967.2, "zonaurba_1": "N?ÜCLEOS URBANOS EN ZONA RURAL", "parroqui_1": "SAN LORENZO", "esta_blo_1": "NO", "es_terce_1": "NO", "tiene_el_1": "SI", "tiene_ag_1": "NO", "tiene_al_1": "NO", "observac_2": "SE CREA LA CLAVE CATASTRAL 6-09-10-03-000 A FAVOR DEL GOBIERNO AUTONOMO DESCENTRALIZADO DEL CANTON MANTA CON FINES DE LEGALIZACI?ôN, PREDIO UBICADO EN EL BARRIO CENTRAL DEL N?ÜCLEO URBANO DE LA PARROQUIA SAN LORENZO, PREVIO INFORME DEL ARQ. PATRICIO LE", "observac_3": null, "barrio_1": "BARRIO CENTRAL", "parroquia1": 7, "barrio_i_1": 1180, "proceso_1": 0, "fecha_re_1": null, "activo_c_1": "SI", "desactiv_1": 0, "avaluo_r_2": 0.0, "avaluo_r_3": 0.0, "clasific_1": "POR LEGALIZAR", "anio_deu_1": 0, "deuda_1": 0.0, "valor_ip_1": 0.0, "coactiva_1": null, "fichareg_1": 0, "etam_1": 0.1266990635, "diferenc_1": -0.0029744747, "porc_dif_1": -1.19371e-05, "admisibl_1": "VERDADERO", "deuda_an_1": 0.0, "RESOLUCION": "609-21-05-2026" }, "geometry": { "type": "MultiPolygon", "coordinates": [ [ [ [ -80.904923927336242, -1.065941484192032 ], [ -80.904863744048598, -1.065891227512907 ], [ -80.904790889751268, -1.065992274314302 ], [ -80.904706388397059, -1.066127420781984 ], [ -80.904768218228895, -1.066158722507423 ], [ -80.904846915836387, -1.066041159961485 ], [ -80.904923927336242, -1.065941484192032 ] ] ] ] } },
{ "type": "Feature", "properties": { "id": 106043, "lote_id": 90680, "clavecatas": "6-09-11-06-000", "zona": "6", "sector": "09", "manzana": "11", "lote": "06", "ph": "000", "propietari": "LOPEZ REYES EDEN AME", "documentop": "1305479584", "direccion": "PARROQUIA SAN LORENZO  - NÚCLEO URBANO - CENTRAL - MZ 03 LOTE 07", "area_m2": 98.88, "frente_uti": 7.91, "frente_tot": 7.91, "avaluo_con": 8716.96, "avaluo_sue": 2562.97, "zonaurbano": "NÚCLEOS URBANOS EN ZONA RURAL", "parroquia": "SAN LORENZO", "esta_bloqu": "NO", "es_tercera": "NO", "tiene_elec": "SI", "tiene_agua": "NO", "tiene_alca": "NO", "observacio": "INGRESO NUEVO PARA PAGO DE PREDIOS URBANOS A FAVOR LOPEZ RERYES EDEN AME 23/02/2017 \r\nACTUALIZADO CON FINES DE LEGALIZACIÓN, PREDIO UBICADO EN EL BARRIO CENTRAL DEL NÚCLEO URBANO DE LA PARROQUIA SAN LORENZO, PREVIO INFORME DEL ARQ. PATRICIO LEON MURILL", "observac_1": null, "barrio": "BARRIO CENTRAL", "parroquia_": 7, "barrio_id": 1180, "proceso": 1, "fecha_regi": null, "activo_cat": "SI", "desactivad": 0, "avaluo_rem": 0.0, "avaluo_r_1": 0.0, "clasificac": "POR LEGALIZAR", "anio_deuda": 0, "deuda": 0.0, "valor_ip": 0.0, "coactiva": null, "ficharegis": 92754, "etam": 0.1, "diferencia": -0.0174552146, "porc_difer": -0.0001765293, "admisible": 1, "deuda_anio": 0.0, "id_1": 106043, "lote_id_1": 90680, "clavecat_1": "6-09-11-06-000", "Clave_Ok": "6-09-11-06-000", "zona_1": 6, "sector_1": 9, "manzana_1": 11, "lote_1": 6, "ph_1": 0, "propieta_1": "LOPEZ REYES EDEN AME", "document_1": 1305479584.0, "direccio_1": "PARROQUIA SAN LORENZO  - N?ÜCLEO URBANO - CENTRAL - MZ 03 LOTE 07", "area_m2_1": 98.88, "frente_u_1": 7.91, "frente_t_1": 7.91, "avaluo_c_1": 8716.96, "avaluo_s_1": 2562.97, "zonaurba_1": "N?ÜCLEOS URBANOS EN ZONA RURAL", "parroqui_1": "SAN LORENZO", "esta_blo_1": "NO", "es_terce_1": "NO", "tiene_el_1": "SI", "tiene_ag_1": "NO", "tiene_al_1": "NO", "observac_2": "INGRESO NUEVO PARA PAGO DE PREDIOS URBANOS A FAVOR LOPEZ RERYES EDEN AME 23/02/2017 \nACTUALIZADO CON FINES DE LEGALIZACI?ôN, PREDIO UBICADO EN EL BARRIO CENTRAL DEL N?ÜCLEO URBANO DE LA PARROQUIA SAN LORENZO, PREVIO INFORME DEL ARQ. PATRICIO LEON MURIL", "observac_3": null, "barrio_1": "BARRIO CENTRAL", "parroquia1": 7, "barrio_i_1": 1180, "proceso_1": 1, "fecha_re_1": null, "activo_c_1": "SI", "desactiv_1": 0, "avaluo_r_2": 0.0, "avaluo_r_3": 0.0, "clasific_1": "POR LEGALIZAR", "anio_deu_1": 0, "deuda_1": 0.0, "valor_ip_1": 0.0, "coactiva_1": null, "fichareg_1": 92754, "etam_1": 0.1, "diferenc_1": -0.0174552146, "porc_dif_1": -0.0001765293, "admisibl_1": "VERDADERO", "deuda_an_1": 0.0, "RESOLUCION": "610-21-05-2026" }, "geometry": { "type": "MultiPolygon", "coordinates": [ [ [ [ -80.904838506699832, -1.06589843078621 ], [ -80.904732378207811, -1.065833580056755 ], [ -80.904706984915677, -1.065895118455445 ], [ -80.904798508228595, -1.065957541320144 ], [ -80.904838506699832, -1.06589843078621 ] ] ] ] } },
{ "type": "Feature", "properties": { "id": 106045, "lote_id": 110194, "clavecatas": "6-09-11-08-000", "zona": "6", "sector": "09", "manzana": "11", "lote": "08", "ph": "000", "propietari": "GOBIERNO AUTONOMO DESCENTRALIZADO  MUNICIPAL MANTA .", "documentop": "1360000980001", "direccion": "PARROQUIA SAN LORENZO  - NÚCLEO URBANO - CENTRAL - MZ 03 LOTE 08", "area_m2": 69.7, "frente_uti": 4.95, "frente_tot": 4.95, "avaluo_con": 7967.69, "avaluo_sue": 2145.37, "zonaurbano": "NÚCLEOS URBANOS EN ZONA RURAL", "parroquia": "SAN LORENZO", "esta_bloqu": "NO", "es_tercera": "NO", "tiene_elec": "SI", "tiene_agua": "NO", "tiene_alca": "NO", "observacio": "SE CREA LA CLAVE CATASTRAL 6-09-11-08-000 A FAVOR DE ESPINOZA REYES DIANA ELIZABETH CON FINES DE LEGALIZACIÓN, PREDIO UBICADO EN EL BARRIO CENTRAL DEL NÚCLEO URBANO DE LA PARROQUIA SAN LORENZO, PREVIO INFORME DEL ARQ. PATRICIO LEÓN MURILLO.", "observac_1": null, "barrio": "BARRIO CENTRAL", "parroquia_": 7, "barrio_id": 1180, "proceso": 0, "fecha_regi": null, "activo_cat": "SI", "desactivad": 0, "avaluo_rem": 0.0, "avaluo_r_1": 0.0, "clasificac": "POR LEGALIZAR", "anio_deuda": 0, "deuda": 0.0, "valor_ip": 0.0, "coactiva": null, "ficharegis": 0, "etam": 0.1, "diferencia": 0.0009985431, "porc_difer": 1.43263e-05, "admisible": 1, "deuda_anio": 0.0, "id_1": 106045, "lote_id_1": 110194, "clavecat_1": "6-09-11-08-000", "Clave_Ok": "6-09-11-08-000", "zona_1": 6, "sector_1": 9, "manzana_1": 11, "lote_1": 8, "ph_1": 0, "propieta_1": "GOBIERNO AUTONOMO DESCENTRALIZADO  MUNICIPAL MANTA .", "document_1": 1360000980000.0, "direccio_1": "PARROQUIA SAN LORENZO  - N?ÜCLEO URBANO - CENTRAL - MZ 03 LOTE 08", "area_m2_1": 69.7, "frente_u_1": 4.95, "frente_t_1": 4.95, "avaluo_c_1": 7967.69, "avaluo_s_1": 2145.37, "zonaurba_1": "N?ÜCLEOS URBANOS EN ZONA RURAL", "parroqui_1": "SAN LORENZO", "esta_blo_1": "NO", "es_terce_1": "NO", "tiene_el_1": "SI", "tiene_ag_1": "NO", "tiene_al_1": "NO", "observac_2": "SE CREA LA CLAVE CATASTRAL 6-09-11-08-000 A FAVOR DE ESPINOZA REYES DIANA ELIZABETH CON FINES DE LEGALIZACI?ôN, PREDIO UBICADO EN EL BARRIO CENTRAL DEL N?ÜCLEO URBANO DE LA PARROQUIA SAN LORENZO, PREVIO INFORME DEL ARQ. PATRICIO LE?ôN MURILLO.", "observac_3": null, "barrio_1": "BARRIO CENTRAL", "parroquia1": 7, "barrio_i_1": 1180, "proceso_1": 0, "fecha_re_1": null, "activo_c_1": "SI", "desactiv_1": 0, "avaluo_r_2": 0.0, "avaluo_r_3": 0.0, "clasific_1": "POR LEGALIZAR", "anio_deu_1": 0, "deuda_1": 0.0, "valor_ip_1": 0.0, "coactiva_1": null, "fichareg_1": 0, "etam_1": 0.1, "diferenc_1": 0.0009985431, "porc_dif_1": 1.43263e-05, "admisibl_1": "VERDADERO", "deuda_an_1": 0.0, "RESOLUCION": "610-21-05-2026" }, "geometry": { "type": "MultiPolygon", "coordinates": [ [ [ [ -80.904838506699832, -1.06589843078621 ], [ -80.904863552780299, -1.06586141675953 ], [ -80.904753096865022, -1.06579388850547 ], [ -80.904732378207811, -1.065833580056755 ], [ -80.904838506699832, -1.06589843078621 ] ] ] ] } },
{ "type": "Feature", "properties": { "id": 106082, "lote_id": 110186, "clavecatas": "6-09-30-03-000", "zona": "6", "sector": "09", "manzana": "30", "lote": "03", "ph": "000", "propietari": "NAVAS REYES ZOILA NARCISA", "documentop": "1302445000", "direccion": "PARROQUIA SAN LORENZO  - NÚCLEO URBANO - CENTRAL - MZ 05 LOTE 02", "area_m2": 86.68, "frente_uti": 7.45, "frente_tot": 26.45, "avaluo_con": 56407.26, "avaluo_sue": 3120.48, "zonaurbano": "NÚCLEOS URBANOS EN ZONA RURAL", "parroquia": "SAN LORENZO", "esta_bloqu": "NO", "es_tercera": "NO", "tiene_elec": "SI", "tiene_agua": "NO", "tiene_alca": "NO", "observacio": "SE CREA LA CLAVE CATASTRAL 6-09-30-03-000 A FAVOR DE NAVAS REYES ZOILA NARCISA CON FINES DE LEGALIZACIÓN, PREDIO UBICADO EN EL BARRIO CENTRAL DEL NÚCLEO URBANO DE LA PARROQUIA SAN LORENZO, PREVIO INFORME DEL ARQ. PATRICIO LEÓN MURILLO.-SE ACTUALIZA IN", "observac_1": null, "barrio": "BARRIO CENTRAL", "parroquia_": 7, "barrio_id": 1180, "proceso": 0, "fecha_regi": null, "activo_cat": "SI", "desactivad": 0, "avaluo_rem": 0.0, "avaluo_r_1": 0.0, "clasificac": "GENERAL", "anio_deuda": 0, "deuda": 0.0, "valor_ip": 0.0, "coactiva": null, "ficharegis": 92760, "etam": 0.1, "diferencia": 0.0232453957, "porc_difer": 0.0002681748, "admisible": 1, "deuda_anio": 0.0, "id_1": 106082, "lote_id_1": 110186, "clavecat_1": "6-09-30-03-000", "Clave_Ok": "6-09-30-03-000", "zona_1": 6, "sector_1": 9, "manzana_1": 30, "lote_1": 3, "ph_1": 0, "propieta_1": "NAVAS REYES ZOILA NARCISA", "document_1": 1302445000.0, "direccio_1": "PARROQUIA SAN LORENZO  - N?ÜCLEO URBANO - CENTRAL - MZ 05 LOTE 02", "area_m2_1": 86.68, "frente_u_1": 7.45, "frente_t_1": 26.45, "avaluo_c_1": 56407.26, "avaluo_s_1": 3120.48, "zonaurba_1": "N?ÜCLEOS URBANOS EN ZONA RURAL", "parroqui_1": "SAN LORENZO", "esta_blo_1": "NO", "es_terce_1": "NO", "tiene_el_1": "SI", "tiene_ag_1": "NO", "tiene_al_1": "NO", "observac_2": "SE CREA LA CLAVE CATASTRAL 6-09-30-03-000 A FAVOR DE NAVAS REYES ZOILA NARCISA CON FINES DE LEGALIZACI?ôN, PREDIO UBICADO EN EL BARRIO CENTRAL DEL N?ÜCLEO URBANO DE LA PARROQUIA SAN LORENZO, PREVIO INFORME DEL ARQ. PATRICIO LE?ôN MURILLO.-SE ACTUALIZA", "observac_3": null, "barrio_1": "BARRIO CENTRAL", "parroquia1": 7, "barrio_i_1": 1180, "proceso_1": 0, "fecha_re_1": null, "activo_c_1": "SI", "desactiv_1": 0, "avaluo_r_2": 0.0, "avaluo_r_3": 0.0, "clasific_1": "GENERAL", "anio_deu_1": 0, "deuda_1": 0.0, "valor_ip_1": 0.0, "coactiva_1": null, "fichareg_1": 92760, "etam_1": 0.1, "diferenc_1": 0.0232453957, "porc_dif_1": 0.0002681748, "admisibl_1": "VERDADERO", "deuda_an_1": 0.0, "RESOLUCION": "610-21-05-2026" }, "geometry": { "type": "MultiPolygon", "coordinates": [ [ [ [ -80.904630851280388, -1.066265933953707 ], [ -80.90457492537611, -1.066228882455002 ], [ -80.904517430559764, -1.066317962631693 ], [ -80.904573694664862, -1.066353707823083 ], [ -80.904630851280388, -1.066265933953707 ] ] ] ] } },
{ "type": "Feature", "properties": { "id": 106083, "lote_id": 110187, "clavecatas": "6-09-30-04-000", "zona": "6", "sector": "09", "manzana": "30", "lote": "04", "ph": "000", "propietari": null, "documentop": null, "direccion": "PARROQUIA SAN LORENZO  - NÚCLEO URBANO - CENTRAL - MZ 05 LOTE 11", "area_m2": 22.39, "frente_uti": 2.76, "frente_tot": 6.46, "avaluo_con": 9705.93, "avaluo_sue": 895.6, "zonaurbano": "NÚCLEOS URBANOS EN ZONA RURAL", "parroquia": "SAN LORENZO", "esta_bloqu": "NO", "es_tercera": "NO", "tiene_elec": "SI", "tiene_agua": "NO", "tiene_alca": "NO", "observacio": "SE CREA LA CLAVE CATASTRAL 6-09-30-04-000 A FAVOR DEL GOBIERNO AUTONOMO DESCENTRALIZADO DEL CANTON MANTA CON FINES DE LEGALIZACIÓN, PREDIO UBICADO EN EL BARRIO CENTRAL DEL NÚCLEO URBANO DE LA PARROQUIA SAN LORENZO, PREVIO INFORME DEL ARQ. PATRICIO LEÓ", "observac_1": null, "barrio": "BARRIO CENTRAL", "parroquia_": 7, "barrio_id": 1180, "proceso": 0, "fecha_regi": null, "activo_cat": "SI", "desactivad": 0, "avaluo_rem": 0.0, "avaluo_r_1": 0.0, "clasificac": "POR LEGALIZAR", "anio_deuda": 0, "deuda": 0.0, "valor_ip": 0.0, "coactiva": null, "ficharegis": 0, "etam": 0.1, "diferencia": 0.0002846425, "porc_difer": 1.27129e-05, "admisible": 1, "deuda_anio": 0.0, "id_1": 106083, "lote_id_1": 110187, "clavecat_1": "6-09-30-04-000", "Clave_Ok": "6-09-30-04-000", "zona_1": 6, "sector_1": 9, "manzana_1": 30, "lote_1": 4, "ph_1": 0, "propieta_1": null, "document_1": 0.0, "direccio_1": "PARROQUIA SAN LORENZO  - N?ÜCLEO URBANO - CENTRAL - MZ 05 LOTE 11", "area_m2_1": 22.39, "frente_u_1": 2.76, "frente_t_1": 6.46, "avaluo_c_1": 9705.93, "avaluo_s_1": 895.6, "zonaurba_1": "N?ÜCLEOS URBANOS EN ZONA RURAL", "parroqui_1": "SAN LORENZO", "esta_blo_1": "NO", "es_terce_1": "NO", "tiene_el_1": "SI", "tiene_ag_1": "NO", "tiene_al_1": "NO", "observac_2": "SE CREA LA CLAVE CATASTRAL 6-09-30-04-000 A FAVOR DEL GOBIERNO AUTONOMO DESCENTRALIZADO DEL CANTON MANTA CON FINES DE LEGALIZACI?ôN, PREDIO UBICADO EN EL BARRIO CENTRAL DEL N?ÜCLEO URBANO DE LA PARROQUIA SAN LORENZO, PREVIO INFORME DEL ARQ. PATRICIO LE", "observac_3": null, "barrio_1": "BARRIO CENTRAL", "parroquia1": 7, "barrio_i_1": 1180, "proceso_1": 0, "fecha_re_1": null, "activo_c_1": "SI", "desactiv_1": 0, "avaluo_r_2": 0.0, "avaluo_r_3": 0.0, "clasific_1": "POR LEGALIZAR", "anio_deu_1": 0, "deuda_1": 0.0, "valor_ip_1": 0.0, "coactiva_1": null, "fichareg_1": 0, "etam_1": 0.1, "diferenc_1": 0.0002846425, "porc_dif_1": 1.27129e-05, "admisibl_1": "VERDADERO", "deuda_an_1": 0.0, "RESOLUCION": "609-21-05-2026" }, "geometry": { "type": "MultiPolygon", "coordinates": [ [ [ [ -80.904527801698165, -1.06630188174347 ], [ -80.904486877909619, -1.066277123401989 ], [ -80.904476731547106, -1.066325662421788 ], [ -80.904506598508007, -1.06634038609184 ], [ -80.904517430559764, -1.066317962631693 ], [ -80.904527801698165, -1.06630188174347 ] ] ] ] } },
{ "type": "Feature", "properties": { "id": 106084, "lote_id": 110188, "clavecatas": "6-09-30-05-000", "zona": "6", "sector": "09", "manzana": "30", "lote": "05", "ph": "000", "propietari": "GOBIERNO AUTONOMO DESCENTRALIZADO  MUNICIPAL MANTA .", "documentop": "1360000980001", "direccion": "PARROQUIA SAN LORENZO  - NÚCLEO URBANO - CENTRAL - MZ 05 LOTE 10", "area_m2": 35.63, "frente_uti": 3.55, "frente_tot": 13.55, "avaluo_con": 26347.89, "avaluo_sue": 1154.41, "zonaurbano": "NÚCLEOS URBANOS EN ZONA RURAL", "parroquia": "SAN LORENZO", "esta_bloqu": "NO", "es_tercera": "NO", "tiene_elec": "SI", "tiene_agua": "NO", "tiene_alca": "NO", "observacio": "SE CREA LA CLAVE CATASTRAL 6-09-30-05-000 A FAVOR DE PILOSO NAVAS MARIANA ELIZABETH CON FINES DE LEGALIZACIÓN, PREDIO UBICADO EN EL BARRIO CENTRAL DEL NÚCLEO URBANO DE LA PARROQUIA SAN LORENZO, PREVIO INFORME DEL ARQ. PATRICIO LEÓN MURILLO.", "observac_1": null, "barrio": "BARRIO CENTRAL", "parroquia_": 7, "barrio_id": 1180, "proceso": 0, "fecha_regi": null, "activo_cat": "SI", "desactivad": 0, "avaluo_rem": 0.0, "avaluo_r_1": 0.0, "clasificac": "POR LEGALIZAR", "anio_deuda": 0, "deuda": 0.0, "valor_ip": 0.0, "coactiva": null, "ficharegis": 0, "etam": 0.1, "diferencia": -0.0048117421, "porc_difer": -0.0001350475, "admisible": 1, "deuda_anio": 0.0, "id_1": 106084, "lote_id_1": 110188, "clavecat_1": "6-09-30-05-000", "Clave_Ok": "6-09-30-05-000", "zona_1": 6, "sector_1": 9, "manzana_1": 30, "lote_1": 5, "ph_1": 0, "propieta_1": "GOBIERNO AUTONOMO DESCENTRALIZADO  MUNICIPAL MANTA .", "document_1": 1360000980000.0, "direccio_1": "PARROQUIA SAN LORENZO  - N?ÜCLEO URBANO - CENTRAL - MZ 05 LOTE 10", "area_m2_1": 35.63, "frente_u_1": 3.55, "frente_t_1": 13.55, "avaluo_c_1": 26347.89, "avaluo_s_1": 1154.41, "zonaurba_1": "N?ÜCLEOS URBANOS EN ZONA RURAL", "parroqui_1": "SAN LORENZO", "esta_blo_1": "NO", "es_terce_1": "NO", "tiene_el_1": "SI", "tiene_ag_1": "NO", "tiene_al_1": "NO", "observac_2": "SE CREA LA CLAVE CATASTRAL 6-09-30-05-000 A FAVOR DE PILOSO NAVAS MARIANA ELIZABETH CON FINES DE LEGALIZACI?ôN, PREDIO UBICADO EN EL BARRIO CENTRAL DEL N?ÜCLEO URBANO DE LA PARROQUIA SAN LORENZO, PREVIO INFORME DEL ARQ. PATRICIO LE?ôN MURILLO.", "observac_3": null, "barrio_1": "BARRIO CENTRAL", "parroquia1": 7, "barrio_i_1": 1180, "proceso_1": 0, "fecha_re_1": null, "activo_c_1": "SI", "desactiv_1": 0, "avaluo_r_2": 0.0, "avaluo_r_3": 0.0, "clasific_1": "POR LEGALIZAR", "anio_deu_1": 0, "deuda_1": 0.0, "valor_ip_1": 0.0, "coactiva_1": null, "fichareg_1": 0, "etam_1": 0.1, "diferenc_1": -0.0048117421, "porc_dif_1": -0.0001350475, "admisibl_1": "VERDADERO", "deuda_an_1": 0.0, "RESOLUCION": "610-21-05-2026" }, "geometry": { "type": "MultiPolygon", "coordinates": [ [ [ [ -80.904555245434608, -1.06637585201861 ], [ -80.904474555214335, -1.066336073744706 ], [ -80.904466171664495, -1.06637617967172 ], [ -80.90448377419051, -1.066385248283501 ], [ -80.904487459888614, -1.066377999991201 ], [ -80.90454041629566, -1.066404290033678 ], [ -80.904555245434608, -1.06637585201861 ] ] ] ] } },
{ "type": "Feature", "properties": { "id": 106085, "lote_id": 110189, "clavecatas": "6-09-30-06-000", "zona": "6", "sector": "09", "manzana": "30", "lote": "06", "ph": "000", "propietari": "GOBIERNO AUTONOMO DESCENTRALIZADO  MUNICIPAL MANTA .", "documentop": "1360000980001", "direccion": "PARROQUIA SAN LORENZO  - NÚCLEO URBANO - CENTRAL - MZ 05 LOTE 09", "area_m2": 44.03, "frente_uti": 5.7, "frente_tot": 5.7, "avaluo_con": 13992.74, "avaluo_sue": 1426.57, "zonaurbano": "NÚCLEOS URBANOS EN ZONA RURAL", "parroquia": "SAN LORENZO", "esta_bloqu": "NO", "es_tercera": "NO", "tiene_elec": "SI", "tiene_agua": "NO", "tiene_alca": "NO", "observacio": "SE CREA LA CLAVE CATASTRAL 6-09-30-06-000 A FAVOR DE REYES NAVAS JORGE EDISON CON FINES DE LEGALIZACIÓN, PREDIO UBICADO EN EL BARRIO CENTRAL DEL NÚCLEO URBANO DE LA PARROQUIA SAN LORENZO, PREVIO INFORME DEL ARQ. PATRICIO LEÓN MURILLO.", "observac_1": null, "barrio": "BARRIO CENTRAL", "parroquia_": 7, "barrio_id": 1180, "proceso": 0, "fecha_regi": null, "activo_cat": "SI", "desactivad": 0, "avaluo_rem": 0.0, "avaluo_r_1": 0.0, "clasificac": "POR LEGALIZAR", "anio_deuda": 0, "deuda": 0.0, "valor_ip": 0.0, "coactiva": null, "ficharegis": 0, "etam": 0.1, "diferencia": 0.0040606512, "porc_difer": 9.22246e-05, "admisible": 1, "deuda_anio": 0.0, "id_1": 106085, "lote_id_1": 110189, "clavecat_1": "6-09-30-06-000", "Clave_Ok": "6-09-30-06-000", "zona_1": 6, "sector_1": 9, "manzana_1": 30, "lote_1": 6, "ph_1": 0, "propieta_1": "GOBIERNO AUTONOMO DESCENTRALIZADO  MUNICIPAL MANTA .", "document_1": 1360000980000.0, "direccio_1": "PARROQUIA SAN LORENZO  - N?ÜCLEO URBANO - CENTRAL - MZ 05 LOTE 09", "area_m2_1": 44.03, "frente_u_1": 5.7, "frente_t_1": 5.7, "avaluo_c_1": 13992.74, "avaluo_s_1": 1426.57, "zonaurba_1": "N?ÜCLEOS URBANOS EN ZONA RURAL", "parroqui_1": "SAN LORENZO", "esta_blo_1": "NO", "es_terce_1": "NO", "tiene_el_1": "SI", "tiene_ag_1": "NO", "tiene_al_1": "NO", "observac_2": "SE CREA LA CLAVE CATASTRAL 6-09-30-06-000 A FAVOR DE REYES NAVAS JORGE EDISON CON FINES DE LEGALIZACI?ôN, PREDIO UBICADO EN EL BARRIO CENTRAL DEL N?ÜCLEO URBANO DE LA PARROQUIA SAN LORENZO, PREVIO INFORME DEL ARQ. PATRICIO LE?ôN MURILLO.", "observac_3": null, "barrio_1": "BARRIO CENTRAL", "parroquia1": 7, "barrio_i_1": 1180, "proceso_1": 0, "fecha_re_1": null, "activo_c_1": "SI", "desactiv_1": 0, "avaluo_r_2": 0.0, "avaluo_r_3": 0.0, "clasific_1": "POR LEGALIZAR", "anio_deu_1": 0, "deuda_1": 0.0, "valor_ip_1": 0.0, "coactiva_1": null, "fichareg_1": 0, "etam_1": 0.1, "diferenc_1": 0.0040606512, "porc_dif_1": 9.22246e-05, "admisibl_1": "VERDADERO", "deuda_an_1": 0.0, "RESOLUCION": "610-21-05-2026" }, "geometry": { "type": "MultiPolygon", "coordinates": [ [ [ [ -80.90454041629566, -1.066404290033678 ], [ -80.904487459888614, -1.066377999991201 ], [ -80.90448377419051, -1.066385248283501 ], [ -80.904466171664495, -1.06637617967172 ], [ -80.90445728842154, -1.066418676070932 ], [ -80.904516605740127, -1.066449951816161 ], [ -80.90454041629566, -1.066404290033678 ] ] ] ] } },
{ "type": "Feature", "properties": { "id": 106086, "lote_id": 110201, "clavecatas": "6-09-30-09-000", "zona": "6", "sector": "09", "manzana": "30", "lote": "09", "ph": "000", "propietari": null, "documentop": null, "direccion": "PARROQUIA SAN LORENZO  - NÚCLEO URBANO - CENTRAL - MZ 06 LOTE 01", "area_m2": 265.18, "frente_uti": 9.3, "frente_tot": 35.2, "avaluo_con": 32293.66, "avaluo_sue": 10607.2, "zonaurbano": "NÚCLEOS URBANOS EN ZONA RURAL", "parroquia": "SAN LORENZO", "esta_bloqu": "NO", "es_tercera": "NO", "tiene_elec": "SI", "tiene_agua": "NO", "tiene_alca": "NO", "observacio": "SE CREA LA CLAVE CATASTRAL 6-09-30-09-000 A FAVOR DEL GOBIERNO AUTONOMO DESCENTRALIZADO DEL CANTON MANTA CON FINES DE LEGALIZACIÓN, PREDIO UBICADO EN EL BARRIO CENTRAL DEL NÚCLEO URBANO DE LA PARROQUIA SAN LORENZO, PREVIO INFORME DEL ARQ. PATRICIO LEÓ", "observac_1": null, "barrio": "BARRIO CENTRAL", "parroquia_": 7, "barrio_id": 1180, "proceso": 0, "fecha_regi": null, "activo_cat": "SI", "desactivad": 0, "avaluo_rem": 0.0, "avaluo_r_1": 0.0, "clasificac": "POR LEGALIZAR", "anio_deuda": 0, "deuda": 0.0, "valor_ip": 0.0, "coactiva": null, "ficharegis": 0, "etam": 0.1228173189, "diferencia": 0.0003701647, "porc_difer": 1.3959e-06, "admisible": 1, "deuda_anio": 0.0, "id_1": 106086, "lote_id_1": 110201, "clavecat_1": "6-09-30-09-000", "Clave_Ok": "6-09-30-09-000", "zona_1": 6, "sector_1": 9, "manzana_1": 30, "lote_1": 9, "ph_1": 0, "propieta_1": null, "document_1": 0.0, "direccio_1": "PARROQUIA SAN LORENZO  - N?ÜCLEO URBANO - CENTRAL - MZ 06 LOTE 01", "area_m2_1": 265.18, "frente_u_1": 9.3, "frente_t_1": 35.2, "avaluo_c_1": 32293.66, "avaluo_s_1": 10607.2, "zonaurba_1": "N?ÜCLEOS URBANOS EN ZONA RURAL", "parroqui_1": "SAN LORENZO", "esta_blo_1": "NO", "es_terce_1": "NO", "tiene_el_1": "SI", "tiene_ag_1": "NO", "tiene_al_1": "NO", "observac_2": "SE CREA LA CLAVE CATASTRAL 6-09-30-09-000 A FAVOR DEL GOBIERNO AUTONOMO DESCENTRALIZADO DEL CANTON MANTA CON FINES DE LEGALIZACI?ôN, PREDIO UBICADO EN EL BARRIO CENTRAL DEL N?ÜCLEO URBANO DE LA PARROQUIA SAN LORENZO, PREVIO INFORME DEL ARQ. PATRICIO LE", "observac_3": null, "barrio_1": "BARRIO CENTRAL", "parroquia1": 7, "barrio_i_1": 1180, "proceso_1": 0, "fecha_re_1": null, "activo_c_1": "SI", "desactiv_1": 0, "avaluo_r_2": 0.0, "avaluo_r_3": 0.0, "clasific_1": "POR LEGALIZAR", "anio_deu_1": 0, "deuda_1": 0.0, "valor_ip_1": 0.0, "coactiva_1": null, "fichareg_1": 0, "etam_1": 0.1228173189, "diferenc_1": 0.0003701647, "porc_dif_1": 1.3959e-06, "admisibl_1": "VERDADERO", "deuda_an_1": 0.0, "RESOLUCION": "609-21-05-2026" }, "geometry": { "type": "MultiPolygon", "coordinates": [ [ [ [ -80.904861921612067, -1.066414840734759 ], [ -80.904791520334996, -1.066369472613594 ], [ -80.904651294368293, -1.0665565170185 ], [ -80.904733703379634, -1.066613124818561 ], [ -80.904861921612067, -1.066414840734759 ] ] ] ] } },
{ "type": "Feature", "properties": { "id": 106087, "lote_id": 110202, "clavecatas": "6-09-30-10-000", "zona": "6", "sector": "09", "manzana": "30", "lote": "10", "ph": "000", "propietari": null, "documentop": null, "direccion": "PARROQUIA SAN LORENZO  - NÚCLEO URBANO - CENTRAL - MZ 06 LOTE 02", "area_m2": 260.12, "frente_uti": 20.75, "frente_tot": 20.75, "avaluo_con": 941.4, "avaluo_sue": 10404.8, "zonaurbano": "NÚCLEOS URBANOS EN ZONA RURAL", "parroquia": "SAN LORENZO", "esta_bloqu": "NO", "es_tercera": "NO", "tiene_elec": "SI", "tiene_agua": "NO", "tiene_alca": "NO", "observacio": "SE CREA LA CLAVE CATASTRAL 6-09-30-10-000 A FAVOR DEL GOBIERNO AUTONOMO DESCENTRALIZADO DEL CANTON MANTA CON FINES DE LEGALIZACIÓN, PREDIO UBICADO EN EL BARRIO CENTRAL DEL NÚCLEO URBANO DE LA PARROQUIA SAN LORENZO, PREVIO INFORME DEL ARQ. PATRICIO LEÓ", "observac_1": null, "barrio": "BARRIO CENTRAL", "parroquia_": 7, "barrio_id": 1180, "proceso": 0, "fecha_regi": null, "activo_cat": "SI", "desactivad": 0, "avaluo_rem": 0.0, "avaluo_r_1": 0.0, "clasificac": "POR LEGALIZAR", "anio_deuda": 0, "deuda": 0.0, "valor_ip": 0.0, "coactiva": null, "ficharegis": 0, "etam": 0.1240061211, "diferencia": 0.0041561945, "porc_difer": 1.5978e-05, "admisible": 1, "deuda_anio": 0.0, "id_1": 106087, "lote_id_1": 110202, "clavecat_1": "6-09-30-10-000", "Clave_Ok": "6-09-30-10-000", "zona_1": 6, "sector_1": 9, "manzana_1": 30, "lote_1": 10, "ph_1": 0, "propieta_1": null, "document_1": 0.0, "direccio_1": "PARROQUIA SAN LORENZO  - N?ÜCLEO URBANO - CENTRAL - MZ 06 LOTE 02", "area_m2_1": 260.12, "frente_u_1": 20.75, "frente_t_1": 20.75, "avaluo_c_1": 941.4, "avaluo_s_1": 10404.8, "zonaurba_1": "N?ÜCLEOS URBANOS EN ZONA RURAL", "parroqui_1": "SAN LORENZO", "esta_blo_1": "NO", "es_terce_1": "NO", "tiene_el_1": "SI", "tiene_ag_1": "NO", "tiene_al_1": "NO", "observac_2": "SE CREA LA CLAVE CATASTRAL 6-09-30-10-000 A FAVOR DEL GOBIERNO AUTONOMO DESCENTRALIZADO DEL CANTON MANTA CON FINES DE LEGALIZACI?ôN, PREDIO UBICADO EN EL BARRIO CENTRAL DEL N?ÜCLEO URBANO DE LA PARROQUIA SAN LORENZO, PREVIO INFORME DEL ARQ. PATRICIO LE", "observac_3": null, "barrio_1": "BARRIO CENTRAL", "parroquia1": 7, "barrio_i_1": 1180, "proceso_1": 0, "fecha_re_1": null, "activo_c_1": "SI", "desactiv_1": 0, "avaluo_r_2": 0.0, "avaluo_r_3": 0.0, "clasific_1": "POR LEGALIZAR", "anio_deu_1": 0, "deuda_1": 0.0, "valor_ip_1": 0.0, "coactiva_1": null, "fichareg_1": 0, "etam_1": 0.1240061211, "diferenc_1": 0.0041561945, "porc_dif_1": 1.5978e-05, "admisibl_1": "VERDADERO", "deuda_an_1": 0.0, "RESOLUCION": "609-21-05-2026" }, "geometry": { "type": "MultiPolygon", "coordinates": [ [ [ [ -80.904733703379634, -1.066613124818561 ], [ -80.904651294368293, -1.0665565170185 ], [ -80.904527887832501, -1.066697276214486 ], [ -80.90463239654035, -1.066769791545188 ], [ -80.904733703379634, -1.066613124818561 ] ] ] ] } },
{ "type": "Feature", "properties": { "id": 106136, "lote_id": 110057, "clavecatas": "6-09-37-21-000", "zona": "6", "sector": "09", "manzana": "37", "lote": "21", "ph": "000", "propietari": "GOBIERNO AUTONOMO DESCENTRALIZADO MUNICIPAL DEL CANTON MANTA .", "documentop": "1360000980001", "direccion": "PARROQUIA RURAL SAN LORENZO - NÚCLEO URBANO - MIRAFLORES - MZ 04 LOTE 03", "area_m2": 68.08, "frente_uti": 5.08, "frente_tot": 5.08, "avaluo_con": 8137.92, "avaluo_sue": 1676.4, "zonaurbano": "NÚCLEOS URBANOS EN ZONA RURAL", "parroquia": "SAN LORENZO", "esta_bloqu": "NO", "es_tercera": "NO", "tiene_elec": "SI", "tiene_agua": "NO", "tiene_alca": "NO", "observacio": "SE CREA LA CLAVE CATASTRAL 6-09-37-21-000 A FAVOR DE REYES RIVERA LISBETH DILAY CON FINES DE LEGALIZACIÓN, PREDIO UBICADO EN EL BARRIO MIRAFLORES DEL NÚCLEO URBANO DE LA PARROQUIA SAN LORENZO, PREVIO INFORME DEL ARQ. PATRICIO LEÓN MURILLO.", "observac_1": null, "barrio": "MIRAFLORES", "parroquia_": 7, "barrio_id": 217, "proceso": 0, "fecha_regi": null, "activo_cat": "SI", "desactivad": 0, "avaluo_rem": 0.0, "avaluo_r_1": 0.0, "clasificac": "POR LEGALIZAR", "anio_deuda": 0, "deuda": 0.0, "valor_ip": 0.0, "coactiva": null, "ficharegis": 0, "etam": 0.1, "diferencia": -0.0036543026, "porc_difer": -5.36766e-05, "admisible": 1, "deuda_anio": 0.0, "id_1": 106136, "lote_id_1": 110057, "clavecat_1": "6-09-37-21-000", "Clave_Ok": "6-09-37-21-000", "zona_1": 6, "sector_1": 9, "manzana_1": 37, "lote_1": 21, "ph_1": 0, "propieta_1": "GOBIERNO AUTONOMO DESCENTRALIZADO MUNICIPAL DEL CANTON MANTA .", "document_1": 1360000980000.0, "direccio_1": "PARROQUIA RURAL SAN LORENZO - N?ÜCLEO URBANO - MIRAFLORES - MZ 04 LOTE 03", "area_m2_1": 68.08, "frente_u_1": 5.08, "frente_t_1": 5.08, "avaluo_c_1": 8137.92, "avaluo_s_1": 1676.4, "zonaurba_1": "N?ÜCLEOS URBANOS EN ZONA RURAL", "parroqui_1": "SAN LORENZO", "esta_blo_1": "NO", "es_terce_1": "NO", "tiene_el_1": "SI", "tiene_ag_1": "NO", "tiene_al_1": "NO", "observac_2": "SE CREA LA CLAVE CATASTRAL 6-09-37-21-000 A FAVOR DE REYES RIVERA LISBETH DILAY CON FINES DE LEGALIZACI?ôN, PREDIO UBICADO EN EL BARRIO MIRAFLORES DEL N?ÜCLEO URBANO DE LA PARROQUIA SAN LORENZO, PREVIO INFORME DEL ARQ. PATRICIO LE?ôN MURILLO.", "observac_3": null, "barrio_1": "MIRAFLORES", "parroquia1": 7, "barrio_i_1": 217, "proceso_1": 0, "fecha_re_1": null, "activo_c_1": "SI", "desactiv_1": 0, "avaluo_r_2": 0.0, "avaluo_r_3": 0.0, "clasific_1": "POR LEGALIZAR", "anio_deu_1": 0, "deuda_1": 0.0, "valor_ip_1": 0.0, "coactiva_1": null, "fichareg_1": 0, "etam_1": 0.1, "diferenc_1": -0.0036543026, "porc_dif_1": -5.36766e-05, "admisibl_1": "VERDADERO", "deuda_an_1": 0.0, "RESOLUCION": "610-21-05-2026" }, "geometry": { "type": "MultiPolygon", "coordinates": [ [ [ [ -80.904861845316617, -1.067734006785667 ], [ -80.904825395615504, -1.067678798698968 ], [ -80.904759121842659, -1.067732745422085 ], [ -80.904794797317933, -1.067786217707496 ], [ -80.904861845316617, -1.067734006785667 ] ] ] ] } },
{ "type": "Feature", "properties": { "id": 106092, "lote_id": 110199, "clavecatas": "6-09-31-05-000", "zona": "6", "sector": "09", "manzana": "31", "lote": "05", "ph": "000", "propietari": null, "documentop": null, "direccion": "PARROQUIA SAN LORENZO  - NÚCLEO URBANO - BIENVENIDO - MZ 02 LOTE 11", "area_m2": 337.27, "frente_uti": 5.0, "frente_tot": 6.56, "avaluo_con": 18445.68, "avaluo_sue": 13490.8, "zonaurbano": "NÚCLEOS URBANOS EN ZONA RURAL", "parroquia": "SAN LORENZO", "esta_bloqu": "NO", "es_tercera": "NO", "tiene_elec": "SI", "tiene_agua": "NO", "tiene_alca": "NO", "observacio": "SE CREA LA CLAVE CATASTRAL 6-09-31-05-000 A FAVOR DEL GOBIERNO AUTONOMO DESCENTRALIZADO DEL CANTON MANTA CON FINES DE LEGALIZACIÓN, PREDIO UBICADO EN EL BARRIO BIENVENIDO DEL NÚCLEO URBANO DE LA PARROQUIA SAN LORENZO, PREVIO INFORME DEL ARQ. PATRICIO L", "observac_1": null, "barrio": "SIN ESPECIFICAR - SAN LORENZO", "parroquia_": 7, "barrio_id": 1150, "proceso": 0, "fecha_regi": null, "activo_cat": "SI", "desactivad": 0, "avaluo_rem": 0.0, "avaluo_r_1": 0.0, "clasificac": "POR LEGALIZAR", "anio_deuda": 0, "deuda": 0.0, "valor_ip": 0.0, "coactiva": null, "ficharegis": 0, "etam": 0.1633549874, "diferencia": 0.0336913753, "porc_difer": 9.98944e-05, "admisible": 1, "deuda_anio": 0.0, "id_1": 106092, "lote_id_1": 110199, "clavecat_1": "6-09-31-05-000", "Clave_Ok": "6-09-31-05-000", "zona_1": 6, "sector_1": 9, "manzana_1": 31, "lote_1": 5, "ph_1": 0, "propieta_1": null, "document_1": 0.0, "direccio_1": "PARROQUIA SAN LORENZO  - N?ÜCLEO URBANO - BIENVENIDO - MZ 02 LOTE 11", "area_m2_1": 337.27, "frente_u_1": 5.0, "frente_t_1": 6.56, "avaluo_c_1": 18445.68, "avaluo_s_1": 13490.8, "zonaurba_1": "N?ÜCLEOS URBANOS EN ZONA RURAL", "parroqui_1": "SAN LORENZO", "esta_blo_1": "NO", "es_terce_1": "NO", "tiene_el_1": "SI", "tiene_ag_1": "NO", "tiene_al_1": "NO", "observac_2": "SE CREA LA CLAVE CATASTRAL 6-09-31-05-000 A FAVOR DEL GOBIERNO AUTONOMO DESCENTRALIZADO DEL CANTON MANTA CON FINES DE LEGALIZACI?ôN, PREDIO UBICADO EN EL BARRIO BIENVENIDO DEL N?ÜCLEO URBANO DE LA PARROQUIA SAN LORENZO, PREVIO INFORME DEL ARQ. PATRICIO", "observac_3": null, "barrio_1": "SIN ESPECIFICAR - SAN LORENZO", "parroquia1": 7, "barrio_i_1": 1150, "proceso_1": 0, "fecha_re_1": null, "activo_c_1": "SI", "desactiv_1": 0, "avaluo_r_2": 0.0, "avaluo_r_3": 0.0, "clasific_1": "POR LEGALIZAR", "anio_deu_1": 0, "deuda_1": 0.0, "valor_ip_1": 0.0, "coactiva_1": null, "fichareg_1": 0, "etam_1": 0.1633549874, "diferenc_1": 0.0336913753, "porc_dif_1": 9.98944e-05, "admisibl_1": "VERDADERO", "deuda_an_1": 0.0, "RESOLUCION": "609-21-05-2026" }, "geometry": { "type": "MultiPolygon", "coordinates": [ [ [ [ -80.904084160885532, -1.066831492562702 ], [ -80.903943515978952, -1.066744575708333 ], [ -80.903953089420909, -1.066726796321003 ], [ -80.903892723544985, -1.066693077423037 ], [ -80.903855652674451, -1.066763658784831 ], [ -80.903931878121995, -1.06679667106824 ], [ -80.903925726979779, -1.066810254522268 ], [ -80.903920287098572, -1.066827499419812 ], [ -80.903926188306642, -1.066830779591165 ], [ -80.903895043296956, -1.066905928208516 ], [ -80.903988490822272, -1.06696287717162 ], [ -80.904084160885532, -1.066831492562702 ] ] ] ] } },
{ "type": "Feature", "properties": { "id": 106098, "lote_id": 110091, "clavecatas": "6-09-34-01-000", "zona": "6", "sector": "09", "manzana": "34", "lote": "01", "ph": "000", "propietari": "RIVERA TRIVIÑO BRENDA JULISSA", "documentop": "1316859816", "direccion": "PARROQUIA SAN LORENZO - NÚCLEO URBANO - CENTRAL - MZ 07 LOTE 01", "area_m2": 293.84, "frente_uti": 14.53, "frente_tot": 23.83, "avaluo_con": 9429.24, "avaluo_sue": 9520.42, "zonaurbano": "NÚCLEOS URBANOS EN ZONA RURAL", "parroquia": "SAN LORENZO", "esta_bloqu": "NO", "es_tercera": "NO", "tiene_elec": "SI", "tiene_agua": "NO", "tiene_alca": "NO", "observacio": "SE CREA LA CLAVE CATASTRAL 6-09-34-01-000 A FAVOR DE RIVERA TRIVIÑO BRENDA JULISSA CON FINES DE LEGALIZACIÓN, PREDIO UBICADO EN EL BARRIO CENTRAL DEL NÚCLEO URBANO DE LA PARROQUIA SAN LORENZO, PREVIO INFORME DEL ARQ. PATRICIO LEÓN MURILLO.-SE ACTUALI", "observac_1": null, "barrio": "BARRIO CENTRAL", "parroquia_": 7, "barrio_id": 1180, "proceso": 0, "fecha_regi": null, "activo_cat": "SI", "desactivad": 0, "avaluo_rem": 0.0, "avaluo_r_1": 0.0, "clasificac": "GENERAL", "anio_deuda": 0, "deuda": 0.0, "valor_ip": 0.0, "coactiva": null, "ficharegis": 92738, "etam": 0.1166741211, "diferencia": -0.0002590713, "porc_difer": -8.817e-07, "admisible": 1, "deuda_anio": 0.0, "id_1": 106098, "lote_id_1": 110091, "clavecat_1": "6-09-34-01-000", "Clave_Ok": "6-09-34-01-000", "zona_1": 6, "sector_1": 9, "manzana_1": 34, "lote_1": 1, "ph_1": 0, "propieta_1": "RIVERA TRIVI?æO BRENDA JULISSA", "document_1": 1316859816.0, "direccio_1": "PARROQUIA SAN LORENZO - N?ÜCLEO URBANO - CENTRAL - MZ 07 LOTE 01", "area_m2_1": 293.84, "frente_u_1": 14.53, "frente_t_1": 23.83, "avaluo_c_1": 9429.24, "avaluo_s_1": 9520.42, "zonaurba_1": "N?ÜCLEOS URBANOS EN ZONA RURAL", "parroqui_1": "SAN LORENZO", "esta_blo_1": "NO", "es_terce_1": "NO", "tiene_el_1": "SI", "tiene_ag_1": "NO", "tiene_al_1": "NO", "observac_2": "SE CREA LA CLAVE CATASTRAL 6-09-34-01-000 A FAVOR DE RIVERA TRIVI?æO BRENDA JULISSA CON FINES DE LEGALIZACI?ôN, PREDIO UBICADO EN EL BARRIO CENTRAL DEL N?ÜCLEO URBANO DE LA PARROQUIA SAN LORENZO, PREVIO INFORME DEL ARQ. PATRICIO LE?ôN MURILLO.-SE ACT", "observac_3": null, "barrio_1": "BARRIO CENTRAL", "parroquia1": 7, "barrio_i_1": 1180, "proceso_1": 0, "fecha_re_1": null, "activo_c_1": "SI", "desactiv_1": 0, "avaluo_r_2": 0.0, "avaluo_r_3": 0.0, "clasific_1": "GENERAL", "anio_deu_1": 0, "deuda_1": 0.0, "valor_ip_1": 0.0, "coactiva_1": null, "fichareg_1": 92738, "etam_1": 0.1166741211, "diferenc_1": -0.0002590713, "porc_dif_1": -8.817e-07, "admisibl_1": "VERDADERO", "deuda_an_1": 0.0, "RESOLUCION": "610-21-05-2026" }, "geometry": { "type": "MultiPolygon", "coordinates": [ [ [ [ -80.905352260823562, -1.066770152354492 ], [ -80.90531061185068, -1.066724755468577 ], [ -80.905251864387793, -1.066784611643482 ], [ -80.905264940447466, -1.066798934038362 ], [ -80.905197668993779, -1.06685536361808 ], [ -80.905145903505769, -1.066891383913361 ], [ -80.905196741826487, -1.066965345333783 ], [ -80.905284409272525, -1.06690974576321 ], [ -80.90538207139393, -1.066821414851759 ], [ -80.905343760160193, -1.066778221981452 ], [ -80.905352260823562, -1.066770152354492 ] ] ] ] } },
{ "type": "Feature", "properties": { "id": 106099, "lote_id": 110185, "clavecatas": "6-09-34-04-000", "zona": "6", "sector": "09", "manzana": "34", "lote": "04", "ph": "000", "propietari": "TRIVIÑO MONTALVAN ANA EMILIA", "documentop": "1308925856", "direccion": "PARROQUIA SAN LORENZO  - NÚCLEO URBANO - CENTRAL - MZ 07 LOTE 04", "area_m2": 113.92, "frente_uti": 7.3, "frente_tot": 7.3, "avaluo_con": 38436.97, "avaluo_sue": 4101.12, "zonaurbano": "NÚCLEOS URBANOS EN ZONA RURAL", "parroquia": "SAN LORENZO", "esta_bloqu": "NO", "es_tercera": "NO", "tiene_elec": "SI", "tiene_agua": "NO", "tiene_alca": "NO", "observacio": "SE CREA LA CLAVE CATASTRAL 6-09-34-04-000 A FAVOR DE TRIVIÑO MONTALVAN ANA EMILIA CON FINES DE LEGALIZACIÓN, PREDIO UBICADO EN EL BARRIO CENTRAL DEL NÚCLEO URBANO DE LA PARROQUIA SAN LORENZO, PREVIO INFORME DEL ARQ. PATRICIO LEÓN MURILLO.-SE ACTUALIZ", "observac_1": null, "barrio": "BARRIO CENTRAL", "parroquia_": 7, "barrio_id": 1180, "proceso": 0, "fecha_regi": null, "activo_cat": "SI", "desactivad": 0, "avaluo_rem": 0.0, "avaluo_r_1": 0.0, "clasificac": "GENERAL", "anio_deuda": 0, "deuda": 0.0, "valor_ip": 0.0, "coactiva": null, "ficharegis": 92676, "etam": 0.0936914611, "diferencia": -0.0027517146, "porc_difer": -2.41548e-05, "admisible": 1, "deuda_anio": 0.0, "id_1": 106099, "lote_id_1": 110185, "clavecat_1": "6-09-34-04-000", "Clave_Ok": "6-09-34-04-000", "zona_1": 6, "sector_1": 9, "manzana_1": 34, "lote_1": 4, "ph_1": 0, "propieta_1": "TRIVI?æO MONTALVAN ANA EMILIA", "document_1": 1308925856.0, "direccio_1": "PARROQUIA SAN LORENZO  - N?ÜCLEO URBANO - CENTRAL - MZ 07 LOTE 04", "area_m2_1": 113.92, "frente_u_1": 7.3, "frente_t_1": 7.3, "avaluo_c_1": 38436.97, "avaluo_s_1": 4101.12, "zonaurba_1": "N?ÜCLEOS URBANOS EN ZONA RURAL", "parroqui_1": "SAN LORENZO", "esta_blo_1": "NO", "es_terce_1": "NO", "tiene_el_1": "SI", "tiene_ag_1": "NO", "tiene_al_1": "NO", "observac_2": "SE CREA LA CLAVE CATASTRAL 6-09-34-04-000 A FAVOR DE TRIVI?æO MONTALVAN ANA EMILIA CON FINES DE LEGALIZACI?ôN, PREDIO UBICADO EN EL BARRIO CENTRAL DEL N?ÜCLEO URBANO DE LA PARROQUIA SAN LORENZO, PREVIO INFORME DEL ARQ. PATRICIO LE?ôN MURILLO.-SE ACTU", "observac_3": null, "barrio_1": "BARRIO CENTRAL", "parroquia1": 7, "barrio_i_1": 1180, "proceso_1": 0, "fecha_re_1": null, "activo_c_1": "SI", "desactiv_1": 0, "avaluo_r_2": 0.0, "avaluo_r_3": 0.0, "clasific_1": "GENERAL", "anio_deu_1": 0, "deuda_1": 0.0, "valor_ip_1": 0.0, "coactiva_1": null, "fichareg_1": 92676, "etam_1": 0.0936914611, "diferenc_1": -0.0027517146, "porc_dif_1": -2.41548e-05, "admisibl_1": "VERDADERO", "deuda_an_1": 0.0, "RESOLUCION": "610-21-05-2026" }, "geometry": { "type": "MultiPolygon", "coordinates": [ [ [ [ -80.905085947667914, -1.066546914224981 ], [ -80.905033847744761, -1.066506767901187 ], [ -80.904948776590928, -1.066620200510711 ], [ -80.905001017079087, -1.066659382433875 ], [ -80.905085947667914, -1.066546914224981 ] ] ] ] } },
{ "type": "Feature", "properties": { "id": 106100, "lote_id": 110197, "clavecatas": "6-09-34-05-000", "zona": "6", "sector": "09", "manzana": "34", "lote": "05", "ph": "000", "propietari": null, "documentop": null, "direccion": "PARROQUIA SAN LORENZO  - NÚCLEO URBANO - CENTRAL - MZ 07 LOTE 05", "area_m2": 98.52, "frente_uti": 23.91, "frente_tot": 23.91, "avaluo_con": 15802.69, "avaluo_sue": 3940.8, "zonaurbano": "NÚCLEOS URBANOS EN ZONA RURAL", "parroquia": "SAN LORENZO", "esta_bloqu": "NO", "es_tercera": "NO", "tiene_elec": "SI", "tiene_agua": "NO", "tiene_alca": "NO", "observacio": "SE CREA LA CLAVE CATASTRAL 6-09-34-05-000 A FAVOR DEL GOBIERNO AUTONOMO DESCENTRALIZADO DEL CANTON MANTA CON FINES DE LEGALIZACIÓN, PREDIO UBICADO EN EL BARRIO CENTRAL DEL NÚCLEO URBANO DE LA PARROQUIA SAN LORENZO, PREVIO INFORME DEL ARQ. PATRICIO LEÓ", "observac_1": null, "barrio": "BARRIO CENTRAL", "parroquia_": 7, "barrio_id": 1180, "proceso": 0, "fecha_regi": null, "activo_cat": "SI", "desactivad": 0, "avaluo_rem": 0.0, "avaluo_r_1": 0.0, "clasificac": "POR LEGALIZAR", "anio_deuda": 0, "deuda": 0.0, "valor_ip": 0.0, "coactiva": null, "ficharegis": 0, "etam": 0.1, "diferencia": 0.6461266566, "porc_difer": 0.0065583298, "admisible": 1, "deuda_anio": 0.0, "id_1": 106100, "lote_id_1": 110197, "clavecat_1": "6-09-34-05-000", "Clave_Ok": "6-09-34-05-000", "zona_1": 6, "sector_1": 9, "manzana_1": 34, "lote_1": 5, "ph_1": 0, "propieta_1": null, "document_1": 0.0, "direccio_1": "PARROQUIA SAN LORENZO  - N?ÜCLEO URBANO - CENTRAL - MZ 07 LOTE 05", "area_m2_1": 98.52, "frente_u_1": 23.91, "frente_t_1": 23.91, "avaluo_c_1": 15802.69, "avaluo_s_1": 3940.8, "zonaurba_1": "N?ÜCLEOS URBANOS EN ZONA RURAL", "parroqui_1": "SAN LORENZO", "esta_blo_1": "NO", "es_terce_1": "NO", "tiene_el_1": "SI", "tiene_ag_1": "NO", "tiene_al_1": "NO", "observac_2": "SE CREA LA CLAVE CATASTRAL 6-09-34-05-000 A FAVOR DEL GOBIERNO AUTONOMO DESCENTRALIZADO DEL CANTON MANTA CON FINES DE LEGALIZACI?ôN, PREDIO UBICADO EN EL BARRIO CENTRAL DEL N?ÜCLEO URBANO DE LA PARROQUIA SAN LORENZO, PREVIO INFORME DEL ARQ. PATRICIO LE", "observac_3": null, "barrio_1": "BARRIO CENTRAL", "parroquia1": 7, "barrio_i_1": 1180, "proceso_1": 0, "fecha_re_1": null, "activo_c_1": "SI", "desactiv_1": 0, "avaluo_r_2": 0.0, "avaluo_r_3": 0.0, "clasific_1": "POR LEGALIZAR", "anio_deu_1": 0, "deuda_1": 0.0, "valor_ip_1": 0.0, "coactiva_1": null, "fichareg_1": 0, "etam_1": 0.1, "diferenc_1": 0.6461266566, "porc_dif_1": 0.0065583298, "admisibl_1": "VERDADERO", "deuda_an_1": 0.0, "RESOLUCION": "609-21-05-2026" }, "geometry": { "type": "MultiPolygon", "coordinates": [ [ [ [ -80.905033847744761, -1.066506767901187 ], [ -80.904981857480834, -1.066466484478066 ], [ -80.904961071277981, -1.066497660733262 ], [ -80.904920817011927, -1.066579661581488 ], [ -80.904922952612964, -1.066600831756882 ], [ -80.904948776590928, -1.066620200510711 ], [ -80.905033847744761, -1.066506767901187 ] ] ] ] } },
{ "type": "Feature", "properties": { "id": 106101, "lote_id": 110198, "clavecatas": "6-09-34-06-000", "zona": "6", "sector": "09", "manzana": "34", "lote": "06", "ph": "000", "propietari": null, "documentop": null, "direccion": "PARROQUIA SAN LORENZO  - NÚCLEO URBANO - CENTRAL - MZ 07 LOTE 06", "area_m2": 127.16, "frente_uti": 15.42, "frente_tot": 21.83, "avaluo_con": 14657.18, "avaluo_sue": 5086.4, "zonaurbano": "NÚCLEOS URBANOS EN ZONA RURAL", "parroquia": "SAN LORENZO", "esta_bloqu": "NO", "es_tercera": "NO", "tiene_elec": "SI", "tiene_agua": "NO", "tiene_alca": "NO", "observacio": "SE CREA LA CLAVE CATASTRAL 6-09-34-06-000 A FAVOR DEL GOBIERNO AUTONOMO DESCENTRALIZADO DEL CANTON MANTA CON FINES DE LEGALIZACIÓN, PREDIO UBICADO EN EL BARRIO CENTRAL DEL NÚCLEO URBANO DE LA PARROQUIA SAN LORENZO, PREVIO INFORME DEL ARQ. PATRICIO LEÓ", "observac_1": null, "barrio": "BARRIO CENTRAL", "parroquia_": 7, "barrio_id": 1180, "proceso": 0, "fecha_regi": null, "activo_cat": "SI", "desactivad": 0, "avaluo_rem": 0.0, "avaluo_r_1": 0.0, "clasificac": "POR LEGALIZAR", "anio_deuda": 0, "deuda": 0.0, "valor_ip": 0.0, "coactiva": null, "ficharegis": 0, "etam": 0.0886798072, "diferencia": 0.0001255005, "porc_difer": 9.869e-07, "admisible": 1, "deuda_anio": 0.0, "id_1": 106101, "lote_id_1": 110198, "clavecat_1": "6-09-34-06-000", "Clave_Ok": "6-09-34-06-000", "zona_1": 6, "sector_1": 9, "manzana_1": 34, "lote_1": 6, "ph_1": 0, "propieta_1": null, "document_1": 0.0, "direccio_1": "PARROQUIA SAN LORENZO  - N?ÜCLEO URBANO - CENTRAL - MZ 07 LOTE 06", "area_m2_1": 127.16, "frente_u_1": 15.42, "frente_t_1": 21.83, "avaluo_c_1": 14657.18, "avaluo_s_1": 5086.4, "zonaurba_1": "N?ÜCLEOS URBANOS EN ZONA RURAL", "parroqui_1": "SAN LORENZO", "esta_blo_1": "NO", "es_terce_1": "NO", "tiene_el_1": "SI", "tiene_ag_1": "NO", "tiene_al_1": "NO", "observac_2": "SE CREA LA CLAVE CATASTRAL 6-09-34-06-000 A FAVOR DEL GOBIERNO AUTONOMO DESCENTRALIZADO DEL CANTON MANTA CON FINES DE LEGALIZACI?ôN, PREDIO UBICADO EN EL BARRIO CENTRAL DEL N?ÜCLEO URBANO DE LA PARROQUIA SAN LORENZO, PREVIO INFORME DEL ARQ. PATRICIO LE", "observac_3": null, "barrio_1": "BARRIO CENTRAL", "parroquia1": 7, "barrio_i_1": 1180, "proceso_1": 0, "fecha_re_1": null, "activo_c_1": "SI", "desactiv_1": 0, "avaluo_r_2": 0.0, "avaluo_r_3": 0.0, "clasific_1": "POR LEGALIZAR", "anio_deu_1": 0, "deuda_1": 0.0, "valor_ip_1": 0.0, "coactiva_1": null, "fichareg_1": 0, "etam_1": 0.0886798072, "diferenc_1": 0.0001255005, "porc_dif_1": 9.869e-07, "admisibl_1": "VERDADERO", "deuda_an_1": 0.0, "RESOLUCION": "609-21-05-2026" }, "geometry": { "type": "MultiPolygon", "coordinates": [ [ [ [ -80.904927759393871, -1.066767589042102 ], [ -80.904940267291366, -1.066748082106835 ], [ -80.905003844967325, -1.066661503434274 ], [ -80.904922952612964, -1.066600831756882 ], [ -80.904880965541835, -1.06673377259504 ], [ -80.904927759393871, -1.066767589042102 ] ] ] ] } },
{ "type": "Feature", "properties": { "id": 106102, "lote_id": 110196, "clavecatas": "6-09-34-07-000", "zona": "6", "sector": "09", "manzana": "34", "lote": "07", "ph": "000", "propietari": null, "documentop": null, "direccion": "PARROQUIA SAN LORENZO  - NÚCLEO URBANO - CENTRAL - MZ 07 LOTE 08", "area_m2": 236.9, "frente_uti": 27.77, "frente_tot": 27.77, "avaluo_con": 167.74, "avaluo_sue": 9476.0, "zonaurbano": "NÚCLEOS URBANOS EN ZONA RURAL", "parroquia": "SAN LORENZO", "esta_bloqu": "NO", "es_tercera": "NO", "tiene_elec": "SI", "tiene_agua": "NO", "tiene_alca": "NO", "observacio": "SE CREA LA CLAVE CATASTRAL 6-09-34-07-000 A FAVOR DEL GOBIERNO AUTONOMO DESCENTRALIZADO DEL CANTON MANTA CON FINES DE LEGALIZACIÓN, PREDIO UBICADO EN EL BARRIO CENTRAL DEL NÚCLEO URBANO DE LA PARROQUIA SAN LORENZO, PREVIO INFORME DEL ARQ. PATRICIO LEÓ", "observac_1": null, "barrio": "BARRIO CENTRAL", "parroquia_": 7, "barrio_id": 1180, "proceso": 0, "fecha_regi": null, "activo_cat": "SI", "desactivad": 0, "avaluo_rem": 0.0, "avaluo_r_1": 0.0, "clasificac": "POR LEGALIZAR", "anio_deuda": 0, "deuda": 0.0, "valor_ip": 0.0, "coactiva": null, "ficharegis": 0, "etam": 0.1299413772, "diferencia": 0.0036566873, "porc_difer": 1.54356e-05, "admisible": 1, "deuda_anio": 0.0, "id_1": 106102, "lote_id_1": 110196, "clavecat_1": "6-09-34-07-000", "Clave_Ok": "6-09-34-07-000", "zona_1": 6, "sector_1": 9, "manzana_1": 34, "lote_1": 7, "ph_1": 0, "propieta_1": null, "document_1": 0.0, "direccio_1": "PARROQUIA SAN LORENZO  - N?ÜCLEO URBANO - CENTRAL - MZ 07 LOTE 08", "area_m2_1": 236.9, "frente_u_1": 27.77, "frente_t_1": 27.77, "avaluo_c_1": 167.74, "avaluo_s_1": 9476.0, "zonaurba_1": "N?ÜCLEOS URBANOS EN ZONA RURAL", "parroqui_1": "SAN LORENZO", "esta_blo_1": "NO", "es_terce_1": "NO", "tiene_el_1": "SI", "tiene_ag_1": "NO", "tiene_al_1": "NO", "observac_2": "SE CREA LA CLAVE CATASTRAL 6-09-34-07-000 A FAVOR DEL GOBIERNO AUTONOMO DESCENTRALIZADO DEL CANTON MANTA CON FINES DE LEGALIZACI?ôN, PREDIO UBICADO EN EL BARRIO CENTRAL DEL N?ÜCLEO URBANO DE LA PARROQUIA SAN LORENZO, PREVIO INFORME DEL ARQ. PATRICIO LE", "observac_3": null, "barrio_1": "BARRIO CENTRAL", "parroquia1": 7, "barrio_i_1": 1180, "proceso_1": 0, "fecha_re_1": null, "activo_c_1": "SI", "desactiv_1": 0, "avaluo_r_2": 0.0, "avaluo_r_3": 0.0, "clasific_1": "POR LEGALIZAR", "anio_deu_1": 0, "deuda_1": 0.0, "valor_ip_1": 0.0, "coactiva_1": null, "fichareg_1": 0, "etam_1": 0.1299413772, "diferenc_1": 0.0036566873, "porc_dif_1": 1.54356e-05, "admisibl_1": "VERDADERO", "deuda_an_1": 0.0, "RESOLUCION": "609-21-05-2026" }, "geometry": { "type": "MultiPolygon", "coordinates": [ [ [ [ -80.904813432027282, -1.06700576745841 ], [ -80.904872561459769, -1.066946861344128 ], [ -80.904995056005305, -1.066862706726186 ], [ -80.904927633775358, -1.066789837474507 ], [ -80.904905923954047, -1.066774780026129 ], [ -80.904877822711612, -1.066815285220011 ], [ -80.904778450245104, -1.066973581045984 ], [ -80.904813432027282, -1.06700576745841 ] ] ] ] } },
{ "type": "Feature", "properties": { "id": 106103, "lote_id": 110200, "clavecatas": "6-09-34-08-000", "zona": "6", "sector": "09", "manzana": "34", "lote": "08", "ph": "000", "propietari": null, "documentop": null, "direccion": "PARROQUIA SAN LORENZO  - NÚCLEO URBANO - CENTRAL - MZ 07 LOTE 07", "area_m2": 298.57, "frente_uti": 17.8, "frente_tot": 17.8, "avaluo_con": 688.53, "avaluo_sue": 11942.8, "zonaurbano": "NÚCLEOS URBANOS EN ZONA RURAL", "parroquia": "SAN LORENZO", "esta_bloqu": "NO", "es_tercera": "NO", "tiene_elec": "SI", "tiene_agua": "NO", "tiene_alca": "NO", "observacio": "SE CREA LA CLAVE CATASTRAL 6-09-34-08-000 A FAVOR DEL GOBIERNO AUTONOMO DESCENTRALIZADO DEL CANTON MANTA CON FINES DE LEGALIZACIÓN, PREDIO UBICADO EN EL BARRIO CENTRAL DEL NÚCLEO URBANO DE LA PARROQUIA SAN LORENZO, PREVIO INFORME DEL ARQ. PATRICIO LEÓ", "observac_1": null, "barrio": "BARRIO CENTRAL", "parroquia_": 7, "barrio_id": 1180, "proceso": 0, "fecha_regi": null, "activo_cat": "SI", "desactivad": 0, "avaluo_rem": 0.0, "avaluo_r_1": 0.0, "clasificac": "POR LEGALIZAR", "anio_deuda": 0, "deuda": 0.0, "valor_ip": 0.0, "coactiva": null, "ficharegis": 0, "etam": 0.1157462452, "diferencia": 0.0044922517, "porc_difer": 1.50459e-05, "admisible": 1, "deuda_anio": 0.0, "id_1": 106103, "lote_id_1": 110200, "clavecat_1": "6-09-34-08-000", "Clave_Ok": "6-09-34-08-000", "zona_1": 6, "sector_1": 9, "manzana_1": 34, "lote_1": 8, "ph_1": 0, "propieta_1": null, "document_1": 0.0, "direccio_1": "PARROQUIA SAN LORENZO  - N?ÜCLEO URBANO - CENTRAL - MZ 07 LOTE 07", "area_m2_1": 298.57, "frente_u_1": 17.8, "frente_t_1": 17.8, "avaluo_c_1": 688.53, "avaluo_s_1": 11942.8, "zonaurba_1": "N?ÜCLEOS URBANOS EN ZONA RURAL", "parroqui_1": "SAN LORENZO", "esta_blo_1": "NO", "es_terce_1": "NO", "tiene_el_1": "SI", "tiene_ag_1": "NO", "tiene_al_1": "NO", "observac_2": "SE CREA LA CLAVE CATASTRAL 6-09-34-08-000 A FAVOR DEL GOBIERNO AUTONOMO DESCENTRALIZADO DEL CANTON MANTA CON FINES DE LEGALIZACI?ôN, PREDIO UBICADO EN EL BARRIO CENTRAL DEL N?ÜCLEO URBANO DE LA PARROQUIA SAN LORENZO, PREVIO INFORME DEL ARQ. PATRICIO LE", "observac_3": null, "barrio_1": "BARRIO CENTRAL", "parroquia1": 7, "barrio_i_1": 1180, "proceso_1": 0, "fecha_re_1": null, "activo_c_1": "SI", "desactiv_1": 0, "avaluo_r_2": 0.0, "avaluo_r_3": 0.0, "clasific_1": "POR LEGALIZAR", "anio_deu_1": 0, "deuda_1": 0.0, "valor_ip_1": 0.0, "coactiva_1": null, "fichareg_1": 0, "etam_1": 0.1157462452, "diferenc_1": 0.0044922517, "porc_dif_1": 1.50459e-05, "admisibl_1": "VERDADERO", "deuda_an_1": 0.0, "RESOLUCION": "609-21-05-2026" }, "geometry": { "type": "MultiPolygon", "coordinates": [ [ [ [ -80.904978767847965, -1.066845102652447 ], [ -80.905105352097394, -1.06675017211549 ], [ -80.905121790082433, -1.066773070401796 ], [ -80.905193617031372, -1.06672418767986 ], [ -80.905120281723001, -1.066658913484786 ], [ -80.905075744211459, -1.066714107625194 ], [ -80.905004100318905, -1.066655299494531 ], [ -80.905001017079087, -1.066659382433875 ], [ -80.905003844967325, -1.066661503434274 ], [ -80.904940267291366, -1.066748082106835 ], [ -80.904917846344773, -1.06678304913074 ], [ -80.904927633775358, -1.066789837474507 ], [ -80.904978767847965, -1.066845102652447 ] ] ] ] } },
{ "type": "Feature", "properties": { "id": 106106, "lote_id": 110086, "clavecatas": "6-09-34-12-000", "zona": "6", "sector": "09", "manzana": "34", "lote": "12", "ph": "000", "propietari": "REYES HUGO AMADO", "documentop": "1300057146", "direccion": "PARROQUIA RURAL SAN LORENZO - NÚCLEO URBANO - CENTRAL - MZ 07 LOTE 15", "area_m2": 282.37, "frente_uti": 12.7, "frente_tot": 31.85, "avaluo_con": 43824.99, "avaluo_sue": 9148.79, "zonaurbano": "NÚCLEOS URBANOS EN ZONA RURAL", "parroquia": "SAN LORENZO", "esta_bloqu": "NO", "es_tercera": "NO", "tiene_elec": "SI", "tiene_agua": "NO", "tiene_alca": "NO", "observacio": "SE CREA LA CLAVE CATASTRAL 6-09-34-12-000 A FAVOR DE REYES HUGO AMADO CON FINES DE LEGALIZACIÓN, PREDIO UBICADO EN EL BARRIO CENTRAL SAN LORENZO DEL NÚCLEO URBANO DE LA PARROQUIA SAN LORENZO, PREVIO INFORME DEL ARQ. PATRICIO LEÓN MURILLO.-SE ACTUALIZA", "observac_1": null, "barrio": "BARRIO CENTRAL", "parroquia_": 7, "barrio_id": 1180, "proceso": 0, "fecha_regi": null, "activo_cat": "SI", "desactivad": 0, "avaluo_rem": 0.0, "avaluo_r_1": 0.0, "clasificac": "GENERAL", "anio_deuda": 0, "deuda": 0.0, "valor_ip": 0.0, "coactiva": null, "ficharegis": 92702, "etam": 0.1190202118, "diferencia": 0.0008883042, "porc_difer": 3.1459e-06, "admisible": 1, "deuda_anio": 0.0, "id_1": 106106, "lote_id_1": 110086, "clavecat_1": "6-09-34-12-000", "Clave_Ok": "6-09-34-12-000", "zona_1": 6, "sector_1": 9, "manzana_1": 34, "lote_1": 12, "ph_1": 0, "propieta_1": "REYES HUGO AMADO", "document_1": 1300057146.0, "direccio_1": "PARROQUIA RURAL SAN LORENZO - N?ÜCLEO URBANO - CENTRAL - MZ 07 LOTE 15", "area_m2_1": 282.37, "frente_u_1": 12.7, "frente_t_1": 31.85, "avaluo_c_1": 43824.99, "avaluo_s_1": 9148.79, "zonaurba_1": "N?ÜCLEOS URBANOS EN ZONA RURAL", "parroqui_1": "SAN LORENZO", "esta_blo_1": "NO", "es_terce_1": "NO", "tiene_el_1": "SI", "tiene_ag_1": "NO", "tiene_al_1": "NO", "observac_2": "SE CREA LA CLAVE CATASTRAL 6-09-34-12-000 A FAVOR DE REYES HUGO AMADO CON FINES DE LEGALIZACI?ôN, PREDIO UBICADO EN EL BARRIO CENTRAL SAN LORENZO DEL N?ÜCLEO URBANO DE LA PARROQUIA SAN LORENZO, PREVIO INFORME DEL ARQ. PATRICIO LE?ôN MURILLO.-SE ACTUAL", "observac_3": null, "barrio_1": "BARRIO CENTRAL", "parroquia1": 7, "barrio_i_1": 1180, "proceso_1": 0, "fecha_re_1": null, "activo_c_1": "SI", "desactiv_1": 0, "avaluo_r_2": 0.0, "avaluo_r_3": 0.0, "clasific_1": "GENERAL", "anio_deu_1": 0, "deuda_1": 0.0, "valor_ip_1": 0.0, "coactiva_1": null, "fichareg_1": 92702, "etam_1": 0.1190202118, "diferenc_1": 0.0008883042, "porc_dif_1": 3.1459e-06, "admisibl_1": "VERDADERO", "deuda_an_1": 0.0, "RESOLUCION": "610-21-05-2026" }, "geometry": { "type": "MultiPolygon", "coordinates": [ [ [ [ -80.905264940447466, -1.066798934038362 ], [ -80.905251864387793, -1.066784611643482 ], [ -80.905235870396737, -1.066798027946591 ], [ -80.905191409045344, -1.06675845384767 ], [ -80.905115241593435, -1.066810290551882 ], [ -80.905133219974275, -1.066837055367899 ], [ -80.905029137607144, -1.066912402217449 ], [ -80.905086968030972, -1.066996726638448 ], [ -80.905196741826487, -1.066965345333783 ], [ -80.905145903505769, -1.066891383913361 ], [ -80.905197668993779, -1.06685536361808 ], [ -80.905264940447466, -1.066798934038362 ] ] ] ] } },
{ "type": "Feature", "properties": { "id": 106107, "lote_id": 110195, "clavecatas": "6-09-34-14-000", "zona": "6", "sector": "09", "manzana": "34", "lote": "14", "ph": "000", "propietari": null, "documentop": null, "direccion": "PARROQUIA SAN LORENZO  - NÚCLEO URBANO - CENTRAL - MZ 07 LOTE 11", "area_m2": 238.3, "frente_uti": 8.26, "frente_tot": 25.59, "avaluo_con": 46892.18, "avaluo_sue": 9532.0, "zonaurbano": "NÚCLEOS URBANOS EN ZONA RURAL", "parroquia": "SAN LORENZO", "esta_bloqu": "NO", "es_tercera": "NO", "tiene_elec": "SI", "tiene_agua": "NO", "tiene_alca": "NO", "observacio": "SE CREA LA CLAVE CATASTRAL 6-09-34-14-000 A FAVOR DEL GOBIERNO AUTONOMO DESCENTRALIZADO DEL CANTON MANTA CON FINES DE LEGALIZACIÓN, PREDIO UBICADO EN EL BARRIO CENTRAL DEL NÚCLEO URBANO DE LA PARROQUIA SAN LORENZO, PREVIO INFORME DEL ARQ. PATRICIO LEÓ", "observac_1": null, "barrio": "BARRIO CENTRAL", "parroquia_": 7, "barrio_id": 1180, "proceso": 0, "fecha_regi": null, "activo_cat": "SI", "desactivad": 0, "avaluo_rem": 0.0, "avaluo_r_1": 0.0, "clasificac": "POR LEGALIZAR", "anio_deuda": 0, "deuda": 0.0, "valor_ip": 0.0, "coactiva": null, "ficharegis": 0, "etam": 0.1295591155, "diferencia": -0.0003103261, "porc_difer": -1.3022e-06, "admisible": 1, "deuda_anio": 0.0, "id_1": 106107, "lote_id_1": 110195, "clavecat_1": "6-09-34-14-000", "Clave_Ok": "6-09-34-14-000", "zona_1": 6, "sector_1": 9, "manzana_1": 34, "lote_1": 14, "ph_1": 0, "propieta_1": null, "document_1": 0.0, "direccio_1": "PARROQUIA SAN LORENZO  - N?ÜCLEO URBANO - CENTRAL - MZ 07 LOTE 11", "area_m2_1": 238.3, "frente_u_1": 8.26, "frente_t_1": 25.59, "avaluo_c_1": 46892.18, "avaluo_s_1": 9532.0, "zonaurba_1": "N?ÜCLEOS URBANOS EN ZONA RURAL", "parroqui_1": "SAN LORENZO", "esta_blo_1": "NO", "es_terce_1": "NO", "tiene_el_1": "SI", "tiene_ag_1": "NO", "tiene_al_1": "NO", "observac_2": "SE CREA LA CLAVE CATASTRAL 6-09-34-14-000 A FAVOR DEL GOBIERNO AUTONOMO DESCENTRALIZADO DEL CANTON MANTA CON FINES DE LEGALIZACI?ôN, PREDIO UBICADO EN EL BARRIO CENTRAL DEL N?ÜCLEO URBANO DE LA PARROQUIA SAN LORENZO, PREVIO INFORME DEL ARQ. PATRICIO LE", "observac_3": null, "barrio_1": "BARRIO CENTRAL", "parroquia1": 7, "barrio_i_1": 1180, "proceso_1": 0, "fecha_re_1": null, "activo_c_1": "SI", "desactiv_1": 0, "avaluo_r_2": 0.0, "avaluo_r_3": 0.0, "clasific_1": "POR LEGALIZAR", "anio_deu_1": 0, "deuda_1": 0.0, "valor_ip_1": 0.0, "coactiva_1": null, "fichareg_1": 0, "etam_1": 0.1295591155, "diferenc_1": -0.0003103261, "porc_dif_1": -1.3022e-06, "admisibl_1": "VERDADERO", "deuda_an_1": 0.0, "RESOLUCION": "609-21-05-2026" }, "geometry": { "type": "MultiPolygon", "coordinates": [ [ [ [ -80.904824769180934, -1.067424352354126 ], [ -80.904676999150226, -1.067332120442014 ], [ -80.904625637420253, -1.067409290815477 ], [ -80.904708964819179, -1.067529167581364 ], [ -80.904824769180934, -1.067424352354126 ] ] ] ] } },
{ "type": "Feature", "properties": { "id": 106125, "lote_id": 110083, "clavecatas": "6-09-37-04-000", "zona": "6", "sector": "09", "manzana": "37", "lote": "04", "ph": "000", "propietari": "REYES TIGUA ARON COLON", "documentop": "1300101498", "direccion": "PARROQUIA RURAL SAN LORENZO  - NÚCLEO URBANO - MIRAFLORES - MZ 03 LOTE 06", "area_m2": 258.04, "frente_uti": 10.3, "frente_tot": 38.6, "avaluo_con": 13302.11, "avaluo_sue": 8360.5, "zonaurbano": "NÚCLEOS URBANOS EN ZONA RURAL", "parroquia": "SAN LORENZO", "esta_bloqu": "NO", "es_tercera": "NO", "tiene_elec": "SI", "tiene_agua": "NO", "tiene_alca": "NO", "observacio": "SE CREA LA CLAVE CATASTRAL 6-09-37-04-000 A FAVOR DE REYES TIGUA ARON COLON CON FINES DE LEGALIZACIÓN, PREDIO UBICADO EN EL BARRIO MIRAFLORES DEL NÚCLEO URBANO DE LA PARROQUIA SAN LORENZO, PREVIO INFORME DEL ARQ. PATRICIO LEÓN MURILLO.SE ACTUALIZA INF", "observac_1": null, "barrio": "MIRAFLORES", "parroquia_": 7, "barrio_id": 217, "proceso": 0, "fecha_regi": null, "activo_cat": "SI", "desactivad": 0, "avaluo_rem": 0.0, "avaluo_r_1": 0.0, "clasificac": "GENERAL", "anio_deuda": 0, "deuda": 0.0, "valor_ip": 0.0, "coactiva": null, "ficharegis": 93062, "etam": 0.1245049101, "diferencia": 0.0007346318, "porc_difer": 2.847e-06, "admisible": 1, "deuda_anio": 0.0, "id_1": 106125, "lote_id_1": 110083, "clavecat_1": "6-09-37-04-000", "Clave_Ok": "6-09-37-04-000", "zona_1": 6, "sector_1": 9, "manzana_1": 37, "lote_1": 4, "ph_1": 0, "propieta_1": "REYES TIGUA ARON COLON", "document_1": 1300101498.0, "direccio_1": "PARROQUIA RURAL SAN LORENZO  - N?ÜCLEO URBANO - MIRAFLORES - MZ 03 LOTE 06", "area_m2_1": 258.04, "frente_u_1": 10.3, "frente_t_1": 38.6, "avaluo_c_1": 13302.11, "avaluo_s_1": 8360.5, "zonaurba_1": "N?ÜCLEOS URBANOS EN ZONA RURAL", "parroqui_1": "SAN LORENZO", "esta_blo_1": "NO", "es_terce_1": "NO", "tiene_el_1": "SI", "tiene_ag_1": "NO", "tiene_al_1": "NO", "observac_2": "SE CREA LA CLAVE CATASTRAL 6-09-37-04-000 A FAVOR DE REYES TIGUA ARON COLON CON FINES DE LEGALIZACI?ôN, PREDIO UBICADO EN EL BARRIO MIRAFLORES DEL N?ÜCLEO URBANO DE LA PARROQUIA SAN LORENZO, PREVIO INFORME DEL ARQ. PATRICIO LE?ôN MURILLO.SE ACTUALIZA", "observac_3": null, "barrio_1": "MIRAFLORES", "parroquia1": 7, "barrio_i_1": 217, "proceso_1": 0, "fecha_re_1": null, "activo_c_1": "SI", "desactiv_1": 0, "avaluo_r_2": 0.0, "avaluo_r_3": 0.0, "clasific_1": "GENERAL", "anio_deu_1": 0, "deuda_1": 0.0, "valor_ip_1": 0.0, "coactiva_1": null, "fichareg_1": 93062, "etam_1": 0.1245049101, "diferenc_1": 0.0007346318, "porc_dif_1": 2.847e-06, "admisibl_1": "VERDADERO", "deuda_an_1": 0.0, "RESOLUCION": "610-21-05-2026" }, "geometry": { "type": "MultiPolygon", "coordinates": [ [ [ [ -80.905515557858493, -1.067308155472191 ], [ -80.905466981548628, -1.067228826635383 ], [ -80.905330237096678, -1.06731131219573 ], [ -80.905282325604773, -1.067327241702397 ], [ -80.905289221013192, -1.0674243366229 ], [ -80.905420751978639, -1.067363600035465 ], [ -80.905515557858493, -1.067308155472191 ] ] ] ] } },
{ "type": "Feature", "properties": { "id": 106126, "lote_id": 110084, "clavecatas": "6-09-37-05-000", "zona": "6", "sector": "09", "manzana": "37", "lote": "05", "ph": "000", "propietari": "REYES RIVERA LUZ MONSERRATE", "documentop": "1308925849", "direccion": "PARROQUIA RURAL SAN LORENZO - NÚCLEO URBANO - MIRAFLORES - MZ 03 LOTE 07", "area_m2": 258.03, "frente_uti": 9.31, "frente_tot": 9.31, "avaluo_con": 7081.87, "avaluo_sue": 8360.17, "zonaurbano": "NÚCLEOS URBANOS EN ZONA RURAL", "parroquia": "SAN LORENZO", "esta_bloqu": "NO", "es_tercera": "NO", "tiene_elec": "SI", "tiene_agua": "NO", "tiene_alca": "NO", "observacio": "SE CREA LA CLAVE CATASTRAL 6-09-37-05-000 A FAVOR DE REYES RIVERA LUZ MONSERRATE CON FINES DE LEGALIZACIÓN, PREDIO UBICADO EN EL BARRIO MIRAFLORES DEL NÚCLEO URBANO DE LA PARROQUIA SAN LORENZO, PREVIO INFORME DEL ARQ. PATRICIO LEÓN MURILLO.SE ACTUALIZ", "observac_1": null, "barrio": "MIRAFLORES", "parroquia_": 7, "barrio_id": 217, "proceso": 0, "fecha_regi": null, "activo_cat": "SI", "desactivad": 0, "avaluo_rem": 0.0, "avaluo_r_1": 0.0, "clasificac": "GENERAL", "anio_deuda": 0, "deuda": 0.0, "valor_ip": 0.0, "coactiva": null, "ficharegis": 93058, "etam": 0.1245073227, "diferencia": 0.0944039202, "porc_difer": 0.0003658641, "admisible": 1, "deuda_anio": 0.0, "id_1": 106126, "lote_id_1": 110084, "clavecat_1": "6-09-37-05-000", "Clave_Ok": "6-09-37-05-000", "zona_1": 6, "sector_1": 9, "manzana_1": 37, "lote_1": 5, "ph_1": 0, "propieta_1": "REYES RIVERA LUZ MONSERRATE", "document_1": 1308925849.0, "direccio_1": "PARROQUIA RURAL SAN LORENZO - N?ÜCLEO URBANO - MIRAFLORES - MZ 03 LOTE 07", "area_m2_1": 258.03, "frente_u_1": 9.31, "frente_t_1": 9.31, "avaluo_c_1": 7081.87, "avaluo_s_1": 8360.17, "zonaurba_1": "N?ÜCLEOS URBANOS EN ZONA RURAL", "parroqui_1": "SAN LORENZO", "esta_blo_1": "NO", "es_terce_1": "NO", "tiene_el_1": "SI", "tiene_ag_1": "NO", "tiene_al_1": "NO", "observac_2": "SE CREA LA CLAVE CATASTRAL 6-09-37-05-000 A FAVOR DE REYES RIVERA LUZ MONSERRATE CON FINES DE LEGALIZACI?ôN, PREDIO UBICADO EN EL BARRIO MIRAFLORES DEL N?ÜCLEO URBANO DE LA PARROQUIA SAN LORENZO, PREVIO INFORME DEL ARQ. PATRICIO LE?ôN MURILLO.SE ACTUA", "observac_3": null, "barrio_1": "MIRAFLORES", "parroquia1": 7, "barrio_i_1": 217, "proceso_1": 0, "fecha_re_1": null, "activo_c_1": "SI", "desactiv_1": 0, "avaluo_r_2": 0.0, "avaluo_r_3": 0.0, "clasific_1": "GENERAL", "anio_deu_1": 0, "deuda_1": 0.0, "valor_ip_1": 0.0, "coactiva_1": null, "fichareg_1": 93058, "etam_1": 0.1245073227, "diferenc_1": 0.0944039202, "porc_dif_1": 0.0003658641, "admisibl_1": "VERDADERO", "deuda_an_1": 0.0, "RESOLUCION": "610-21-05-2026" }, "geometry": { "type": "MultiPolygon", "coordinates": [ [ [ [ -80.905466981548628, -1.067228826635383 ], [ -80.905423091643357, -1.067157151052522 ], [ -80.905333070317425, -1.067166990974115 ], [ -80.905272923828662, -1.067185580332078 ], [ -80.905282325604773, -1.067327241702397 ], [ -80.905330237096678, -1.06731131219573 ], [ -80.905466981548628, -1.067228826635383 ] ] ] ] } },
{ "type": "Feature", "properties": { "id": 106127, "lote_id": 110085, "clavecatas": "6-09-37-06-000", "zona": "6", "sector": "09", "manzana": "37", "lote": "06", "ph": "000", "propietari": "TRIVIÑO RUPERTI ARELIS YELENA", "documentop": "1317089330", "direccion": "PARROQUIA RURAL SAN LORENZO - NÚCLEO URBANO - MIRAFLORES - MZ 03 LOTE 09", "area_m2": 114.25, "frente_uti": 11.57, "frente_tot": 25.69, "avaluo_con": 9229.42, "avaluo_sue": 3331.53, "zonaurbano": "NÚCLEOS URBANOS EN ZONA RURAL", "parroquia": "SAN LORENZO", "esta_bloqu": "NO", "es_tercera": "NO", "tiene_elec": "SI", "tiene_agua": "NO", "tiene_alca": "NO", "observacio": "SE CREA LA CLAVE CATASTRAL 6-09-37-06-000 A FAVOR DE TRIVIÑO RUPERTI ARELIS YELENA CON FINES DE LEGALIZACIÓN, PREDIO UBICADO EN EL BARRIO MIRAFLORES DEL NÚCLEO URBANO DE LA PARROQUIA SAN LORENZO, PREVIO INFORME DEL ARQ. PATRICIO LEÓN MURILLO.SE ACTUA", "observac_1": null, "barrio": "MIRAFLORES", "parroquia_": 7, "barrio_id": 217, "proceso": 0, "fecha_regi": null, "activo_cat": "SI", "desactivad": 0, "avaluo_rem": 0.0, "avaluo_r_1": 0.0, "clasificac": "GENERAL", "anio_deuda": 0, "deuda": 0.0, "valor_ip": 0.0, "coactiva": null, "ficharegis": 92673, "etam": 0.0935560539, "diferencia": 0.0014069135, "porc_difer": 1.23143e-05, "admisible": 1, "deuda_anio": 0.0, "id_1": 106127, "lote_id_1": 110085, "clavecat_1": "6-09-37-06-000", "Clave_Ok": "6-09-37-06-000", "zona_1": 6, "sector_1": 9, "manzana_1": 37, "lote_1": 6, "ph_1": 0, "propieta_1": "TRIVI?æO RUPERTI ARELIS YELENA", "document_1": 1317089330.0, "direccio_1": "PARROQUIA RURAL SAN LORENZO - N?ÜCLEO URBANO - MIRAFLORES - MZ 03 LOTE 09", "area_m2_1": 114.25, "frente_u_1": 11.57, "frente_t_1": 25.69, "avaluo_c_1": 9229.42, "avaluo_s_1": 3331.53, "zonaurba_1": "N?ÜCLEOS URBANOS EN ZONA RURAL", "parroqui_1": "SAN LORENZO", "esta_blo_1": "NO", "es_terce_1": "NO", "tiene_el_1": "SI", "tiene_ag_1": "NO", "tiene_al_1": "NO", "observac_2": "SE CREA LA CLAVE CATASTRAL 6-09-37-06-000 A FAVOR DE TRIVI?æO RUPERTI ARELIS YELENA CON FINES DE LEGALIZACI?ôN, PREDIO UBICADO EN EL BARRIO MIRAFLORES DEL N?ÜCLEO URBANO DE LA PARROQUIA SAN LORENZO, PREVIO INFORME DEL ARQ. PATRICIO LE?ôN MURILLO.SE A", "observac_3": null, "barrio_1": "MIRAFLORES", "parroquia1": 7, "barrio_i_1": 217, "proceso_1": 0, "fecha_re_1": null, "activo_c_1": "SI", "desactiv_1": 0, "avaluo_r_2": 0.0, "avaluo_r_3": 0.0, "clasific_1": "GENERAL", "anio_deu_1": 0, "deuda_1": 0.0, "valor_ip_1": 0.0, "coactiva_1": null, "fichareg_1": 92673, "etam_1": 0.0935560539, "diferenc_1": 0.0014069135, "porc_dif_1": 1.23143e-05, "admisibl_1": "VERDADERO", "deuda_an_1": 0.0, "RESOLUCION": "610-21-05-2026" }, "geometry": { "type": "MultiPolygon", "coordinates": [ [ [ [ -80.905359675153775, -1.067057827454581 ], [ -80.905303475457259, -1.066969753705983 ], [ -80.905229661416485, -1.067073610528007 ], [ -80.905242656889612, -1.067094917052099 ], [ -80.905266889255017, -1.067115165521065 ], [ -80.905359675153775, -1.067057827454581 ] ] ] ] } },
{ "type": "Feature", "properties": { "id": 106137, "lote_id": 110056, "clavecatas": "6-09-37-23-000", "zona": "6", "sector": "09", "manzana": "37", "lote": "23", "ph": "000", "propietari": "GOBIERNO AUTONOMO DESCENTRALIZADO MUNICIPAL DEL CANTON MANTA .", "documentop": "1360000980001", "direccion": "PARROQUIA RURAL SAN LORENZO - NÚCLEO URBANO - MIRAFLORES - MZ 04 LOTE 06", "area_m2": 105.25, "frente_uti": 10.89, "frente_tot": 20.99, "avaluo_con": 852.12, "avaluo_sue": 4210.0, "zonaurbano": "NÚCLEOS URBANOS EN ZONA RURAL", "parroquia": "SAN LORENZO", "esta_bloqu": "NO", "es_tercera": "NO", "tiene_elec": "SI", "tiene_agua": "NO", "tiene_alca": "NO", "observacio": "SE CREA LA CLAVE CATASTRAL 6-09-37-23-000 A FAVOR DEL GOBIERNO AUTONOMO DESCENTRALIZADO DEL CANTON MANTA CON FINES DE LEGALIZACIÓN, PREDIO UBICADO EN EL BARRIO MIRAFLORES DEL NÚCLEO URBANO DE LA PARROQUIA SAN LORENZO, PREVIO INFORME DEL ARQ. PATRICIO L", "observac_1": null, "barrio": "MIRAFLORES", "parroquia_": 7, "barrio_id": 217, "proceso": 0, "fecha_regi": null, "activo_cat": "SI", "desactivad": 0, "avaluo_rem": 0.0, "avaluo_r_1": 0.0, "clasificac": "POR LEGALIZAR", "anio_deuda": 0, "deuda": 0.0, "valor_ip": 0.0, "coactiva": null, "ficharegis": 0, "etam": 0.0974740358, "diferencia": -0.0028623637, "porc_difer": -2.71959e-05, "admisible": 1, "deuda_anio": 0.0, "id_1": 106137, "lote_id_1": 110056, "clavecat_1": "6-09-37-23-000", "Clave_Ok": "6-09-37-23-000", "zona_1": 6, "sector_1": 9, "manzana_1": 37, "lote_1": 23, "ph_1": 0, "propieta_1": "GOBIERNO AUTONOMO DESCENTRALIZADO MUNICIPAL DEL CANTON MANTA .", "document_1": 1360000980000.0, "direccio_1": "PARROQUIA RURAL SAN LORENZO - N?ÜCLEO URBANO - MIRAFLORES - MZ 04 LOTE 06", "area_m2_1": 105.25, "frente_u_1": 10.89, "frente_t_1": 20.99, "avaluo_c_1": 852.12, "avaluo_s_1": 4210.0, "zonaurba_1": "N?ÜCLEOS URBANOS EN ZONA RURAL", "parroqui_1": "SAN LORENZO", "esta_blo_1": "NO", "es_terce_1": "NO", "tiene_el_1": "SI", "tiene_ag_1": "NO", "tiene_al_1": "NO", "observac_2": "SE CREA LA CLAVE CATASTRAL 6-09-37-23-000 A FAVOR DEL GOBIERNO AUTONOMO DESCENTRALIZADO DEL CANTON MANTA CON FINES DE LEGALIZACI?ôN, PREDIO UBICADO EN EL BARRIO MIRAFLORES DEL N?ÜCLEO URBANO DE LA PARROQUIA SAN LORENZO, PREVIO INFORME DEL ARQ. PATRICIO", "observac_3": null, "barrio_1": "MIRAFLORES", "parroquia1": 7, "barrio_i_1": 217, "proceso_1": 0, "fecha_re_1": null, "activo_c_1": "SI", "desactiv_1": 0, "avaluo_r_2": 0.0, "avaluo_r_3": 0.0, "clasific_1": "POR LEGALIZAR", "anio_deu_1": 0, "deuda_1": 0.0, "valor_ip_1": 0.0, "coactiva_1": null, "fichareg_1": 0, "etam_1": 0.0974740358, "diferenc_1": -0.0028623637, "porc_dif_1": -2.71959e-05, "admisibl_1": "VERDADERO", "deuda_an_1": 0.0, "RESOLUCION": "609-21-05-2026" }, "geometry": { "type": "MultiPolygon", "coordinates": [ [ [ [ -80.904563473917463, -1.067474777246295 ], [ -80.904515422945508, -1.067399533266861 ], [ -80.904436138078339, -1.067457289142016 ], [ -80.904490418880584, -1.067530532774547 ], [ -80.904563473917463, -1.067474777246295 ] ] ] ] } },
{ "type": "Feature", "properties": { "id": 106138, "lote_id": 110082, "clavecatas": "6-09-37-28-000", "zona": "6", "sector": "09", "manzana": "37", "lote": "28", "ph": "000", "propietari": "GOBIERNO AUTONOMO DESCENTRALIZADO MUNICIPAL DEL CANTON MANTA .", "documentop": "1360000980001", "direccion": "PARROQUIA RURAL SAN LORENZO  - NÚCLEO URBANO - MIRAFLORES - MZ 04 LOTE 12", "area_m2": 63.09, "frente_uti": 7.63, "frente_tot": 23.88, "avaluo_con": 7182.44, "avaluo_sue": 2271.24, "zonaurbano": "NÚCLEOS URBANOS EN ZONA RURAL", "parroquia": "SAN LORENZO", "esta_bloqu": "NO", "es_tercera": "NO", "tiene_elec": "SI", "tiene_agua": "NO", "tiene_alca": "NO", "observacio": "SE CREA LA CLAVE CATASTRAL 6-09-37-28-000 A FAVOR DE REYES VILLAMAR ISIDRO VICENTE CON FINES DE LEGALIZACIÓN, PREDIO UBICADO EN EL BARRIO MIRAFLORES DEL NÚCLEO URBANO DE LA PARROQUIA SAN LORENZO, PREVIO INFORME DEL ARQ. PATRICIO LEÓN MURILLO", "observac_1": null, "barrio": "MIRAFLORES", "parroquia_": 7, "barrio_id": 217, "proceso": 0, "fecha_regi": null, "activo_cat": "SI", "desactivad": 0, "avaluo_rem": 0.0, "avaluo_r_1": 0.0, "clasificac": "POR LEGALIZAR", "anio_deuda": 0, "deuda": 0.0, "valor_ip": 0.0, "coactiva": null, "ficharegis": 0, "etam": 0.1, "diferencia": 0.0068300024, "porc_difer": 0.0001082581, "admisible": 1, "deuda_anio": 0.0, "id_1": 106138, "lote_id_1": 110082, "clavecat_1": "6-09-37-28-000", "Clave_Ok": "6-09-37-28-000", "zona_1": 6, "sector_1": 9, "manzana_1": 37, "lote_1": 28, "ph_1": 0, "propieta_1": "GOBIERNO AUTONOMO DESCENTRALIZADO MUNICIPAL DEL CANTON MANTA .", "document_1": 1360000980000.0, "direccio_1": "PARROQUIA RURAL SAN LORENZO  - N?ÜCLEO URBANO - MIRAFLORES - MZ 04 LOTE 12", "area_m2_1": 63.09, "frente_u_1": 7.63, "frente_t_1": 23.88, "avaluo_c_1": 7182.44, "avaluo_s_1": 2271.24, "zonaurba_1": "N?ÜCLEOS URBANOS EN ZONA RURAL", "parroqui_1": "SAN LORENZO", "esta_blo_1": "NO", "es_terce_1": "NO", "tiene_el_1": "SI", "tiene_ag_1": "NO", "tiene_al_1": "NO", "observac_2": "SE CREA LA CLAVE CATASTRAL 6-09-37-28-000 A FAVOR DE REYES VILLAMAR ISIDRO VICENTE CON FINES DE LEGALIZACI?ôN, PREDIO UBICADO EN EL BARRIO MIRAFLORES DEL N?ÜCLEO URBANO DE LA PARROQUIA SAN LORENZO, PREVIO INFORME DEL ARQ. PATRICIO LE?ôN MURILLO", "observac_3": null, "barrio_1": "MIRAFLORES", "parroquia1": 7, "barrio_i_1": 217, "proceso_1": 0, "fecha_re_1": null, "activo_c_1": "SI", "desactiv_1": 0, "avaluo_r_2": 0.0, "avaluo_r_3": 0.0, "clasific_1": "POR LEGALIZAR", "anio_deu_1": 0, "deuda_1": 0.0, "valor_ip_1": 0.0, "coactiva_1": null, "fichareg_1": 0, "etam_1": 0.1, "diferenc_1": 0.0068300024, "porc_dif_1": 0.0001082581, "admisibl_1": "VERDADERO", "deuda_an_1": 0.0, "RESOLUCION": "610-21-05-2026" }, "geometry": { "type": "MultiPolygon", "coordinates": [ [ [ [ -80.904842710332616, -1.067888235583274 ], [ -80.904783305545877, -1.067927435550932 ], [ -80.904823831888166, -1.067987212124239 ], [ -80.904882409651862, -1.067951314383495 ], [ -80.904842710332616, -1.067888235583274 ] ] ] ] } },
{ "type": "Feature", "properties": { "id": 106139, "lote_id": 110055, "clavecatas": "6-09-37-29-000", "zona": "6", "sector": "09", "manzana": "37", "lote": "29", "ph": "000", "propietari": "GOBIERNO AUTONOMO DESCENTRALIZADO MUNICIPAL DEL CANTON MANTA .", "documentop": "1360000980001", "direccion": "PARROQUIA RURAL SAN LORENZO - NÚCLEO URBANO - MIRAFLORES - MZ 05 LOTE 01", "area_m2": 132.79, "frente_uti": 9.02, "frente_tot": 37.73, "avaluo_con": 10660.59, "avaluo_sue": 5311.6, "zonaurbano": "NÚCLEOS URBANOS EN ZONA RURAL", "parroquia": "SAN LORENZO", "esta_bloqu": "NO", "es_tercera": "NO", "tiene_elec": "SI", "tiene_agua": "NO", "tiene_alca": "NO", "observacio": "\"SE CREA LA CLAVE CATASTRAL 6-09-37-29-000 A FAVOR DEL GOBIERNO AUTONOMO DESCENTRALIZADO DEL CANTON MANTA CON FINES DE LEGALIZACIÓN, PREDIO UBICADO EN EL BARRIO MIRAFLORES DEL NÚCLEO URBANO DE LA PARROQUIA SAN LORENZO, PREVIO INFORME DEL ARQ. PATRICIO", "observac_1": null, "barrio": "MIRAFLORES", "parroquia_": 7, "barrio_id": 217, "proceso": 0, "fecha_regi": null, "activo_cat": "SI", "desactivad": 0, "avaluo_rem": 0.0, "avaluo_r_1": 0.0, "clasificac": "POR LEGALIZAR", "anio_deuda": 0, "deuda": 0.0, "valor_ip": 0.0, "coactiva": null, "ficharegis": 0, "etam": 0.0867795342, "diferencia": 0.0029935541, "porc_difer": 2.25435e-05, "admisible": 1, "deuda_anio": 0.0, "id_1": 106139, "lote_id_1": 110055, "clavecat_1": "6-09-37-29-000", "Clave_Ok": "6-09-37-29-000", "zona_1": 6, "sector_1": 9, "manzana_1": 37, "lote_1": 29, "ph_1": 0, "propieta_1": "GOBIERNO AUTONOMO DESCENTRALIZADO MUNICIPAL DEL CANTON MANTA .", "document_1": 1360000980000.0, "direccio_1": "PARROQUIA RURAL SAN LORENZO - N?ÜCLEO URBANO - MIRAFLORES - MZ 05 LOTE 01", "area_m2_1": 132.79, "frente_u_1": 9.02, "frente_t_1": 37.73, "avaluo_c_1": 10660.59, "avaluo_s_1": 5311.6, "zonaurba_1": "N?ÜCLEOS URBANOS EN ZONA RURAL", "parroqui_1": "SAN LORENZO", "esta_blo_1": "NO", "es_terce_1": "NO", "tiene_el_1": "SI", "tiene_ag_1": "NO", "tiene_al_1": "NO", "observac_2": "\"SE CREA LA CLAVE CATASTRAL 6-09-37-29-000 A FAVOR DEL GOBIERNO AUTONOMO DESCENTRALIZADO DEL CANTON MANTA CON FINES DE LEGALIZACI?ôN, PREDIO UBICADO EN EL BARRIO MIRAFLORES DEL N?ÜCLEO URBANO DE LA PARROQUIA SAN LORENZO, PREVIO INFORME DEL ARQ. PATRICI", "observac_3": null, "barrio_1": "MIRAFLORES", "parroquia1": 7, "barrio_i_1": 217, "proceso_1": 0, "fecha_re_1": null, "activo_c_1": "SI", "desactiv_1": 0, "avaluo_r_2": 0.0, "avaluo_r_3": 0.0, "clasific_1": "POR LEGALIZAR", "anio_deu_1": 0, "deuda_1": 0.0, "valor_ip_1": 0.0, "coactiva_1": null, "fichareg_1": 0, "etam_1": 0.0867795342, "diferenc_1": 0.0029935541, "porc_dif_1": 2.25435e-05, "admisibl_1": "VERDADERO", "deuda_an_1": 0.0, "RESOLUCION": "609-21-05-2026" }, "geometry": { "type": "MultiPolygon", "coordinates": [ [ [ [ -80.904730068101642, -1.067888405890598 ], [ -80.904660456580459, -1.067938750624635 ], [ -80.904737028083574, -1.068038667751876 ], [ -80.904806891275626, -1.067997259152225 ], [ -80.904730068101642, -1.067888405890598 ] ] ] ] } },
{ "type": "Feature", "properties": { "id": 106155, "lote_id": 73203, "clavecatas": "6-09-41-01-000", "zona": "6", "sector": "09", "manzana": "41", "lote": "01", "ph": "000", "propietari": "GOBIERNO AUTONOMO DESCENTRALIZADO MUNICIPAL DEL CANTON MANTA .", "documentop": "1360000980001", "direccion": "P. SAN LORENZO", "area_m2": 79.5, "frente_uti": 5.3, "frente_tot": 0.0, "avaluo_con": 0.0, "avaluo_sue": 3180.0, "zonaurbano": "RURAL", "parroquia": "SAN LORENZO", "esta_bloqu": "NO", "es_tercera": "NO", "tiene_elec": "NO", "tiene_agua": "NO", "tiene_alca": "NO", "observacio": "Ing. Nuevo sin escritura para la el MDV. INF. Patricio Leon Junio 11/07 mr 2.752-07", "observac_1": null, "barrio": "SAN LORENZO", "parroquia_": 1, "barrio_id": 910, "proceso": 1, "fecha_regi": null, "activo_cat": "SI", "desactivad": 0, "avaluo_rem": 0.0, "avaluo_r_1": 0.0, "clasificac": "DEPURACION CATASTRO", "anio_deuda": 0, "deuda": 0.0, "valor_ip": 0.0, "coactiva": null, "ficharegis": 0, "etam": 0.1, "diferencia": 22.150073752499999, "porc_difer": 0.2786172799, "admisible": 0, "deuda_anio": 0.0, "id_1": 106155, "lote_id_1": 73203, "clavecat_1": "6-09-41-01-000", "Clave_Ok": "6-09-41-01-000", "zona_1": 6, "sector_1": 9, "manzana_1": 41, "lote_1": 1, "ph_1": 0, "propieta_1": "GOBIERNO AUTONOMO DESCENTRALIZADO MUNICIPAL DEL CANTON MANTA .", "document_1": 1360000980000.0, "direccio_1": "P. SAN LORENZO", "area_m2_1": 79.5, "frente_u_1": 5.3, "frente_t_1": 0.0, "avaluo_c_1": 0.0, "avaluo_s_1": 3180.0, "zonaurba_1": "RURAL", "parroqui_1": "SAN LORENZO", "esta_blo_1": "NO", "es_terce_1": "NO", "tiene_el_1": "NO", "tiene_ag_1": "NO", "tiene_al_1": "NO", "observac_2": "Ing. Nuevo sin escritura para la el MDV. INF. Patricio Leon Junio 11/07 mr 2.752-07", "observac_3": null, "barrio_1": "SAN LORENZO", "parroquia1": 1, "barrio_i_1": 910, "proceso_1": 1, "fecha_re_1": null, "activo_c_1": "SI", "desactiv_1": 0, "avaluo_r_2": 0.0, "avaluo_r_3": 0.0, "clasific_1": "DEPURACION CATASTRO", "anio_deu_1": 0, "deuda_1": 0.0, "valor_ip_1": 0.0, "coactiva_1": null, "fichareg_1": 0, "etam_1": 0.1, "diferenc_1": 22.150073752499999, "porc_dif_1": 0.2786172799, "admisibl_1": "FALSO", "deuda_an_1": 0.0, "RESOLUCION": "609-21-05-2026" }, "geometry": { "type": "MultiPolygon", "coordinates": [ [ [ [ -80.9056280690194, -1.067963610618008 ], [ -80.905619988076396, -1.067901888868886 ], [ -80.905538571170581, -1.067977958071641 ], [ -80.905578461324879, -1.068012764518109 ], [ -80.9056280690194, -1.067963610618008 ] ] ] ] } },
{ "type": "Feature", "properties": { "id": 106166, "lote_id": 110338, "clavecatas": "6-09-41-31-000", "zona": "6", "sector": "09", "manzana": "41", "lote": "31", "ph": "000", "propietari": "MONTALVAN CALDERON MIRIAN ELIZABETH", "documentop": "1306338961", "direccion": "PARROQUIA SAN LORENZO, BARRIO BELLAVISTA, MANZANA 01 LOTE 20", "area_m2": 122.87, "frente_uti": 9.8, "frente_tot": 31.51, "avaluo_con": 44664.75, "avaluo_sue": 6192.65, "zonaurbano": "NÚCLEOS URBANOS EN ZONA RURAL", "parroquia": "SAN LORENZO", "esta_bloqu": "NO", "es_tercera": "NO", "tiene_elec": "SI", "tiene_agua": "SI", "tiene_alca": "NO", "observacio": "SE CREA LA CLAVE CATASTRAL 6-09-41-31-000 A FAVOR DE LOPEZ CALDERON OSCAR IVAN CON FINES DE LEGALIZACIÓN, PREDIO UBICADO EN EL BARRIO BELLAVISTA DEL NÚCLEO URBANO DE LA PARROQUIA SAN LORENZO DACC 12/03/2026-SE ACTUALIZA INFORMACION CON ESCRITURA DE ADJ", "observac_1": null, "barrio": "SIN ESPECIFICAR", "parroquia_": 7, "barrio_id": 1165, "proceso": 0, "fecha_regi": null, "activo_cat": "SI", "desactivad": 0, "avaluo_rem": 0.0, "avaluo_r_1": 0.0, "clasificac": "GENERAL", "anio_deuda": 0, "deuda": 0.0, "valor_ip": 0.0, "coactiva": null, "ficharegis": 93066, "etam": 0.0902146505, "diferencia": 2.79203e-05, "porc_difer": 2.272e-07, "admisible": 1, "deuda_anio": 0.0, "id_1": 106166, "lote_id_1": 110338, "clavecat_1": "6-09-41-31-000", "Clave_Ok": "6-09-41-31-000", "zona_1": 6, "sector_1": 9, "manzana_1": 41, "lote_1": 31, "ph_1": 0, "propieta_1": "MONTALVAN CALDERON MIRIAN ELIZABETH", "document_1": 1306338961.0, "direccio_1": "PARROQUIA SAN LORENZO, BARRIO BELLAVISTA, MANZANA 01 LOTE 20", "area_m2_1": 122.87, "frente_u_1": 9.8, "frente_t_1": 31.51, "avaluo_c_1": 44664.75, "avaluo_s_1": 6192.65, "zonaurba_1": "N?ÜCLEOS URBANOS EN ZONA RURAL", "parroqui_1": "SAN LORENZO", "esta_blo_1": "NO", "es_terce_1": "NO", "tiene_el_1": "SI", "tiene_ag_1": "SI", "tiene_al_1": "NO", "observac_2": "SE CREA LA CLAVE CATASTRAL 6-09-41-31-000 A FAVOR DE LOPEZ CALDERON OSCAR IVAN CON FINES DE LEGALIZACI?ôN, PREDIO UBICADO EN EL BARRIO BELLAVISTA DEL N?ÜCLEO URBANO DE LA PARROQUIA SAN LORENZO DACC 12/03/2026-SE ACTUALIZA INFORMACION CON ESCRITURA DE A", "observac_3": null, "barrio_1": "SIN ESPECIFICAR", "parroquia1": 7, "barrio_i_1": 1165, "proceso_1": 0, "fecha_re_1": null, "activo_c_1": "SI", "desactiv_1": 0, "avaluo_r_2": 0.0, "avaluo_r_3": 0.0, "clasific_1": "GENERAL", "anio_deu_1": 0, "deuda_1": 0.0, "valor_ip_1": 0.0, "coactiva_1": null, "fichareg_1": 93066, "etam_1": 0.0902146505, "diferenc_1": 2.79203e-05, "porc_dif_1": 2.272e-07, "admisibl_1": "VERDADERO", "deuda_an_1": 0.0, "RESOLUCION": "610-21-05-2026" }, "geometry": { "type": "MultiPolygon", "coordinates": [ [ [ [ -80.906833316142894, -1.069069882076742 ], [ -80.906766692933388, -1.069033853172294 ], [ -80.906707169122726, -1.069153687171 ], [ -80.906773524959974, -1.069187728285776 ], [ -80.906833316142894, -1.069069882076742 ] ] ] ] } },
{ "type": "Feature", "properties": { "id": 106167, "lote_id": 110339, "clavecatas": "6-09-41-32-000", "zona": "6", "sector": "09", "manzana": "41", "lote": "32", "ph": "000", "propietari": "GOBIERNO AUTONOMO DESCENTRALIZADO  MUNICIPAL MANTA .", "documentop": "1360000980001", "direccion": "PARROQUIA SAN LORENZO, BARRIO BELLAVISTA, MANZANA 01 LOTE 19", "area_m2": 75.97, "frente_uti": 1.77, "frente_tot": 6.59, "avaluo_con": 14576.0, "avaluo_sue": 3876.75, "zonaurbano": "NÚCLEOS URBANOS EN ZONA RURAL", "parroquia": "SAN LORENZO", "esta_bloqu": "NO", "es_tercera": "NO", "tiene_elec": "SI", "tiene_agua": "SI", "tiene_alca": "NO", "observacio": "SE CREA LA CLAVE CATASTRAL 6-09-41-32-000 A FAVOR DE MONTALVAN CALDERON ROSA LUCIA CON FINES DE LEGALIZACIÓN, PREDIO UBICADO EN EL BARRIO BELLAVISTA DEL NÚCLEO URBANO DE LA PARROQUIA SAN LORENZO DACC 12/03/2026", "observac_1": null, "barrio": "SIN ESPECIFICAR - SAN LORENZO", "parroquia_": 7, "barrio_id": 1150, "proceso": 0, "fecha_regi": null, "activo_cat": "SI", "desactivad": 0, "avaluo_rem": 0.0, "avaluo_r_1": 0.0, "clasificac": "POR LEGALIZAR", "anio_deuda": 0, "deuda": 0.0, "valor_ip": 0.0, "coactiva": null, "ficharegis": 0, "etam": 0.1, "diferencia": -0.0160432246, "porc_difer": -0.0002111784, "admisible": 1, "deuda_anio": 0.0, "id_1": 106167, "lote_id_1": 110339, "clavecat_1": "6-09-41-32-000", "Clave_Ok": "6-09-41-32-000", "zona_1": 6, "sector_1": 9, "manzana_1": 41, "lote_1": 32, "ph_1": 0, "propieta_1": "GOBIERNO AUTONOMO DESCENTRALIZADO  MUNICIPAL MANTA .", "document_1": 1360000980000.0, "direccio_1": "PARROQUIA SAN LORENZO, BARRIO BELLAVISTA, MANZANA 01 LOTE 19", "area_m2_1": 75.97, "frente_u_1": 1.77, "frente_t_1": 6.59, "avaluo_c_1": 14576.0, "avaluo_s_1": 3876.75, "zonaurba_1": "N?ÜCLEOS URBANOS EN ZONA RURAL", "parroqui_1": "SAN LORENZO", "esta_blo_1": "NO", "es_terce_1": "NO", "tiene_el_1": "SI", "tiene_ag_1": "SI", "tiene_al_1": "NO", "observac_2": "SE CREA LA CLAVE CATASTRAL 6-09-41-32-000 A FAVOR DE MONTALVAN CALDERON ROSA LUCIA CON FINES DE LEGALIZACI?ôN, PREDIO UBICADO EN EL BARRIO BELLAVISTA DEL N?ÜCLEO URBANO DE LA PARROQUIA SAN LORENZO DACC 12/03/2026", "observac_3": null, "barrio_1": "SIN ESPECIFICAR - SAN LORENZO", "parroquia1": 7, "barrio_i_1": 1150, "proceso_1": 0, "fecha_re_1": null, "activo_c_1": "SI", "desactiv_1": 0, "avaluo_r_2": 0.0, "avaluo_r_3": 0.0, "clasific_1": "POR LEGALIZAR", "anio_deu_1": 0, "deuda_1": 0.0, "valor_ip_1": 0.0, "coactiva_1": null, "fichareg_1": 0, "etam_1": 0.1, "diferenc_1": -0.0160432246, "porc_dif_1": -0.0002111784, "admisibl_1": "VERDADERO", "deuda_an_1": 0.0, "RESOLUCION": "610-21-05-2026" }, "geometry": { "type": "MultiPolygon", "coordinates": [ [ [ [ -80.906885573295185, -1.069181259808989 ], [ -80.906849550825854, -1.069161245662352 ], [ -80.906842469033506, -1.069174159655041 ], [ -80.906793246854946, -1.069148857161816 ], [ -80.906766309375655, -1.069201949934678 ], [ -80.906852790141656, -1.069243274353338 ], [ -80.906885573295185, -1.069181259808989 ] ] ] ] } },
{ "type": "Feature", "properties": { "id": 106168, "lote_id": 110340, "clavecatas": "6-09-41-35-000", "zona": "6", "sector": "09", "manzana": "41", "lote": "35", "ph": "000", "propietari": "LOPEZ PILOZO CRISTINA EVANGELISTA", "documentop": "1306339217", "direccion": "PARROQUIA SAN LORENZO, BARRIO BELLAVISTA, MANZANA 01 LOTE 18", "area_m2": 161.85, "frente_uti": 9.67, "frente_tot": 9.67, "avaluo_con": 67890.56, "avaluo_sue": 8259.21, "zonaurbano": "NÚCLEOS URBANOS EN ZONA RURAL", "parroquia": "SAN LORENZO", "esta_bloqu": "NO", "es_tercera": "NO", "tiene_elec": "SI", "tiene_agua": "SI", "tiene_alca": "NO", "observacio": "SE CREA LA CLAVE CATASTRAL 6-09-41-35-000 A FAVOR DE MONTALVAN CALDERON SANTO SEBASTIAN CON FINES DE LEGALIZACIÓN, PREDIO UBICADO EN EL BARRIO BELLAVISTA DEL NÚCLEO URBANO DE LA PARROQUIA SAN LORENZO DACC 12/03/2026-SE ACTUALIZA INF CON ESCRITURA DE CV", "observac_1": null, "barrio": "SIN ESPECIFICAR - SAN LORENZO", "parroquia_": 7, "barrio_id": 1150, "proceso": 0, "fecha_regi": null, "activo_cat": "SI", "desactivad": 0, "avaluo_rem": 0.0, "avaluo_r_1": 0.0, "clasificac": "GENERAL", "anio_deuda": 0, "deuda": 0.0, "valor_ip": 0.0, "coactiva": null, "ficharegis": 93065, "etam": 0.0786038192, "diferencia": 0.0049211371, "porc_difer": 3.04055e-05, "admisible": 1, "deuda_anio": 0.0, "id_1": 106168, "lote_id_1": 110340, "clavecat_1": "6-09-41-35-000", "Clave_Ok": "6-09-41-35-000", "zona_1": 6, "sector_1": 9, "manzana_1": 41, "lote_1": 35, "ph_1": 0, "propieta_1": "LOPEZ PILOZO CRISTINA EVANGELISTA", "document_1": 1306339217.0, "direccio_1": "PARROQUIA SAN LORENZO, BARRIO BELLAVISTA, MANZANA 01 LOTE 18", "area_m2_1": 161.85, "frente_u_1": 9.67, "frente_t_1": 9.67, "avaluo_c_1": 67890.56, "avaluo_s_1": 8259.21, "zonaurba_1": "N?ÜCLEOS URBANOS EN ZONA RURAL", "parroqui_1": "SAN LORENZO", "esta_blo_1": "NO", "es_terce_1": "NO", "tiene_el_1": "SI", "tiene_ag_1": "SI", "tiene_al_1": "NO", "observac_2": "SE CREA LA CLAVE CATASTRAL 6-09-41-35-000 A FAVOR DE MONTALVAN CALDERON SANTO SEBASTIAN CON FINES DE LEGALIZACI?ôN, PREDIO UBICADO EN EL BARRIO BELLAVISTA DEL N?ÜCLEO URBANO DE LA PARROQUIA SAN LORENZO DACC 12/03/2026-SE ACTUALIZA INF CON ESCRITURA DE", "observac_3": null, "barrio_1": "SIN ESPECIFICAR - SAN LORENZO", "parroquia1": 7, "barrio_i_1": 1150, "proceso_1": 0, "fecha_re_1": null, "activo_c_1": "SI", "desactiv_1": 0, "avaluo_r_2": 0.0, "avaluo_r_3": 0.0, "clasific_1": "GENERAL", "anio_deu_1": 0, "deuda_1": 0.0, "valor_ip_1": 0.0, "coactiva_1": null, "fichareg_1": 93065, "etam_1": 0.0786038192, "diferenc_1": 0.0049211371, "porc_dif_1": 3.04055e-05, "admisibl_1": "VERDADERO", "deuda_an_1": 0.0, "RESOLUCION": "610-21-05-2026" }, "geometry": { "type": "MultiPolygon", "coordinates": [ [ [ [ -80.907005409387267, -1.069162783891465 ], [ -80.906928842179923, -1.069121450298009 ], [ -80.906894653699197, -1.069186123245844 ], [ -80.906885573295185, -1.069181259808989 ], [ -80.906852790141656, -1.069243274353338 ], [ -80.906943274864815, -1.069286512040055 ], [ -80.907005409387267, -1.069162783891465 ] ] ] ] } },
{ "type": "Feature", "properties": { "id": 106202, "lote_id": 110071, "clavecatas": "6-09-45-33-000", "zona": "6", "sector": "09", "manzana": "45", "lote": "33", "ph": "000", "propietari": "GOBIERNO AUTONOMO DESCENTRALIZADO MUNICIPAL DEL CANTON MANTA .", "documentop": "1360000980001", "direccion": "BARRIO BELLAVISTA-PARROQUIA SAN LORENZO MZ 07 LT 06", "area_m2": 78.78, "frente_uti": 7.73, "frente_tot": 17.89, "avaluo_con": 13543.82, "avaluo_sue": 4020.14, "zonaurbano": "NÚCLEOS URBANOS EN ZONA RURAL", "parroquia": "SAN LORENZO", "esta_bloqu": "NO", "es_tercera": "NO", "tiene_elec": "SI", "tiene_agua": "SI", "tiene_alca": "NO", "observacio": "SE CREA LA CLAVE CATASTRAL 6-09-45-33-000 A FAVOR DE CALDERON REYES SANDRA MARIUXI CON FINES DE LEGALIZACIÓN, PREDIO UBICADO EN EL BARRIO EL PARAISO DEL NÚCLEO URBANO DE LA PARROQUIA SAN LORENZO INFO DACC 12/03/2026", "observac_1": null, "barrio": "EL PARAISO", "parroquia_": 7, "barrio_id": 309, "proceso": 0, "fecha_regi": null, "activo_cat": "SI", "desactivad": 0, "avaluo_rem": 0.0, "avaluo_r_1": 0.0, "clasificac": "POR LEGALIZAR", "anio_deuda": 0, "deuda": 0.0, "valor_ip": 0.0, "coactiva": null, "ficharegis": 0, "etam": 0.1, "diferencia": 0.0003863179, "porc_difer": 4.9038e-06, "admisible": 1, "deuda_anio": 0.0, "id_1": 106202, "lote_id_1": 110071, "clavecat_1": "6-09-45-33-000", "Clave_Ok": "6-09-45-33-000", "zona_1": 6, "sector_1": 9, "manzana_1": 45, "lote_1": 33, "ph_1": 0, "propieta_1": "GOBIERNO AUTONOMO DESCENTRALIZADO MUNICIPAL DEL CANTON MANTA .", "document_1": 1360000980000.0, "direccio_1": "BARRIO BELLAVISTA-PARROQUIA SAN LORENZO MZ 07 LT 06", "area_m2_1": 78.78, "frente_u_1": 7.73, "frente_t_1": 17.89, "avaluo_c_1": 13543.82, "avaluo_s_1": 4020.14, "zonaurba_1": "N?ÜCLEOS URBANOS EN ZONA RURAL", "parroqui_1": "SAN LORENZO", "esta_blo_1": "NO", "es_terce_1": "NO", "tiene_el_1": "SI", "tiene_ag_1": "SI", "tiene_al_1": "NO", "observac_2": "SE CREA LA CLAVE CATASTRAL 6-09-45-33-000 A FAVOR DE CALDERON REYES SANDRA MARIUXI CON FINES DE LEGALIZACI?ôN, PREDIO UBICADO EN EL BARRIO EL PARAISO DEL N?ÜCLEO URBANO DE LA PARROQUIA SAN LORENZO INFO DACC 12/03/2026", "observac_3": null, "barrio_1": "EL PARAISO", "parroquia1": 7, "barrio_i_1": 309, "proceso_1": 0, "fecha_re_1": null, "activo_c_1": "SI", "desactiv_1": 0, "avaluo_r_2": 0.0, "avaluo_r_3": 0.0, "clasific_1": "POR LEGALIZAR", "anio_deu_1": 0, "deuda_1": 0.0, "valor_ip_1": 0.0, "coactiva_1": null, "fichareg_1": 0, "etam_1": 0.1, "diferenc_1": 0.0003863179, "porc_dif_1": 4.9038e-06, "admisibl_1": "VERDADERO", "deuda_an_1": 0.0, "RESOLUCION": "610-21-05-2026" }, "geometry": { "type": "MultiPolygon", "coordinates": [ [ [ [ -80.905881887129993, -1.068685537743221 ], [ -80.905796580346561, -1.068652716971245 ], [ -80.905772747679492, -1.068718412262435 ], [ -80.905857944364158, -1.068751630061097 ], [ -80.905881887129993, -1.068685537743221 ] ] ] ] } },
{ "type": "Feature", "properties": { "id": 106212, "lote_id": 110341, "clavecatas": "6-09-46-19-000", "zona": "6", "sector": "09", "manzana": "46", "lote": "19", "ph": "000", "propietari": "GOBIERNO AUTONOMO DESCENTRALIZADO  MUNICIPAL MANTA .", "documentop": "1360000980001", "direccion": "PARROQUIA SAN LORENZO, BARRIO BELLAVISTA, MANZANA 02 LOTE 14", "area_m2": 288.66, "frente_uti": 22.1, "frente_tot": 22.1, "avaluo_con": 94892.97, "avaluo_sue": 18185.58, "zonaurbano": "NÚCLEOS URBANOS EN ZONA RURAL", "parroquia": "SAN LORENZO", "esta_bloqu": "NO", "es_tercera": "NO", "tiene_elec": "SI", "tiene_agua": "SI", "tiene_alca": "NO", "observacio": "SE CREA LA CLAVE CATASTRAL 6-09-46-19-000 A FAVOR DE REYES MONTALVAN FLORITA FILADELFIA CON FINES DE LEGALIZACIÓN, PREDIO UBICADO EN EL BARRIO BELLAVISTA DEL NÚCLEO URBANO DE LA PARROQUIA SAN LORENZO DACC 12/03/2026", "observac_1": null, "barrio": "SIN ESPECIFICAR - SAN LORENZO", "parroquia_": 7, "barrio_id": 1150, "proceso": 0, "fecha_regi": null, "activo_cat": "SI", "desactivad": 0, "avaluo_rem": 0.0, "avaluo_r_1": 0.0, "clasificac": "POR LEGALIZAR", "anio_deuda": 0, "deuda": 0.0, "valor_ip": 0.0, "coactiva": null, "ficharegis": 0, "etam": 0.1177163241, "diferencia": 0.0015290265, "porc_difer": 5.297e-06, "admisible": 1, "deuda_anio": 0.0, "id_1": 106212, "lote_id_1": 110341, "clavecat_1": "6-09-46-19-000", "Clave_Ok": "6-09-46-19-000", "zona_1": 6, "sector_1": 9, "manzana_1": 46, "lote_1": 19, "ph_1": 0, "propieta_1": "GOBIERNO AUTONOMO DESCENTRALIZADO  MUNICIPAL MANTA .", "document_1": 1360000980000.0, "direccio_1": "PARROQUIA SAN LORENZO, BARRIO BELLAVISTA, MANZANA 02 LOTE 14", "area_m2_1": 288.66, "frente_u_1": 22.1, "frente_t_1": 22.1, "avaluo_c_1": 94892.97, "avaluo_s_1": 18185.58, "zonaurba_1": "N?ÜCLEOS URBANOS EN ZONA RURAL", "parroqui_1": "SAN LORENZO", "esta_blo_1": "NO", "es_terce_1": "NO", "tiene_el_1": "SI", "tiene_ag_1": "SI", "tiene_al_1": "NO", "observac_2": "SE CREA LA CLAVE CATASTRAL 6-09-46-19-000 A FAVOR DE REYES MONTALVAN FLORITA FILADELFIA CON FINES DE LEGALIZACI?ôN, PREDIO UBICADO EN EL BARRIO BELLAVISTA DEL N?ÜCLEO URBANO DE LA PARROQUIA SAN LORENZO DACC 12/03/2026", "observac_3": null, "barrio_1": "SIN ESPECIFICAR - SAN LORENZO", "parroquia1": 7, "barrio_i_1": 1150, "proceso_1": 0, "fecha_re_1": null, "activo_c_1": "SI", "desactiv_1": 0, "avaluo_r_2": 0.0, "avaluo_r_3": 0.0, "clasific_1": "POR LEGALIZAR", "anio_deu_1": 0, "deuda_1": 0.0, "valor_ip_1": 0.0, "coactiva_1": null, "fichareg_1": 0, "etam_1": 0.1177163241, "diferenc_1": 0.0015290265, "porc_dif_1": 5.297e-06, "admisibl_1": "VERDADERO", "deuda_an_1": 0.0, "RESOLUCION": "610-21-05-2026" }, "geometry": { "type": "MultiPolygon", "coordinates": [ [ [ [ -80.90713482052773, -1.068729951704773 ], [ -80.906960215435021, -1.068622076089961 ], [ -80.906907229560161, -1.068733666352994 ], [ -80.907079702368421, -1.068826404319373 ], [ -80.90713482052773, -1.068729951704773 ] ] ] ] } },
{ "type": "Feature", "properties": { "id": 106213, "lote_id": 110342, "clavecatas": "6-09-46-20-000", "zona": "6", "sector": "09", "manzana": "46", "lote": "20", "ph": "000", "propietari": "GOBIERNO AUTONOMO DESCENTRALIZADO  MUNICIPAL MANTA .", "documentop": "1360000980001", "direccion": "PARROQUIA SAN LORENZO, BARRIO BELLAVISTA, MANZANA 02 LOTE 13", "area_m2": 77.04, "frente_uti": 5.07, "frente_tot": 5.07, "avaluo_con": 33362.45, "avaluo_sue": 4149.76, "zonaurbano": "NÚCLEOS URBANOS EN ZONA RURAL", "parroquia": "SAN LORENZO", "esta_bloqu": "NO", "es_tercera": "NO", "tiene_elec": "SI", "tiene_agua": "SI", "tiene_alca": "NO", "observacio": "SE CREA LA CLAVE CATASTRAL 6-09-46-20-000 A FAVOR DE ANCHUNDIA RIVERA MAYRA ALEJANDRA CON FINES DE LEGALIZACIÓN, PREDIO UBICADO EN EL BARRIO BELLAVISTA DEL NÚCLEO URBANO DE LA PARROQUIA SAN LORENZO DACC 12/03/2026", "observac_1": null, "barrio": "SIN ESPECIFICAR - SAN LORENZO", "parroquia_": 7, "barrio_id": 1150, "proceso": 0, "fecha_regi": null, "activo_cat": "SI", "desactivad": 0, "avaluo_rem": 0.0, "avaluo_r_1": 0.0, "clasificac": "POR LEGALIZAR", "anio_deuda": 0, "deuda": 0.0, "valor_ip": 0.0, "coactiva": null, "ficharegis": 0, "etam": 0.1, "diferencia": -0.0043162894, "porc_difer": -5.60266e-05, "admisible": 1, "deuda_anio": 0.0, "id_1": 106213, "lote_id_1": 110342, "clavecat_1": "6-09-46-20-000", "Clave_Ok": "6-09-46-20-000", "zona_1": 6, "sector_1": 9, "manzana_1": 46, "lote_1": 20, "ph_1": 0, "propieta_1": "GOBIERNO AUTONOMO DESCENTRALIZADO  MUNICIPAL MANTA .", "document_1": 1360000980000.0, "direccio_1": "PARROQUIA SAN LORENZO, BARRIO BELLAVISTA, MANZANA 02 LOTE 13", "area_m2_1": 77.04, "frente_u_1": 5.07, "frente_t_1": 5.07, "avaluo_c_1": 33362.45, "avaluo_s_1": 4149.76, "zonaurba_1": "N?ÜCLEOS URBANOS EN ZONA RURAL", "parroqui_1": "SAN LORENZO", "esta_blo_1": "NO", "es_terce_1": "NO", "tiene_el_1": "SI", "tiene_ag_1": "SI", "tiene_al_1": "NO", "observac_2": "SE CREA LA CLAVE CATASTRAL 6-09-46-20-000 A FAVOR DE ANCHUNDIA RIVERA MAYRA ALEJANDRA CON FINES DE LEGALIZACI?ôN, PREDIO UBICADO EN EL BARRIO BELLAVISTA DEL N?ÜCLEO URBANO DE LA PARROQUIA SAN LORENZO DACC 12/03/2026", "observac_3": null, "barrio_1": "SIN ESPECIFICAR - SAN LORENZO", "parroquia1": 7, "barrio_i_1": 1150, "proceso_1": 0, "fecha_re_1": null, "activo_c_1": "SI", "desactiv_1": 0, "avaluo_r_2": 0.0, "avaluo_r_3": 0.0, "clasific_1": "POR LEGALIZAR", "anio_deu_1": 0, "deuda_1": 0.0, "valor_ip_1": 0.0, "coactiva_1": null, "fichareg_1": 0, "etam_1": 0.1, "diferenc_1": -0.0043162894, "porc_dif_1": -5.60266e-05, "admisibl_1": "VERDADERO", "deuda_an_1": 0.0, "RESOLUCION": "610-21-05-2026" }, "geometry": { "type": "MultiPolygon", "coordinates": [ [ [ [ -80.906960215435021, -1.068622076089961 ], [ -80.906900746003117, -1.06859216437643 ], [ -80.906888577844299, -1.068620552610521 ], [ -80.906905602187095, -1.068628844789486 ], [ -80.906867069998327, -1.068712072708746 ], [ -80.906907229560161, -1.068733666352994 ], [ -80.906960215435021, -1.068622076089961 ] ] ] ] } },
{ "type": "Feature", "properties": { "id": 106214, "lote_id": 110343, "clavecatas": "6-09-46-23-000", "zona": "6", "sector": "09", "manzana": "46", "lote": "23", "ph": "000", "propietari": "RIVERA LOPEZ LILIA XIOMARA", "documentop": "1312389586", "direccion": "PARROQUIA SAN LORENZO, BARRIO BELLAVISTA, MANZANA 02 LOTE 10", "area_m2": 83.12, "frente_uti": 8.48, "frente_tot": 8.48, "avaluo_con": 14961.6, "avaluo_sue": 5236.56, "zonaurbano": "NÚCLEOS URBANOS EN ZONA RURAL", "parroquia": "SAN LORENZO", "esta_bloqu": "NO", "es_tercera": "NO", "tiene_elec": "SI", "tiene_agua": "SI", "tiene_alca": "NO", "observacio": "SE CREA LA CLAVE CATASTRAL 6-09-46-23-000 A FAVOR DE RIVERA LOPEZ LILIANA XIOMARA, RIVERA LOPEZ LEYLA GERTUDIS, RIVERA LOPEZ JOHANNA LISBETH Y RIVERA LOPEZ KARLA MIGDALIA CON FINES DE LEGALIZACIÓN, PREDIO UBICADO EN EL BARRIO BELLAVISTA DEL NÚCLEO URBA", "observac_1": null, "barrio": "SIN ESPECIFICAR - SAN LORENZO", "parroquia_": 7, "barrio_id": 1150, "proceso": 0, "fecha_regi": null, "activo_cat": "SI", "desactivad": 0, "avaluo_rem": 0.0, "avaluo_r_1": 0.0, "clasificac": "GENERAL", "anio_deuda": 0, "deuda": 0.0, "valor_ip": 0.0, "coactiva": null, "ficharegis": 93038, "etam": 0.1, "diferencia": 0.0044515545, "porc_difer": 5.35558e-05, "admisible": 1, "deuda_anio": 0.0, "id_1": 106214, "lote_id_1": 110343, "clavecat_1": "6-09-46-23-000", "Clave_Ok": "6-09-46-23-000", "zona_1": 6, "sector_1": 9, "manzana_1": 46, "lote_1": 23, "ph_1": 0, "propieta_1": "RIVERA LOPEZ LILIA XIOMARA", "document_1": 1312389586.0, "direccio_1": "PARROQUIA SAN LORENZO, BARRIO BELLAVISTA, MANZANA 02 LOTE 10", "area_m2_1": 83.12, "frente_u_1": 8.48, "frente_t_1": 8.48, "avaluo_c_1": 14961.6, "avaluo_s_1": 5236.56, "zonaurba_1": "N?ÜCLEOS URBANOS EN ZONA RURAL", "parroqui_1": "SAN LORENZO", "esta_blo_1": "NO", "es_terce_1": "NO", "tiene_el_1": "SI", "tiene_ag_1": "SI", "tiene_al_1": "NO", "observac_2": "SE CREA LA CLAVE CATASTRAL 6-09-46-23-000 A FAVOR DE RIVERA LOPEZ LILIANA XIOMARA, RIVERA LOPEZ LEYLA GERTUDIS, RIVERA LOPEZ JOHANNA LISBETH Y RIVERA LOPEZ KARLA MIGDALIA CON FINES DE LEGALIZACI?ôN, PREDIO UBICADO EN EL BARRIO BELLAVISTA DEL N?ÜCLEO UR", "observac_3": null, "barrio_1": "SIN ESPECIFICAR - SAN LORENZO", "parroquia1": 7, "barrio_i_1": 1150, "proceso_1": 0, "fecha_re_1": null, "activo_c_1": "SI", "desactiv_1": 0, "avaluo_r_2": 0.0, "avaluo_r_3": 0.0, "clasific_1": "GENERAL", "anio_deu_1": 0, "deuda_1": 0.0, "valor_ip_1": 0.0, "coactiva_1": null, "fichareg_1": 93038, "etam_1": 0.1, "diferenc_1": 0.0044515545, "porc_dif_1": 5.35558e-05, "admisibl_1": "VERDADERO", "deuda_an_1": 0.0, "RESOLUCION": "610-21-05-2026" }, "geometry": { "type": "MultiPolygon", "coordinates": [ [ [ [ -80.906811427325195, -1.068582452886811 ], [ -80.906740066236168, -1.06854689560485 ], [ -80.906705123582157, -1.068624971272484 ], [ -80.906772360520193, -1.068661141103777 ], [ -80.906811427325195, -1.068582452886811 ] ] ] ] } },
{ "type": "Feature", "properties": { "id": 106215, "lote_id": 110344, "clavecatas": "6-09-46-24-000", "zona": "6", "sector": "09", "manzana": "46", "lote": "24", "ph": "000", "propietari": "LOPEZ PILOZO MARIA HERCILDA", "documentop": "1302345523", "direccion": "PARROQUIA SAN LORENZO, BARRIO BELLAVISTA, MANZANA 02 LOTE 08", "area_m2": 37.77, "frente_uti": 5.52, "frente_tot": 12.2, "avaluo_con": 5318.02, "avaluo_sue": 2498.49, "zonaurbano": "NÚCLEOS URBANOS EN ZONA RURAL", "parroquia": "SAN LORENZO", "esta_bloqu": "NO", "es_tercera": "NO", "tiene_elec": "SI", "tiene_agua": "SI", "tiene_alca": "NO", "observacio": "SE CREA LA CLAVE CATASTRAL 6-09-46-24-000 A FAVOR DE REYES CALDERON DIDIMO SEBASTIAN CON FINES DE LEGALIZACIÓN, PREDIO UBICADO EN EL BARRIO BELLAVISTA DEL NÚCLEO URBANO DE LA PARROQUIA SAN LORENZO DACC 12/03/2026-SE ACTUALIZA INF CON ESCRITURA DE ADJUD", "observac_1": null, "barrio": "SIN ESPECIFICAR - SAN LORENZO", "parroquia_": 7, "barrio_id": 1150, "proceso": 0, "fecha_regi": null, "activo_cat": "SI", "desactivad": 0, "avaluo_rem": 0.0, "avaluo_r_1": 0.0, "clasificac": "GENERAL", "anio_deuda": 0, "deuda": 0.0, "valor_ip": 0.0, "coactiva": null, "ficharegis": 93063, "etam": 0.1, "diferencia": 0.0047490891, "porc_difer": 0.0001257371, "admisible": 1, "deuda_anio": 0.0, "id_1": 106215, "lote_id_1": 110344, "clavecat_1": "6-09-46-24-000", "Clave_Ok": "6-09-46-24-000", "zona_1": 6, "sector_1": 9, "manzana_1": 46, "lote_1": 24, "ph_1": 0, "propieta_1": "LOPEZ PILOZO MARIA HERCILDA", "document_1": 1302345523.0, "direccio_1": "PARROQUIA SAN LORENZO, BARRIO BELLAVISTA, MANZANA 02 LOTE 08", "area_m2_1": 37.77, "frente_u_1": 5.52, "frente_t_1": 12.2, "avaluo_c_1": 5318.02, "avaluo_s_1": 2498.49, "zonaurba_1": "N?ÜCLEOS URBANOS EN ZONA RURAL", "parroqui_1": "SAN LORENZO", "esta_blo_1": "NO", "es_terce_1": "NO", "tiene_el_1": "SI", "tiene_ag_1": "SI", "tiene_al_1": "NO", "observac_2": "SE CREA LA CLAVE CATASTRAL 6-09-46-24-000 A FAVOR DE REYES CALDERON DIDIMO SEBASTIAN CON FINES DE LEGALIZACI?ôN, PREDIO UBICADO EN EL BARRIO BELLAVISTA DEL N?ÜCLEO URBANO DE LA PARROQUIA SAN LORENZO DACC 12/03/2026-SE ACTUALIZA INF CON ESCRITURA DE ADJ", "observac_3": null, "barrio_1": "SIN ESPECIFICAR - SAN LORENZO", "parroquia1": 7, "barrio_i_1": 1150, "proceso_1": 0, "fecha_re_1": null, "activo_c_1": "SI", "desactiv_1": 0, "avaluo_r_2": 0.0, "avaluo_r_3": 0.0, "clasific_1": "GENERAL", "anio_deu_1": 0, "deuda_1": 0.0, "valor_ip_1": 0.0, "coactiva_1": null, "fichareg_1": 93063, "etam_1": 0.1, "diferenc_1": 0.0047490891, "porc_dif_1": 0.0001257371, "admisibl_1": "VERDADERO", "deuda_an_1": 0.0, "RESOLUCION": "610-21-05-2026" }, "geometry": { "type": "MultiPolygon", "coordinates": [ [ [ [ -80.906694429086841, -1.068560084925018 ], [ -80.90663902268966, -1.068533376432587 ], [ -80.906621804596853, -1.068580194414304 ], [ -80.906675112178377, -1.068607956773491 ], [ -80.906694429086841, -1.068560084925018 ] ] ] ] } },
{ "type": "Feature", "properties": { "id": 106216, "lote_id": 110347, "clavecatas": "6-09-46-37-000", "zona": "6", "sector": "09", "manzana": "46", "lote": "37", "ph": "000", "propietari": "REYES LOPEZ PAULA MELVA", "documentop": "1308739471", "direccion": "PARROQUIA SAN LORENZO, BARRIO BELLAVISTA, MANZANA 02 LOTE 09", "area_m2": 37.36, "frente_uti": 3.83, "frente_tot": 3.83, "avaluo_con": 7322.56, "avaluo_sue": 2236.0, "zonaurbano": "NÚCLEOS URBANOS EN ZONA RURAL", "parroquia": "SAN LORENZO", "esta_bloqu": "NO", "es_tercera": "NO", "tiene_elec": "SI", "tiene_agua": "SI", "tiene_alca": "NO", "observacio": "SE CREA LA CLAVE CATASTRAL 6-09-46-37-000 A FAVOR DE REYES LOPEZ PAULA MELVA CON FINES DE LEGALIZACIÓN, PREDIO UBICADO EN EL BARRIO BELLAVISTA DEL NÚCLEO URBANO DE LA PARROQUIA SAN LORENZO DACC 12/03/2026.-SE ACTUALIZA INF CON ESCRITURA DE COMPRAVENTA", "observac_1": null, "barrio": "SIN ESPECIFICAR - SAN LORENZO", "parroquia_": 7, "barrio_id": 1150, "proceso": 0, "fecha_regi": null, "activo_cat": "SI", "desactivad": 0, "avaluo_rem": 0.0, "avaluo_r_1": 0.0, "clasificac": "GENERAL", "anio_deuda": 0, "deuda": 0.0, "valor_ip": 0.0, "coactiva": null, "ficharegis": 92691, "etam": 0.1, "diferencia": -0.001111647, "porc_difer": -2.9755e-05, "admisible": 1, "deuda_anio": 0.0, "id_1": 106216, "lote_id_1": 110347, "clavecat_1": "6-09-46-37-000", "Clave_Ok": "6-09-46-37-000", "zona_1": 6, "sector_1": 9, "manzana_1": 46, "lote_1": 37, "ph_1": 0, "propieta_1": "REYES LOPEZ PAULA MELVA", "document_1": 1308739471.0, "direccio_1": "PARROQUIA SAN LORENZO, BARRIO BELLAVISTA, MANZANA 02 LOTE 09", "area_m2_1": 37.36, "frente_u_1": 3.83, "frente_t_1": 3.83, "avaluo_c_1": 7322.56, "avaluo_s_1": 2236.0, "zonaurba_1": "N?ÜCLEOS URBANOS EN ZONA RURAL", "parroqui_1": "SAN LORENZO", "esta_blo_1": "NO", "es_terce_1": "NO", "tiene_el_1": "SI", "tiene_ag_1": "SI", "tiene_al_1": "NO", "observac_2": "SE CREA LA CLAVE CATASTRAL 6-09-46-37-000 A FAVOR DE REYES LOPEZ PAULA MELVA CON FINES DE LEGALIZACI?ôN, PREDIO UBICADO EN EL BARRIO BELLAVISTA DEL N?ÜCLEO URBANO DE LA PARROQUIA SAN LORENZO DACC 12/03/2026.-SE ACTUALIZA INF CON ESCRITURA DE COMPRAVENT", "observac_3": null, "barrio_1": "SIN ESPECIFICAR - SAN LORENZO", "parroquia1": 7, "barrio_i_1": 1150, "proceso_1": 0, "fecha_re_1": null, "activo_c_1": "SI", "desactiv_1": 0, "avaluo_r_2": 0.0, "avaluo_r_3": 0.0, "clasific_1": "GENERAL", "anio_deu_1": 0, "deuda_1": 0.0, "valor_ip_1": 0.0, "coactiva_1": null, "fichareg_1": 92691, "etam_1": 0.1, "diferenc_1": -0.001111647, "porc_dif_1": -2.9755e-05, "admisibl_1": "VERDADERO", "deuda_an_1": 0.0, "RESOLUCION": "610-21-05-2026" }, "geometry": { "type": "MultiPolygon", "coordinates": [ [ [ [ -80.906740066236168, -1.06854689560485 ], [ -80.9067065271567, -1.068530103057761 ], [ -80.906675112178377, -1.068607956773491 ], [ -80.906705123582739, -1.068624971272787 ], [ -80.906740066236168, -1.06854689560485 ] ] ] ] } },
{ "type": "Feature", "properties": { "id": 106217, "lote_id": 110348, "clavecatas": "6-09-46-38-000", "zona": "6", "sector": "09", "manzana": "46", "lote": "38", "ph": "000", "propietari": "GOBIERNO AUTONOMO DESCENTRALIZADO  MUNICIPAL MANTA .", "documentop": "1360000980001", "direccion": "PARROQUIA SAN LORENZO, BARRIO BELLAVISTA, MANZANA 02 LOTE 07", "area_m2": 24.96, "frente_uti": 3.68, "frente_tot": 3.68, "avaluo_con": 11733.56, "avaluo_sue": 1572.48, "zonaurbano": "NÚCLEOS URBANOS EN ZONA RURAL", "parroquia": "SAN LORENZO", "esta_bloqu": "NO", "es_tercera": "NO", "tiene_elec": "SI", "tiene_agua": "SI", "tiene_alca": "NO", "observacio": "SE CREA LA CLAVE CATASTRAL 6-09-46-38-000 A FAVOR DE REYES CALDERON ARIEL RONALDO CON FINES DE LEGALIZACIÓN, PREDIO UBICADO EN EL BARRIO BELLAVISTA DEL NÚCLEO URBANO DE LA PARROQUIA SAN LORENZO DACC 12/03/2026", "observac_1": null, "barrio": "SIN ESPECIFICAR - SAN LORENZO", "parroquia_": 7, "barrio_id": 1150, "proceso": 0, "fecha_regi": null, "activo_cat": "SI", "desactivad": 0, "avaluo_rem": 0.0, "avaluo_r_1": 0.0, "clasificac": "POR LEGALIZAR", "anio_deuda": 0, "deuda": 0.0, "valor_ip": 0.0, "coactiva": null, "ficharegis": 0, "etam": 0.1, "diferencia": 0.0016051726, "porc_difer": 6.43098e-05, "admisible": 1, "deuda_anio": 0.0, "id_1": 106217, "lote_id_1": 110348, "clavecat_1": "6-09-46-38-000", "Clave_Ok": "6-09-46-38-000", "zona_1": 6, "sector_1": 9, "manzana_1": 46, "lote_1": 38, "ph_1": 0, "propieta_1": "GOBIERNO AUTONOMO DESCENTRALIZADO  MUNICIPAL MANTA .", "document_1": 1360000980000.0, "direccio_1": "PARROQUIA SAN LORENZO, BARRIO BELLAVISTA, MANZANA 02 LOTE 07", "area_m2_1": 24.96, "frente_u_1": 3.68, "frente_t_1": 3.68, "avaluo_c_1": 11733.56, "avaluo_s_1": 1572.48, "zonaurba_1": "N?ÜCLEOS URBANOS EN ZONA RURAL", "parroqui_1": "SAN LORENZO", "esta_blo_1": "NO", "es_terce_1": "NO", "tiene_el_1": "SI", "tiene_ag_1": "SI", "tiene_al_1": "NO", "observac_2": "SE CREA LA CLAVE CATASTRAL 6-09-46-38-000 A FAVOR DE REYES CALDERON ARIEL RONALDO CON FINES DE LEGALIZACI?ôN, PREDIO UBICADO EN EL BARRIO BELLAVISTA DEL N?ÜCLEO URBANO DE LA PARROQUIA SAN LORENZO DACC 12/03/2026", "observac_3": null, "barrio_1": "SIN ESPECIFICAR - SAN LORENZO", "parroquia1": 7, "barrio_i_1": 1150, "proceso_1": 0, "fecha_re_1": null, "activo_c_1": "SI", "desactiv_1": 0, "avaluo_r_2": 0.0, "avaluo_r_3": 0.0, "clasific_1": "POR LEGALIZAR", "anio_deu_1": 0, "deuda_1": 0.0, "valor_ip_1": 0.0, "coactiva_1": null, "fichareg_1": 0, "etam_1": 0.1, "diferenc_1": 0.0016051726, "porc_dif_1": 6.43098e-05, "admisibl_1": "VERDADERO", "deuda_an_1": 0.0, "RESOLUCION": "610-21-05-2026" }, "geometry": { "type": "MultiPolygon", "coordinates": [ [ [ [ -80.906706527158107, -1.068530103058468 ], [ -80.906650139085912, -1.068502100184152 ], [ -80.90663902268966, -1.068533376432587 ], [ -80.906694429086841, -1.068560084925018 ], [ -80.906706527158107, -1.068530103058468 ] ] ] ] } },
{ "type": "Feature", "properties": { "id": 106218, "lote_id": 110350, "clavecatas": "6-09-46-39-000", "zona": "6", "sector": "09", "manzana": "46", "lote": "39", "ph": "000", "propietari": "DURAN HIDALGO RODOLFO FERNANDO IGNACIO .", "documentop": "1711636371", "direccion": "PARROQUIA SAN LORENZO, BARRIO BELLAVISTA, MANZANA 02 LOTE 18", "area_m2": 75.37, "frente_uti": 8.95, "frente_tot": 8.95, "avaluo_con": 30067.22, "avaluo_sue": 3846.13, "zonaurbano": "NÚCLEOS URBANOS EN ZONA RURAL", "parroquia": "SAN LORENZO", "esta_bloqu": "NO", "es_tercera": "NO", "tiene_elec": "SI", "tiene_agua": "SI", "tiene_alca": "NO", "observacio": "SE CREA LA CLAVE CATASTRAL 6-09-46-39-000 A FAVOR DURAN HIDALGO RODOLFO IGNACIO CON FINES DE LEGALIZACIÓN, PREDIO UBICADO EN EL BARRIO BELLAVISTA DEL NÚCLEO URBANO DE LA PARROQUIA SAN LORENZO DACC 12/03/2026-SE ACTUALIZA INF CON BASE A ESCRITURA DE ADJ", "observac_1": null, "barrio": "SIN ESPECIFICAR - SAN LORENZO", "parroquia_": 7, "barrio_id": 1150, "proceso": 0, "fecha_regi": null, "activo_cat": "SI", "desactivad": 0, "avaluo_rem": 0.0, "avaluo_r_1": 0.0, "clasificac": "GENERAL", "anio_deuda": 0, "deuda": 0.0, "valor_ip": 0.0, "coactiva": null, "ficharegis": 93033, "etam": 0.1, "diferencia": -0.0025068905, "porc_difer": -3.32611e-05, "admisible": 1, "deuda_anio": 0.0, "id_1": 106218, "lote_id_1": 110350, "clavecat_1": "6-09-46-39-000", "Clave_Ok": "6-09-46-39-000", "zona_1": 6, "sector_1": 9, "manzana_1": 46, "lote_1": 39, "ph_1": 0, "propieta_1": "DURAN HIDALGO RODOLFO FERNANDO IGNACIO .", "document_1": 1711636370.9999998, "direccio_1": "PARROQUIA SAN LORENZO, BARRIO BELLAVISTA, MANZANA 02 LOTE 18", "area_m2_1": 75.37, "frente_u_1": 8.95, "frente_t_1": 8.95, "avaluo_c_1": 30067.22, "avaluo_s_1": 3846.13, "zonaurba_1": "N?ÜCLEOS URBANOS EN ZONA RURAL", "parroqui_1": "SAN LORENZO", "esta_blo_1": "NO", "es_terce_1": "NO", "tiene_el_1": "SI", "tiene_ag_1": "SI", "tiene_al_1": "NO", "observac_2": "SE CREA LA CLAVE CATASTRAL 6-09-46-39-000 A FAVOR DURAN HIDALGO RODOLFO IGNACIO CON FINES DE LEGALIZACI?ôN, PREDIO UBICADO EN EL BARRIO BELLAVISTA DEL N?ÜCLEO URBANO DE LA PARROQUIA SAN LORENZO DACC 12/03/2026-SE ACTUALIZA INF CON BASE A ESCRITURA DE A", "observac_3": null, "barrio_1": "SIN ESPECIFICAR - SAN LORENZO", "parroquia1": 7, "barrio_i_1": 1150, "proceso_1": 0, "fecha_re_1": null, "activo_c_1": "SI", "desactiv_1": 0, "avaluo_r_2": 0.0, "avaluo_r_3": 0.0, "clasific_1": "GENERAL", "anio_deu_1": 0, "deuda_1": 0.0, "valor_ip_1": 0.0, "coactiva_1": null, "fichareg_1": 93033, "etam_1": 0.1, "diferenc_1": -0.0025068905, "porc_dif_1": -3.32611e-05, "admisibl_1": "VERDADERO", "deuda_an_1": 0.0, "RESOLUCION": "610-21-05-2026" }, "geometry": { "type": "MultiPolygon", "coordinates": [ [ [ [ -80.907248749496617, -1.068586630447991 ], [ -80.907179175661966, -1.068545993181727 ], [ -80.907153920295073, -1.068633326937972 ], [ -80.907205365142886, -1.068662366073149 ], [ -80.907248749496617, -1.068586630447991 ] ] ] ] } },
{ "type": "Feature", "properties": { "id": 106294, "lote_id": 110097, "clavecatas": "6-10-04-14-000", "zona": "6", "sector": "10", "manzana": "04", "lote": "14", "ph": "000", "propietari": "GUERRA PINARGOTE SHIRLEY MIRELLA", "documentop": "1313475186", "direccion": "PARROQUIA RURAL SAN LORENZO - NÚCLEO URBANO - MZ 01 LOTE 10", "area_m2": 100.0, "frente_uti": 10.0, "frente_tot": 10.0, "avaluo_con": 14692.16, "avaluo_sue": 5600.0, "zonaurbano": "NÚCLEOS URBANOS EN ZONA RURAL", "parroquia": "SAN LORENZO", "esta_bloqu": "NO", "es_tercera": "NO", "tiene_elec": "SI", "tiene_agua": "NO", "tiene_alca": "NO", "observacio": "SE CREA LA CLAVE CATASTRAL 6-10-04-14-000 A FAVOR DE GUERRA PINARGOTE SHIRLEY MIRELLA Y LOOR MACIAS LUIS ALBERTO CON FINES DE LEGALIZACIÓN, PREDIO UBICADO EN EL BARRIO 10 DE AGOSTO DEL NÚCLEO URBANO DE LA PARROQUIA SAN LORENZO, PREVIO INFORME DEL ARQ.", "observac_1": null, "barrio": "10 DE AGOSTO", "parroquia_": 7, "barrio_id": 110, "proceso": 0, "fecha_regi": null, "activo_cat": "SI", "desactivad": 0, "avaluo_rem": 0.0, "avaluo_r_1": 0.0, "clasificac": "GENERAL", "anio_deuda": 0, "deuda": 0.0, "valor_ip": 0.0, "coactiva": null, "ficharegis": 92913, "etam": 0.1, "diferencia": 0.0013906603, "porc_difer": 1.39066e-05, "admisible": 1, "deuda_anio": 0.0, "id_1": 106294, "lote_id_1": 110097, "clavecat_1": "6-10-04-14-000", "Clave_Ok": "6-10-04-14-000", "zona_1": 6, "sector_1": 10, "manzana_1": 4, "lote_1": 14, "ph_1": 0, "propieta_1": "GUERRA PINARGOTE SHIRLEY MIRELLA", "document_1": 1313475186.0, "direccio_1": "PARROQUIA RURAL SAN LORENZO - N?ÜCLEO URBANO - MZ 01 LOTE 10", "area_m2_1": 100.0, "frente_u_1": 10.0, "frente_t_1": 10.0, "avaluo_c_1": 14692.16, "avaluo_s_1": 5600.0, "zonaurba_1": "N?ÜCLEOS URBANOS EN ZONA RURAL", "parroqui_1": "SAN LORENZO", "esta_blo_1": "NO", "es_terce_1": "NO", "tiene_el_1": "SI", "tiene_ag_1": "NO", "tiene_al_1": "NO", "observac_2": "SE CREA LA CLAVE CATASTRAL 6-10-04-14-000 A FAVOR DE GUERRA PINARGOTE SHIRLEY MIRELLA Y LOOR MACIAS LUIS ALBERTO CON FINES DE LEGALIZACI?ôN, PREDIO UBICADO EN EL BARRIO 10 DE AGOSTO DEL N?ÜCLEO URBANO DE LA PARROQUIA SAN LORENZO, PREVIO INFORME DEL ARQ", "observac_3": null, "barrio_1": "10 DE AGOSTO", "parroquia1": 7, "barrio_i_1": 110, "proceso_1": 0, "fecha_re_1": null, "activo_c_1": "SI", "desactiv_1": 0, "avaluo_r_2": 0.0, "avaluo_r_3": 0.0, "clasific_1": "GENERAL", "anio_deu_1": 0, "deuda_1": 0.0, "valor_ip_1": 0.0, "coactiva_1": null, "fichareg_1": 92913, "etam_1": 0.1, "diferenc_1": 0.0013906603, "porc_dif_1": 1.39066e-05, "admisibl_1": "VERDADERO", "deuda_an_1": 0.0, "RESOLUCION": "610-21-05-2026" }, "geometry": { "type": "MultiPolygon", "coordinates": [ [ [ [ -80.907614689908598, -1.066762027884399 ], [ -80.907528984103394, -1.066734770364386 ], [ -80.907501903441982, -1.066821039076189 ], [ -80.907587610447095, -1.066848295058933 ], [ -80.907614689908598, -1.066762027884399 ] ] ] ] } },
{ "type": "Feature", "properties": { "id": 106297, "lote_id": 110101, "clavecatas": "6-10-06-03-000", "zona": "6", "sector": "10", "manzana": "06", "lote": "03", "ph": "000", "propietari": "GOBIERNO AUTONOMO DESCENTRALIZADO MUNICIPAL DEL CANTON MANTA .", "documentop": "1360000980001", "direccion": "PARROQUIA RURAL SAN LORENZO - NÚCLEO URBANO - MZ 10 LOTE 03", "area_m2": 291.0, "frente_uti": 5.2, "frente_tot": 5.2, "avaluo_con": 6258.65, "avaluo_sue": 11640.0, "zonaurbano": "NÚCLEOS URBANOS EN ZONA RURAL", "parroquia": "SAN LORENZO", "esta_bloqu": "NO", "es_tercera": "NO", "tiene_elec": "SI", "tiene_agua": "NO", "tiene_alca": "NO", "observacio": "SE CREA LA CLAVE CATASTRAL 6-10-06-03-000 A FAVOR DEL GOBIERNO AUTONOMO DESCENTRALIZADO DEL CANTON MANTA CON FINES DE LEGALIZACIÓN, PREDIO UBICADO EN EL BARRIO 10 DE AGOSTO DEL NÚCLEO URBANO DE LA PARROQUIA SAN LORENZO, PREVIO INFORME DEL ARQ. CRISTHIA", "observac_1": null, "barrio": "10 DE AGOSTO", "parroquia_": 7, "barrio_id": 110, "proceso": 0, "fecha_regi": null, "activo_cat": "SI", "desactivad": 0, "avaluo_rem": 0.0, "avaluo_r_1": 0.0, "clasificac": "POR LEGALIZAR", "anio_deuda": 0, "deuda": 0.0, "valor_ip": 0.0, "coactiva": null, "ficharegis": 0, "etam": 0.1172420764, "diferencia": -0.0001795342, "porc_difer": -6.17e-07, "admisible": 1, "deuda_anio": 0.0, "id_1": 106297, "lote_id_1": 110101, "clavecat_1": "6-10-06-03-000", "Clave_Ok": "6-10-06-03-000", "zona_1": 6, "sector_1": 10, "manzana_1": 6, "lote_1": 3, "ph_1": 0, "propieta_1": "GOBIERNO AUTONOMO DESCENTRALIZADO MUNICIPAL DEL CANTON MANTA .", "document_1": 1360000980000.0, "direccio_1": "PARROQUIA RURAL SAN LORENZO - N?ÜCLEO URBANO - MZ 10 LOTE 03", "area_m2_1": 291.0, "frente_u_1": 5.2, "frente_t_1": 5.2, "avaluo_c_1": 6258.65, "avaluo_s_1": 11640.0, "zonaurba_1": "N?ÜCLEOS URBANOS EN ZONA RURAL", "parroqui_1": "SAN LORENZO", "esta_blo_1": "NO", "es_terce_1": "NO", "tiene_el_1": "SI", "tiene_ag_1": "NO", "tiene_al_1": "NO", "observac_2": "SE CREA LA CLAVE CATASTRAL 6-10-06-03-000 A FAVOR DEL GOBIERNO AUTONOMO DESCENTRALIZADO DEL CANTON MANTA CON FINES DE LEGALIZACI?ôN, PREDIO UBICADO EN EL BARRIO 10 DE AGOSTO DEL N?ÜCLEO URBANO DE LA PARROQUIA SAN LORENZO, PREVIO INFORME DEL ARQ. CRISTH", "observac_3": null, "barrio_1": "10 DE AGOSTO", "parroquia1": 7, "barrio_i_1": 110, "proceso_1": 0, "fecha_re_1": null, "activo_c_1": "SI", "desactiv_1": 0, "avaluo_r_2": 0.0, "avaluo_r_3": 0.0, "clasific_1": "POR LEGALIZAR", "anio_deu_1": 0, "deuda_1": 0.0, "valor_ip_1": 0.0, "coactiva_1": null, "fichareg_1": 0, "etam_1": 0.1172420764, "diferenc_1": -0.0001795342, "porc_dif_1": -6.17e-07, "admisibl_1": "VERDADERO", "deuda_an_1": 0.0, "RESOLUCION": "609-21-05-2026" }, "geometry": { "type": "MultiPolygon", "coordinates": [ [ [ [ -80.906687717407607, -1.066815396785393 ], [ -80.906876436284648, -1.066326244446996 ], [ -80.906831728261778, -1.066312526621119 ], [ -80.906655260717059, -1.066769923948559 ], [ -80.906687717407607, -1.066815396785393 ] ] ] ] } },
{ "type": "Feature", "properties": { "id": 106298, "lote_id": 110102, "clavecatas": "6-10-06-04-000", "zona": "6", "sector": "10", "manzana": "06", "lote": "04", "ph": "000", "propietari": "GOBIERNO AUTONOMO DESCENTRALIZADO MUNICIPAL DEL CANTON MANTA .", "documentop": "1360000980001", "direccion": "PARROQUIA RURAL SAN LORENZO - NÚCLEO URBANO - MZ 10 LOTE 04", "area_m2": 312.27, "frente_uti": 5.2, "frente_tot": 5.2, "avaluo_con": 4866.9, "avaluo_sue": 12490.8, "zonaurbano": "NÚCLEOS URBANOS EN ZONA RURAL", "parroquia": "SAN LORENZO", "esta_bloqu": "NO", "es_tercera": "NO", "tiene_elec": "SI", "tiene_agua": "NO", "tiene_alca": "NO", "observacio": "SE CREA LA CLAVE CATASTRAL 6-10-06-04-000 A FAVOR DEL GOBIERNO AUTONOMO DESCENTRALIZADO DEL CANTON MANTA CON FINES DE LEGALIZACIÓN, PREDIO UBICADO EN EL BARRIO 10 DE AGOSTO DEL NÚCLEO URBANO DE LA PARROQUIA SAN LORENZO, PREVIO INFORME DEL ARQ. CRISTHIA", "observac_1": null, "barrio": "10 DE AGOSTO", "parroquia_": 7, "barrio_id": 110, "proceso": 0, "fecha_regi": null, "activo_cat": "SI", "desactivad": 0, "avaluo_rem": 0.0, "avaluo_r_1": 0.0, "clasificac": "POR LEGALIZAR", "anio_deuda": 0, "deuda": 0.0, "valor_ip": 0.0, "coactiva": null, "ficharegis": 0, "etam": 0.1697681137, "diferencia": 0.0017626288, "porc_difer": 5.6446e-06, "admisible": 1, "deuda_anio": 0.0, "id_1": 106298, "lote_id_1": 110102, "clavecat_1": "6-10-06-04-000", "Clave_Ok": "6-10-06-04-000", "zona_1": 6, "sector_1": 10, "manzana_1": 6, "lote_1": 4, "ph_1": 0, "propieta_1": "GOBIERNO AUTONOMO DESCENTRALIZADO MUNICIPAL DEL CANTON MANTA .", "document_1": 1360000980000.0, "direccio_1": "PARROQUIA RURAL SAN LORENZO - N?ÜCLEO URBANO - MZ 10 LOTE 04", "area_m2_1": 312.27, "frente_u_1": 5.2, "frente_t_1": 5.2, "avaluo_c_1": 4866.9, "avaluo_s_1": 12490.8, "zonaurba_1": "N?ÜCLEOS URBANOS EN ZONA RURAL", "parroqui_1": "SAN LORENZO", "esta_blo_1": "NO", "es_terce_1": "NO", "tiene_el_1": "SI", "tiene_ag_1": "NO", "tiene_al_1": "NO", "observac_2": "SE CREA LA CLAVE CATASTRAL 6-10-06-04-000 A FAVOR DEL GOBIERNO AUTONOMO DESCENTRALIZADO DEL CANTON MANTA CON FINES DE LEGALIZACI?ôN, PREDIO UBICADO EN EL BARRIO 10 DE AGOSTO DEL N?ÜCLEO URBANO DE LA PARROQUIA SAN LORENZO, PREVIO INFORME DEL ARQ. CRISTH", "observac_3": null, "barrio_1": "10 DE AGOSTO", "parroquia1": 7, "barrio_i_1": 110, "proceso_1": 0, "fecha_re_1": null, "activo_c_1": "SI", "desactiv_1": 0, "avaluo_r_2": 0.0, "avaluo_r_3": 0.0, "clasific_1": "POR LEGALIZAR", "anio_deu_1": 0, "deuda_1": 0.0, "valor_ip_1": 0.0, "coactiva_1": null, "fichareg_1": 0, "etam_1": 0.1697681137, "diferenc_1": 0.0017626288, "porc_dif_1": 5.6446e-06, "admisibl_1": "VERDADERO", "deuda_an_1": 0.0, "RESOLUCION": "609-21-05-2026" }, "geometry": { "type": "MultiPolygon", "coordinates": [ [ [ [ -80.906655260717059, -1.066769923948559 ], [ -80.906831728261778, -1.066312526621119 ], [ -80.90678702023942, -1.066298808794637 ], [ -80.90668289285972, -1.066559441647407 ], [ -80.906602283371981, -1.066695701030639 ], [ -80.906655260717059, -1.066769923948559 ] ] ] ] } },
{ "type": "Feature", "properties": { "id": 106299, "lote_id": 110098, "clavecatas": "6-10-06-12-000", "zona": "6", "sector": "10", "manzana": "06", "lote": "12", "ph": "000", "propietari": "GOBIERNO AUTONOMO DESCENTRALIZADO MUNICIPAL DEL CANTON MANTA .", "documentop": "1360000980001", "direccion": "PARROQUIA RURAL SAN LORENZO - NÚCLEO URBANO - MZ 10 LOTE 12", "area_m2": 58.65, "frente_uti": 8.5, "frente_tot": 15.4, "avaluo_con": 9747.8, "avaluo_sue": 1689.12, "zonaurbano": "NÚCLEOS URBANOS EN ZONA RURAL", "parroquia": "SAN LORENZO", "esta_bloqu": "NO", "es_tercera": "NO", "tiene_elec": "SI", "tiene_agua": "NO", "tiene_alca": "NO", "observacio": "SE CREA LA CLAVE CATASTRAL 6-10-06-12-000 A FAVOR DE LÓPEZ CALDERÓN XIOMARA LILIBETH CON FINES DE LEGALIZACIÓN, PREDIO UBICADO EN EL BARRIO 10 DE AGOSTO DEL NÚCLEO URBANO DE LA PARROQUIA SAN LORENZO, PREVIO INFORME DEL ARQ. CRISTHIAN PICO.", "observac_1": null, "barrio": "10 DE AGOSTO", "parroquia_": 7, "barrio_id": 110, "proceso": 0, "fecha_regi": null, "activo_cat": "SI", "desactivad": 0, "avaluo_rem": 0.0, "avaluo_r_1": 0.0, "clasificac": "POR LEGALIZAR", "anio_deuda": 0, "deuda": 0.0, "valor_ip": 0.0, "coactiva": null, "ficharegis": 0, "etam": 0.1, "diferencia": 8.79956e-05, "porc_difer": 1.5004e-06, "admisible": 1, "deuda_anio": 0.0, "id_1": 106299, "lote_id_1": 110098, "clavecat_1": "6-10-06-12-000", "Clave_Ok": "6-10-06-12-000", "zona_1": 6, "sector_1": 10, "manzana_1": 6, "lote_1": 12, "ph_1": 0, "propieta_1": "GOBIERNO AUTONOMO DESCENTRALIZADO MUNICIPAL DEL CANTON MANTA .", "document_1": 1360000980000.0, "direccio_1": "PARROQUIA RURAL SAN LORENZO - N?ÜCLEO URBANO - MZ 10 LOTE 12", "area_m2_1": 58.65, "frente_u_1": 8.5, "frente_t_1": 15.4, "avaluo_c_1": 9747.8, "avaluo_s_1": 1689.12, "zonaurba_1": "N?ÜCLEOS URBANOS EN ZONA RURAL", "parroqui_1": "SAN LORENZO", "esta_blo_1": "NO", "es_terce_1": "NO", "tiene_el_1": "SI", "tiene_ag_1": "NO", "tiene_al_1": "NO", "observac_2": "SE CREA LA CLAVE CATASTRAL 6-10-06-12-000 A FAVOR DE L?ôPEZ CALDER?ôN XIOMARA LILIBETH CON FINES DE LEGALIZACI?ôN, PREDIO UBICADO EN EL BARRIO 10 DE AGOSTO DEL N?ÜCLEO URBANO DE LA PARROQUIA SAN LORENZO, PREVIO INFORME DEL ARQ. CRISTHIAN PICO.", "observac_3": null, "barrio_1": "10 DE AGOSTO", "parroquia1": 7, "barrio_i_1": 110, "proceso_1": 0, "fecha_re_1": null, "activo_c_1": "SI", "desactiv_1": 0, "avaluo_r_2": 0.0, "avaluo_r_3": 0.0, "clasific_1": "POR LEGALIZAR", "anio_deu_1": 0, "deuda_1": 0.0, "valor_ip_1": 0.0, "coactiva_1": null, "fichareg_1": 0, "etam_1": 0.1, "diferenc_1": 8.79956e-05, "porc_dif_1": 1.5004e-06, "admisibl_1": "VERDADERO", "deuda_an_1": 0.0, "RESOLUCION": "610-21-05-2026" }, "geometry": { "type": "MultiPolygon", "coordinates": [ [ [ [ -80.906312134622354, -1.066246293856338 ], [ -80.906252675799422, -1.066228542292063 ], [ -80.906230823658007, -1.066302231380539 ], [ -80.906290282482132, -1.066319982945362 ], [ -80.906312134622354, -1.066246293856338 ] ] ] ] } },
{ "type": "Feature", "properties": { "id": 106300, "lote_id": 110099, "clavecatas": "6-10-06-13-000", "zona": "6", "sector": "10", "manzana": "06", "lote": "13", "ph": "000", "propietari": "GOBIERNO AUTONOMO DESCENTRALIZADO MUNICIPAL DEL CANTON MANTA .", "documentop": "1360000980001", "direccion": "PARROQUIA RURAL SAN LORENZO - NÚCLEO URBANO - MZ 10 LOTE 13", "area_m2": 46.75, "frente_uti": 5.5, "frente_tot": 5.5, "avaluo_con": 8558.2, "avaluo_sue": 1514.7, "zonaurbano": "NÚCLEOS URBANOS EN ZONA RURAL", "parroquia": "SAN LORENZO", "esta_bloqu": "NO", "es_tercera": "NO", "tiene_elec": "SI", "tiene_agua": "NO", "tiene_alca": "NO", "observacio": "SE CREA LA CLAVE CATASTRAL 6-10-06-13-000 A FAVOR DE CALDERÓN RIVERA DANICI YARITZA Y PILOZO LÓPEZ ELVIS ALEXANDER CON FINES DE LEGALIZACIÓN, PREDIO UBICADO EN EL BARRIO 10 DE AGOSTO DEL NÚCLEO URBANO DE LA PARROQUIA SAN LORENZO, PREVIO INFORME DEL A", "observac_1": null, "barrio": "10 DE AGOSTO", "parroquia_": 7, "barrio_id": 110, "proceso": 0, "fecha_regi": null, "activo_cat": "SI", "desactivad": 0, "avaluo_rem": 0.0, "avaluo_r_1": 0.0, "clasificac": "POR LEGALIZAR", "anio_deuda": 0, "deuda": 0.0, "valor_ip": 0.0, "coactiva": null, "ficharegis": 0, "etam": 0.1, "diferencia": 7.01528e-05, "porc_difer": 1.5006e-06, "admisible": 1, "deuda_anio": 0.0, "id_1": 106300, "lote_id_1": 110099, "clavecat_1": "6-10-06-13-000", "Clave_Ok": "6-10-06-13-000", "zona_1": 6, "sector_1": 10, "manzana_1": 6, "lote_1": 13, "ph_1": 0, "propieta_1": "GOBIERNO AUTONOMO DESCENTRALIZADO MUNICIPAL DEL CANTON MANTA .", "document_1": 1360000980000.0, "direccio_1": "PARROQUIA RURAL SAN LORENZO - N?ÜCLEO URBANO - MZ 10 LOTE 13", "area_m2_1": 46.75, "frente_u_1": 5.5, "frente_t_1": 5.5, "avaluo_c_1": 8558.2, "avaluo_s_1": 1514.7, "zonaurba_1": "N?ÜCLEOS URBANOS EN ZONA RURAL", "parroqui_1": "SAN LORENZO", "esta_blo_1": "NO", "es_terce_1": "NO", "tiene_el_1": "SI", "tiene_ag_1": "NO", "tiene_al_1": "NO", "observac_2": "SE CREA LA CLAVE CATASTRAL 6-10-06-13-000 A FAVOR DE CALDER?ôN RIVERA DANICI YARITZA Y PILOZO L?ôPEZ ELVIS ALEXANDER CON FINES DE LEGALIZACI?ôN, PREDIO UBICADO EN EL BARRIO 10 DE AGOSTO DEL N?ÜCLEO URBANO DE LA PARROQUIA SAN LORENZO, PREVIO INFORME D", "observac_3": null, "barrio_1": "10 DE AGOSTO", "parroquia1": 7, "barrio_i_1": 110, "proceso_1": 0, "fecha_re_1": null, "activo_c_1": "SI", "desactiv_1": 0, "avaluo_r_2": 0.0, "avaluo_r_3": 0.0, "clasific_1": "POR LEGALIZAR", "anio_deu_1": 0, "deuda_1": 0.0, "valor_ip_1": 0.0, "coactiva_1": null, "fichareg_1": 0, "etam_1": 0.1, "diferenc_1": 7.01528e-05, "porc_dif_1": 1.5006e-06, "admisibl_1": "VERDADERO", "deuda_an_1": 0.0, "RESOLUCION": "610-21-05-2026" }, "geometry": { "type": "MultiPolygon", "coordinates": [ [ [ [ -80.906359529336811, -1.066260443653223 ], [ -80.906312134622354, -1.066246293856338 ], [ -80.906290282482132, -1.066319982945362 ], [ -80.906337677197584, -1.066334132742603 ], [ -80.906359529336811, -1.066260443653223 ] ] ] ] } },
{ "type": "Feature", "properties": { "id": 106301, "lote_id": 110105, "clavecatas": "6-10-06-14-000", "zona": "6", "sector": "10", "manzana": "06", "lote": "14", "ph": "000", "propietari": "GOBIERNO AUTONOMO DESCENTRALIZADO MUNICIPAL DEL CANTON MANTA .", "documentop": "1360000980001", "direccion": "PARROQUIA RURAL SAN LORENZO - NÚCLEO URBANO - MZ 10 LOTE 14", "area_m2": 48.22, "frente_uti": 5.4, "frente_tot": 5.4, "avaluo_con": 1479.71, "avaluo_sue": 1928.8, "zonaurbano": "NÚCLEOS URBANOS EN ZONA RURAL", "parroquia": "SAN LORENZO", "esta_bloqu": "NO", "es_tercera": "NO", "tiene_elec": "SI", "tiene_agua": "NO", "tiene_alca": "NO", "observacio": "SE CREA LA CLAVE CATASTRAL 6-10-06-14-000 A FAVOR DEL GOBIERNO AUTONOMO DESCENTRALIZADO DEL CANTON MANTA CON FINES DE LEGALIZACIÓN, PREDIO UBICADO EN EL BARRIO 10 DE AGOSTO DEL NÚCLEO URBANO DE LA PARROQUIA SAN LORENZO, PREVIO INFORME DEL ARQ. CRISTHIA", "observac_1": null, "barrio": "10 DE AGOSTO", "parroquia_": 7, "barrio_id": 110, "proceso": 0, "fecha_regi": null, "activo_cat": "SI", "desactivad": 0, "avaluo_rem": 0.0, "avaluo_r_1": 0.0, "clasificac": "POR LEGALIZAR", "anio_deuda": 0, "deuda": 0.0, "valor_ip": 0.0, "coactiva": null, "ficharegis": 0, "etam": 0.1, "diferencia": -0.0013342794, "porc_difer": -2.76707e-05, "admisible": 1, "deuda_anio": 0.0, "id_1": 106301, "lote_id_1": 110105, "clavecat_1": "6-10-06-14-000", "Clave_Ok": "6-10-06-14-000", "zona_1": 6, "sector_1": 10, "manzana_1": 6, "lote_1": 14, "ph_1": 0, "propieta_1": "GOBIERNO AUTONOMO DESCENTRALIZADO MUNICIPAL DEL CANTON MANTA .", "document_1": 1360000980000.0, "direccio_1": "PARROQUIA RURAL SAN LORENZO - N?ÜCLEO URBANO - MZ 10 LOTE 14", "area_m2_1": 48.22, "frente_u_1": 5.4, "frente_t_1": 5.4, "avaluo_c_1": 1479.71, "avaluo_s_1": 1928.8, "zonaurba_1": "N?ÜCLEOS URBANOS EN ZONA RURAL", "parroqui_1": "SAN LORENZO", "esta_blo_1": "NO", "es_terce_1": "NO", "tiene_el_1": "SI", "tiene_ag_1": "NO", "tiene_al_1": "NO", "observac_2": "SE CREA LA CLAVE CATASTRAL 6-10-06-14-000 A FAVOR DEL GOBIERNO AUTONOMO DESCENTRALIZADO DEL CANTON MANTA CON FINES DE LEGALIZACI?ôN, PREDIO UBICADO EN EL BARRIO 10 DE AGOSTO DEL N?ÜCLEO URBANO DE LA PARROQUIA SAN LORENZO, PREVIO INFORME DEL ARQ. CRISTH", "observac_3": null, "barrio_1": "10 DE AGOSTO", "parroquia1": 7, "barrio_i_1": 110, "proceso_1": 0, "fecha_re_1": null, "activo_c_1": "SI", "desactiv_1": 0, "avaluo_r_2": 0.0, "avaluo_r_3": 0.0, "clasific_1": "POR LEGALIZAR", "anio_deu_1": 0, "deuda_1": 0.0, "valor_ip_1": 0.0, "coactiva_1": null, "fichareg_1": 0, "etam_1": 0.1, "diferenc_1": -0.0013342794, "porc_dif_1": -2.76707e-05, "admisibl_1": "VERDADERO", "deuda_an_1": 0.0, "RESOLUCION": "609-21-05-2026" }, "geometry": { "type": "MultiPolygon", "coordinates": [ [ [ [ -80.906410790924369, -1.066275747912578 ], [ -80.906359529336811, -1.066260443653223 ], [ -80.906337677197584, -1.066334132742603 ], [ -80.906384188437698, -1.066348018775539 ], [ -80.906410790924369, -1.066275747912578 ] ] ] ] } },
{ "type": "Feature", "properties": { "id": 106302, "lote_id": 110103, "clavecatas": "6-10-06-15-000", "zona": "6", "sector": "10", "manzana": "06", "lote": "15", "ph": "000", "propietari": "GOBIERNO AUTONOMO DESCENTRALIZADO MUNICIPAL DEL CANTON MANTA .", "documentop": "1360000980001", "direccion": "PARROQUIA RURAL SAN LORENZO - NÚCLEO URBANO - MZ 10 LOTE 15", "area_m2": 91.79, "frente_uti": 11.0, "frente_tot": 11.0, "avaluo_con": 17722.97, "avaluo_sue": 3671.6, "zonaurbano": "NÚCLEOS URBANOS EN ZONA RURAL", "parroquia": "SAN LORENZO", "esta_bloqu": "NO", "es_tercera": "NO", "tiene_elec": "SI", "tiene_agua": "NO", "tiene_alca": "NO", "observacio": "SE CREA LA CLAVE CATASTRAL 6-10-06-15-000 A FAVOR DEL GOBIERNO AUTONOMO DESCENTRALIZADO DEL CANTON MANTA CON FINES DE LEGALIZACIÓN, PREDIO UBICADO EN EL BARRIO 10 DE AGOSTO DEL NÚCLEO URBANO DE LA PARROQUIA SAN LORENZO, PREVIO INFORME DEL ARQ. CRISTHIA", "observac_1": null, "barrio": "10 DE AGOSTO", "parroquia_": 7, "barrio_id": 110, "proceso": 0, "fecha_regi": null, "activo_cat": "SI", "desactivad": 0, "avaluo_rem": 0.0, "avaluo_r_1": 0.0, "clasificac": "POR LEGALIZAR", "anio_deuda": 0, "deuda": 0.0, "valor_ip": 0.0, "coactiva": null, "ficharegis": 0, "etam": 0.1, "diferencia": -0.0045540559, "porc_difer": -4.96139e-05, "admisible": 1, "deuda_anio": 0.0, "id_1": 106302, "lote_id_1": 110103, "clavecat_1": "6-10-06-15-000", "Clave_Ok": "6-10-06-15-000", "zona_1": 6, "sector_1": 10, "manzana_1": 6, "lote_1": 15, "ph_1": 0, "propieta_1": "GOBIERNO AUTONOMO DESCENTRALIZADO MUNICIPAL DEL CANTON MANTA .", "document_1": 1360000980000.0, "direccio_1": "PARROQUIA RURAL SAN LORENZO - N?ÜCLEO URBANO - MZ 10 LOTE 15", "area_m2_1": 91.79, "frente_u_1": 11.0, "frente_t_1": 11.0, "avaluo_c_1": 17722.97, "avaluo_s_1": 3671.6, "zonaurba_1": "N?ÜCLEOS URBANOS EN ZONA RURAL", "parroqui_1": "SAN LORENZO", "esta_blo_1": "NO", "es_terce_1": "NO", "tiene_el_1": "SI", "tiene_ag_1": "NO", "tiene_al_1": "NO", "observac_2": "SE CREA LA CLAVE CATASTRAL 6-10-06-15-000 A FAVOR DEL GOBIERNO AUTONOMO DESCENTRALIZADO DEL CANTON MANTA CON FINES DE LEGALIZACI?ôN, PREDIO UBICADO EN EL BARRIO 10 DE AGOSTO DEL N?ÜCLEO URBANO DE LA PARROQUIA SAN LORENZO, PREVIO INFORME DEL ARQ. CRISTH", "observac_3": null, "barrio_1": "10 DE AGOSTO", "parroquia1": 7, "barrio_i_1": 110, "proceso_1": 0, "fecha_re_1": null, "activo_c_1": "SI", "desactiv_1": 0, "avaluo_r_2": 0.0, "avaluo_r_3": 0.0, "clasific_1": "POR LEGALIZAR", "anio_deu_1": 0, "deuda_1": 0.0, "valor_ip_1": 0.0, "coactiva_1": null, "fichareg_1": 0, "etam_1": 0.1, "diferenc_1": -0.0045540559, "porc_dif_1": -4.96139e-05, "admisibl_1": "VERDADERO", "deuda_an_1": 0.0, "RESOLUCION": "609-21-05-2026" }, "geometry": { "type": "MultiPolygon", "coordinates": [ [ [ [ -80.906437393409675, -1.066203477049224 ], [ -80.906342603981983, -1.06617517745737 ], [ -80.906319459146005, -1.066248480609136 ], [ -80.906410790924369, -1.066275747912578 ], [ -80.906437393409675, -1.066203477049224 ] ] ] ] } },
{ "type": "Feature", "properties": { "id": 106303, "lote_id": 110104, "clavecatas": "6-10-06-16-000", "zona": "6", "sector": "10", "manzana": "06", "lote": "16", "ph": "000", "propietari": "GOBIERNO AUTONOMO DESCENTRALIZADO MUNICIPAL DEL CANTON MANTA .", "documentop": "1360000980001", "direccion": "PARROQUIA RURAL SAN LORENZO - NÚCLEO URBANO - MZ 10 LOTE 16", "area_m2": 58.65, "frente_uti": 6.9, "frente_tot": 15.4, "avaluo_con": 20014.88, "avaluo_sue": 2346.0, "zonaurbano": "NÚCLEOS URBANOS EN ZONA RURAL", "parroquia": "SAN LORENZO", "esta_bloqu": "NO", "es_tercera": "NO", "tiene_elec": "SI", "tiene_agua": "NO", "tiene_alca": "NO", "observacio": "SE CREA LA CLAVE CATASTRAL 6-10-06-16-000 A FAVOR DEL GOBIERNO AUTONOMO DESCENTRALIZADO DEL CANTON MANTA CON FINES DE LEGALIZACIÓN, PREDIO UBICADO EN EL BARRIO 10 DE AGOSTO DEL NÚCLEO URBANO DE LA PARROQUIA SAN LORENZO, PREVIO INFORME DEL ARQ. CRISTHIA", "observac_1": null, "barrio": "10 DE AGOSTO", "parroquia_": 7, "barrio_id": 110, "proceso": 0, "fecha_regi": null, "activo_cat": "SI", "desactivad": 0, "avaluo_rem": 0.0, "avaluo_r_1": 0.0, "clasificac": "POR LEGALIZAR", "anio_deuda": 0, "deuda": 0.0, "valor_ip": 0.0, "coactiva": null, "ficharegis": 0, "etam": 0.1, "diferencia": 8.80078e-05, "porc_difer": 1.5006e-06, "admisible": 1, "deuda_anio": 0.0, "id_1": 106303, "lote_id_1": 110104, "clavecat_1": "6-10-06-16-000", "Clave_Ok": "6-10-06-16-000", "zona_1": 6, "sector_1": 10, "manzana_1": 6, "lote_1": 16, "ph_1": 0, "propieta_1": "GOBIERNO AUTONOMO DESCENTRALIZADO MUNICIPAL DEL CANTON MANTA .", "document_1": 1360000980000.0, "direccio_1": "PARROQUIA RURAL SAN LORENZO - N?ÜCLEO URBANO - MZ 10 LOTE 16", "area_m2_1": 58.65, "frente_u_1": 6.9, "frente_t_1": 15.4, "avaluo_c_1": 20014.88, "avaluo_s_1": 2346.0, "zonaurba_1": "N?ÜCLEOS URBANOS EN ZONA RURAL", "parroqui_1": "SAN LORENZO", "esta_blo_1": "NO", "es_terce_1": "NO", "tiene_el_1": "SI", "tiene_ag_1": "NO", "tiene_al_1": "NO", "observac_2": "SE CREA LA CLAVE CATASTRAL 6-10-06-16-000 A FAVOR DEL GOBIERNO AUTONOMO DESCENTRALIZADO DEL CANTON MANTA CON FINES DE LEGALIZACI?ôN, PREDIO UBICADO EN EL BARRIO 10 DE AGOSTO DEL N?ÜCLEO URBANO DE LA PARROQUIA SAN LORENZO, PREVIO INFORME DEL ARQ. CRISTH", "observac_3": null, "barrio_1": "10 DE AGOSTO", "parroquia1": 7, "barrio_i_1": 110, "proceso_1": 0, "fecha_re_1": null, "activo_c_1": "SI", "desactiv_1": 0, "avaluo_r_2": 0.0, "avaluo_r_3": 0.0, "clasific_1": "POR LEGALIZAR", "anio_deu_1": 0, "deuda_1": 0.0, "valor_ip_1": 0.0, "coactiva_1": null, "fichareg_1": 0, "etam_1": 0.1, "diferenc_1": 8.80078e-05, "porc_dif_1": 1.5006e-06, "admisibl_1": "VERDADERO", "deuda_an_1": 0.0, "RESOLUCION": "609-21-05-2026" }, "geometry": { "type": "MultiPolygon", "coordinates": [ [ [ [ -80.906333986761368, -1.066172604767048 ], [ -80.906274527939672, -1.06615485320332 ], [ -80.906252675799422, -1.066228542292063 ], [ -80.906312134622354, -1.066246293856338 ], [ -80.906333986761368, -1.066172604767048 ] ] ] ] } },
{ "type": "Feature", "properties": { "id": 106410, "lote_id": 110191, "clavecatas": "6-10-11-05-000", "zona": "6", "sector": "10", "manzana": "11", "lote": "05", "ph": "000", "propietari": "RIVERA RIVERA JOSE FLAVIO", "documentop": "1308925138", "direccion": "PARROQUIA SAN LORENZO  - NÚCLEO URBANO - 10 DE AGOSTO - MZ 14 LOTE 04", "area_m2": 220.17, "frente_uti": 7.64, "frente_tot": 20.63, "avaluo_con": 12833.82, "avaluo_sue": 7133.51, "zonaurbano": "NÚCLEOS URBANOS EN ZONA RURAL", "parroquia": "SAN LORENZO", "esta_bloqu": "NO", "es_tercera": "NO", "tiene_elec": "SI", "tiene_agua": "NO", "tiene_alca": "NO", "observacio": "SE CREA LA CLAVE CATASTRAL 6-10-11-05-000 A FAVOR DE RIVERA RIVERA JALEY ARIOSTO Y RIVERA RIVERA JOSE FLAVIO CON FINES DE LEGALIZACIÓN, PREDIO UBICADO EN EL BARRIO 10 DE AGOSTO DEL NÚCLEO URBANO DE LA PARROQUIA SAN LORENZO, PREVIO INFORME DEL ARQ. PATR", "observac_1": null, "barrio": "10 DE AGOSTO", "parroquia_": 7, "barrio_id": 110, "proceso": 0, "fecha_regi": null, "activo_cat": "SI", "desactivad": 0, "avaluo_rem": 0.0, "avaluo_r_1": 0.0, "clasificac": "GENERAL", "anio_deuda": 0, "deuda": 0.0, "valor_ip": 0.0, "coactiva": null, "ficharegis": 92701, "etam": 0.1347879054, "diferencia": -2.8592385503000002, "porc_difer": -0.0129865038, "admisible": 1, "deuda_anio": 0.0, "id_1": 106410, "lote_id_1": 110191, "clavecat_1": "6-10-11-05-000", "Clave_Ok": "6-10-11-05-000", "zona_1": 6, "sector_1": 10, "manzana_1": 11, "lote_1": 5, "ph_1": 0, "propieta_1": "RIVERA RIVERA JOSE FLAVIO", "document_1": 1308925138.0, "direccio_1": "PARROQUIA SAN LORENZO  - N?ÜCLEO URBANO - 10 DE AGOSTO - MZ 14 LOTE 04", "area_m2_1": 220.17, "frente_u_1": 7.64, "frente_t_1": 20.63, "avaluo_c_1": 12833.82, "avaluo_s_1": 7133.51, "zonaurba_1": "N?ÜCLEOS URBANOS EN ZONA RURAL", "parroqui_1": "SAN LORENZO", "esta_blo_1": "NO", "es_terce_1": "NO", "tiene_el_1": "SI", "tiene_ag_1": "NO", "tiene_al_1": "NO", "observac_2": "SE CREA LA CLAVE CATASTRAL 6-10-11-05-000 A FAVOR DE RIVERA RIVERA JALEY ARIOSTO Y RIVERA RIVERA JOSE FLAVIO CON FINES DE LEGALIZACI?ôN, PREDIO UBICADO EN EL BARRIO 10 DE AGOSTO DEL N?ÜCLEO URBANO DE LA PARROQUIA SAN LORENZO, PREVIO INFORME DEL ARQ. PA", "observac_3": null, "barrio_1": "10 DE AGOSTO", "parroquia1": 7, "barrio_i_1": 110, "proceso_1": 0, "fecha_re_1": null, "activo_c_1": "SI", "desactiv_1": 0, "avaluo_r_2": 0.0, "avaluo_r_3": 0.0, "clasific_1": "GENERAL", "anio_deu_1": 0, "deuda_1": 0.0, "valor_ip_1": 0.0, "coactiva_1": null, "fichareg_1": 92701, "etam_1": 0.1347879054, "diferenc_1": -2.8592385503000002, "porc_dif_1": -0.0129865038, "admisibl_1": "VERDADERO", "deuda_an_1": 0.0, "RESOLUCION": "610-21-05-2026" }, "geometry": { "type": "MultiPolygon", "coordinates": [ [ [ [ -80.904830425152866, -1.065117666674185 ], [ -80.904763809864392, -1.065098736359688 ], [ -80.904714654791263, -1.065174395914432 ], [ -80.904721371104941, -1.065177593998855 ], [ -80.904712767057703, -1.065196016178566 ], [ -80.904720828683267, -1.065200020791372 ], [ -80.904704597780807, -1.065228197101461 ], [ -80.904730991291061, -1.065252771862838 ], [ -80.904707706371667, -1.065293047217126 ], [ -80.904763661037151, -1.065362491810253 ], [ -80.904830425152866, -1.065117666674185 ] ] ] ] } },
{ "type": "Feature", "properties": { "id": 106450, "lote_id": 110092, "clavecatas": "6-10-15-29-000", "zona": "6", "sector": "10", "manzana": "15", "lote": "29", "ph": "000", "propietari": "GOBIERNO AUTONOMO DESCENTRALIZADO MUNICIPAL DEL CANTON MANTA .", "documentop": "1360000980001", "direccion": "PARROQUIA RURAL SAN LORENZO - NÚCLEO URBANO - MZ12 LOTE 17", "area_m2": 313.23, "frente_uti": 17.2, "frente_tot": 35.4, "avaluo_con": 56373.72, "avaluo_sue": 11840.09, "zonaurbano": "NÚCLEOS URBANOS EN ZONA RURAL", "parroquia": "SAN LORENZO", "esta_bloqu": "NO", "es_tercera": "NO", "tiene_elec": "SI", "tiene_agua": "NO", "tiene_alca": "NO", "observacio": "SE CREA LA CLAVE CATASTRAL 6-10-15-29-000 A FAVOR DE GONZALEZ LOPEZ ERIKA JOHANA CON FINES DE LEGALIZACIÓN, PREDIO UBICADO EN EL BARRIO 10 DE AGOSTO DEL NÚCLEO URBANO DE LA PARROQUIA SAN LORENZO, PREVIO INFORME DEL ARQ. CRISTHIAN PICO.", "observac_1": null, "barrio": "10 DE AGOSTO", "parroquia_": 7, "barrio_id": 110, "proceso": 0, "fecha_regi": null, "activo_cat": "SI", "desactivad": 0, "avaluo_rem": 0.0, "avaluo_r_1": 0.0, "clasificac": "POR LEGALIZAR", "anio_deuda": 0, "deuda": 0.0, "valor_ip": 0.0, "coactiva": null, "ficharegis": 0, "etam": 0.1695077579, "diferencia": 0.0044002326, "porc_difer": 1.40479e-05, "admisible": 1, "deuda_anio": 0.0, "id_1": 106450, "lote_id_1": 110092, "clavecat_1": "6-10-15-29-000", "Clave_Ok": "6-10-15-29-000", "zona_1": 6, "sector_1": 10, "manzana_1": 15, "lote_1": 29, "ph_1": 0, "propieta_1": "GOBIERNO AUTONOMO DESCENTRALIZADO MUNICIPAL DEL CANTON MANTA .", "document_1": 1360000980000.0, "direccio_1": "PARROQUIA RURAL SAN LORENZO - N?ÜCLEO URBANO - MZ12 LOTE 17", "area_m2_1": 313.23, "frente_u_1": 17.2, "frente_t_1": 35.4, "avaluo_c_1": 56373.72, "avaluo_s_1": 11840.09, "zonaurba_1": "N?ÜCLEOS URBANOS EN ZONA RURAL", "parroqui_1": "SAN LORENZO", "esta_blo_1": "NO", "es_terce_1": "NO", "tiene_el_1": "SI", "tiene_ag_1": "NO", "tiene_al_1": "NO", "observac_2": "SE CREA LA CLAVE CATASTRAL 6-10-15-29-000 A FAVOR DE GONZALEZ LOPEZ ERIKA JOHANA CON FINES DE LEGALIZACI?ôN, PREDIO UBICADO EN EL BARRIO 10 DE AGOSTO DEL N?ÜCLEO URBANO DE LA PARROQUIA SAN LORENZO, PREVIO INFORME DEL ARQ. CRISTHIAN PICO.", "observac_3": null, "barrio_1": "10 DE AGOSTO", "parroquia1": 7, "barrio_i_1": 110, "proceso_1": 0, "fecha_re_1": null, "activo_c_1": "SI", "desactiv_1": 0, "avaluo_r_2": 0.0, "avaluo_r_3": 0.0, "clasific_1": "POR LEGALIZAR", "anio_deu_1": 0, "deuda_1": 0.0, "valor_ip_1": 0.0, "coactiva_1": null, "fichareg_1": 0, "etam_1": 0.1695077579, "diferenc_1": 0.0044002326, "porc_dif_1": 1.40479e-05, "admisibl_1": "VERDADERO", "deuda_an_1": 0.0, "RESOLUCION": "610-21-05-2026" }, "geometry": { "type": "MultiPolygon", "coordinates": [ [ [ [ -80.906259310760106, -1.065389193235512 ], [ -80.906103054605566, -1.065376038771058 ], [ -80.906077329436442, -1.065537535694883 ], [ -80.906231310923857, -1.065551423639972 ], [ -80.906259310760106, -1.065389193235512 ] ] ] ] } },
{ "type": "Feature", "properties": { "id": 106451, "lote_id": 110090, "clavecatas": "6-10-15-30-000", "zona": "6", "sector": "10", "manzana": "15", "lote": "30", "ph": "000", "propietari": "GOBIERNO AUTONOMO DESCENTRALIZADO MUNICIPAL DEL CANTON MANTA .", "documentop": "1360000980001", "direccion": "PARROQUIA RURAL SAN LORENZO - NÚCLEO URBANO - MZ12 LOTE 16", "area_m2": 322.02, "frente_uti": 17.45, "frente_tot": 17.45, "avaluo_con": 20170.75, "avaluo_sue": 10433.45, "zonaurbano": "NÚCLEOS URBANOS EN ZONA RURAL", "parroquia": "SAN LORENZO", "esta_bloqu": "NO", "es_tercera": "NO", "tiene_elec": "SI", "tiene_agua": "NO", "tiene_alca": "NO", "observacio": "SE CREA LA CLAVE CATASTRAL 6-10-15-30-000 A FAVOR DE RIVERA LOPEZ MARTHA GERMANIA Y LOPEZ PILOZO AUGUSTO LORENZO CON FINES DE LEGALIZACIÓN, PREDIO UBICADO EN EL BARRIO 10 DE AGOSTO DEL NÚCLEO URBANO DE LA PARROQUIA SAN LORENZO, PREVIO INFORME DEL ARQ.", "observac_1": null, "barrio": "10 DE AGOSTO", "parroquia_": 7, "barrio_id": 110, "proceso": 0, "fecha_regi": null, "activo_cat": "SI", "desactivad": 0, "avaluo_rem": 0.0, "avaluo_r_1": 0.0, "clasificac": "POR LEGALIZAR", "anio_deuda": 0, "deuda": 0.0, "valor_ip": 0.0, "coactiva": null, "ficharegis": 0, "etam": 0.167178272, "diferencia": 0.0011831319, "porc_difer": 3.6741e-06, "admisible": 1, "deuda_anio": 0.0, "id_1": 106451, "lote_id_1": 110090, "clavecat_1": "6-10-15-30-000", "Clave_Ok": "6-10-15-30-000", "zona_1": 6, "sector_1": 10, "manzana_1": 15, "lote_1": 30, "ph_1": 0, "propieta_1": "GOBIERNO AUTONOMO DESCENTRALIZADO MUNICIPAL DEL CANTON MANTA .", "document_1": 1360000980000.0, "direccio_1": "PARROQUIA RURAL SAN LORENZO - N?ÜCLEO URBANO - MZ12 LOTE 16", "area_m2_1": 322.02, "frente_u_1": 17.45, "frente_t_1": 17.45, "avaluo_c_1": 20170.75, "avaluo_s_1": 10433.45, "zonaurba_1": "N?ÜCLEOS URBANOS EN ZONA RURAL", "parroqui_1": "SAN LORENZO", "esta_blo_1": "NO", "es_terce_1": "NO", "tiene_el_1": "SI", "tiene_ag_1": "NO", "tiene_al_1": "NO", "observac_2": "SE CREA LA CLAVE CATASTRAL 6-10-15-30-000 A FAVOR DE RIVERA LOPEZ MARTHA GERMANIA Y LOPEZ PILOZO AUGUSTO LORENZO CON FINES DE LEGALIZACI?ôN, PREDIO UBICADO EN EL BARRIO 10 DE AGOSTO DEL N?ÜCLEO URBANO DE LA PARROQUIA SAN LORENZO, PREVIO INFORME DEL ARQ", "observac_3": null, "barrio_1": "10 DE AGOSTO", "parroquia1": 7, "barrio_i_1": 110, "proceso_1": 0, "fecha_re_1": null, "activo_c_1": "SI", "desactiv_1": 0, "avaluo_r_2": 0.0, "avaluo_r_3": 0.0, "clasific_1": "POR LEGALIZAR", "anio_deu_1": 0, "deuda_1": 0.0, "valor_ip_1": 0.0, "coactiva_1": null, "fichareg_1": 0, "etam_1": 0.167178272, "diferenc_1": 0.0011831319, "porc_dif_1": 3.6741e-06, "admisibl_1": "VERDADERO", "deuda_an_1": 0.0, "RESOLUCION": "610-21-05-2026" }, "geometry": { "type": "MultiPolygon", "coordinates": [ [ [ [ -80.906077329436442, -1.065537535694883 ], [ -80.906103054605566, -1.065376038771058 ], [ -80.905921821270908, -1.065360744963727 ], [ -80.905919679521546, -1.065386459162472 ], [ -80.90594193071729, -1.065387533699608 ], [ -80.905921109848123, -1.065523445882294 ], [ -80.906077329436442, -1.065537535694883 ] ] ] ] } },
{ "type": "Feature", "properties": { "id": 106452, "lote_id": 110093, "clavecatas": "6-10-15-36-000", "zona": "6", "sector": "10", "manzana": "15", "lote": "36", "ph": "000", "propietari": "CEDEÑO LOPEZ CARLOS DANIEL", "documentop": "1305312397", "direccion": "PARROQUIA RURAL SAN LORENZO - NÚCLEO URBANO - MZ12 LOTE 05", "area_m2": 195.14, "frente_uti": 12.0, "frente_tot": 12.0, "avaluo_con": 104010.0, "avaluo_sue": 7025.04, "zonaurbano": "NÚCLEOS URBANOS EN ZONA RURAL", "parroquia": "SAN LORENZO", "esta_bloqu": "NO", "es_tercera": "NO", "tiene_elec": "SI", "tiene_agua": "NO", "tiene_alca": "NO", "observacio": "SE CREA LA CLAVE CATASTRAL 6-10-15-36-000 A FAVOR DE CEDEÑO LOPEZ CARLOS DANIEL Y ALVIA RIVERA ANA MARIA CON FINES DE LEGALIZACIÓN, PREDIO UBICADO EN EL BARRIO 10 DE AGOSTO DEL NÚCLEO URBANO DE LA PARROQUIA SAN LORENZO, PREVIO INFORME DEL ARQ. CRISTHI", "observac_1": null, "barrio": "10 DE AGOSTO", "parroquia_": 7, "barrio_id": 110, "proceso": 0, "fecha_regi": null, "activo_cat": "SI", "desactivad": 0, "avaluo_rem": 0.0, "avaluo_r_1": 0.0, "clasificac": "GENERAL", "anio_deuda": 0, "deuda": 0.0, "valor_ip": 0.0, "coactiva": null, "ficharegis": 92763, "etam": 0.0715857945, "diferencia": -76.373531812799996, "porc_difer": -0.3913781481, "admisible": 0, "deuda_anio": 0.0, "id_1": 106452, "lote_id_1": 110093, "clavecat_1": "6-10-15-36-000", "Clave_Ok": "6-10-15-36-000", "zona_1": 6, "sector_1": 10, "manzana_1": 15, "lote_1": 36, "ph_1": 0, "propieta_1": "CEDE?æO LOPEZ CARLOS DANIEL", "document_1": 1305312397.0, "direccio_1": "PARROQUIA RURAL SAN LORENZO - N?ÜCLEO URBANO - MZ12 LOTE 05", "area_m2_1": 195.14, "frente_u_1": 12.0, "frente_t_1": 12.0, "avaluo_c_1": 104010.0, "avaluo_s_1": 7025.04, "zonaurba_1": "N?ÜCLEOS URBANOS EN ZONA RURAL", "parroqui_1": "SAN LORENZO", "esta_blo_1": "NO", "es_terce_1": "NO", "tiene_el_1": "SI", "tiene_ag_1": "NO", "tiene_al_1": "NO", "observac_2": "SE CREA LA CLAVE CATASTRAL 6-10-15-36-000 A FAVOR DE CEDE?æO LOPEZ CARLOS DANIEL Y ALVIA RIVERA ANA MARIA CON FINES DE LEGALIZACI?ôN, PREDIO UBICADO EN EL BARRIO 10 DE AGOSTO DEL N?ÜCLEO URBANO DE LA PARROQUIA SAN LORENZO, PREVIO INFORME DEL ARQ. CRIS", "observac_3": null, "barrio_1": "10 DE AGOSTO", "parroquia1": 7, "barrio_i_1": 110, "proceso_1": 0, "fecha_re_1": null, "activo_c_1": "SI", "desactiv_1": 0, "avaluo_r_2": 0.0, "avaluo_r_3": 0.0, "clasific_1": "GENERAL", "anio_deu_1": 0, "deuda_1": 0.0, "valor_ip_1": 0.0, "coactiva_1": null, "fichareg_1": 92763, "etam_1": 0.0715857945, "diferenc_1": -76.373531812799996, "porc_dif_1": -0.3913781481, "admisibl_1": "FALSO", "deuda_an_1": 0.0, "RESOLUCION": "610-21-05-2026" }, "geometry": { "type": "MultiPolygon", "coordinates": [ [ [ [ -80.905650700583976, -1.064242505352963 ], [ -80.905802990374141, -1.064251052492425 ], [ -80.905812606585997, -1.064121708248882 ], [ -80.905659302173433, -1.064085515139496 ], [ -80.905650700583976, -1.064242505352963 ] ] ] ] } },
{ "type": "Feature", "properties": { "id": 106541, "lote_id": 110100, "clavecatas": "6-10-21-23-000", "zona": "6", "sector": "10", "manzana": "21", "lote": "23", "ph": "000", "propietari": "GOBIERNO AUTONOMO DESCENTRALIZADO MUNICIPAL DEL CANTON MANTA .", "documentop": "1360000980001", "direccion": "PARROQUIA RURAL SAN LORENZO - NÚCLEO URBANO - MZ 08 LOTE 05", "area_m2": 251.0, "frente_uti": 10.0, "frente_tot": 10.0, "avaluo_con": 30629.65, "avaluo_sue": 17570.0, "zonaurbano": "NÚCLEOS URBANOS EN ZONA RURAL", "parroquia": "SAN LORENZO", "esta_bloqu": "NO", "es_tercera": "NO", "tiene_elec": "SI", "tiene_agua": "NO", "tiene_alca": "NO", "observacio": "SE CREA LA CLAVE CATASTRAL 6-10-21-23-000 A FAVOR DEL GOBIERNO AUTONOMO DESCENTRALIZADO DEL CANTON MANTA CON FINES DE LEGALIZACIÓN, PREDIO UBICADO EN EL BARRIO 10 DE AGOSTO DEL NÚCLEO URBANO DE LA PARROQUIA SAN LORENZO, PREVIO INFORME DEL ARQ. CRISTHIA", "observac_1": null, "barrio": "10 DE AGOSTO", "parroquia_": 7, "barrio_id": 110, "proceso": 0, "fecha_regi": null, "activo_cat": "SI", "desactivad": 0, "avaluo_rem": 0.0, "avaluo_r_1": 0.0, "clasificac": "POR LEGALIZAR", "anio_deuda": 0, "deuda": 0.0, "valor_ip": 0.0, "coactiva": null, "ficharegis": 0, "etam": 0.1262388806, "diferencia": -8.6e-09, "porc_difer": 0.0, "admisible": 1, "deuda_anio": 0.0, "id_1": 106541, "lote_id_1": 110100, "clavecat_1": "6-10-21-23-000", "Clave_Ok": "6-10-21-23-000", "zona_1": 6, "sector_1": 10, "manzana_1": 21, "lote_1": 23, "ph_1": 0, "propieta_1": "GOBIERNO AUTONOMO DESCENTRALIZADO MUNICIPAL DEL CANTON MANTA .", "document_1": 1360000980000.0, "direccio_1": "PARROQUIA RURAL SAN LORENZO - N?ÜCLEO URBANO - MZ 08 LOTE 05", "area_m2_1": 251.0, "frente_u_1": 10.0, "frente_t_1": 10.0, "avaluo_c_1": 30629.65, "avaluo_s_1": 17570.0, "zonaurba_1": "N?ÜCLEOS URBANOS EN ZONA RURAL", "parroqui_1": "SAN LORENZO", "esta_blo_1": "NO", "es_terce_1": "NO", "tiene_el_1": "SI", "tiene_ag_1": "NO", "tiene_al_1": "NO", "observac_2": "SE CREA LA CLAVE CATASTRAL 6-10-21-23-000 A FAVOR DEL GOBIERNO AUTONOMO DESCENTRALIZADO DEL CANTON MANTA CON FINES DE LEGALIZACI?ôN, PREDIO UBICADO EN EL BARRIO 10 DE AGOSTO DEL N?ÜCLEO URBANO DE LA PARROQUIA SAN LORENZO, PREVIO INFORME DEL ARQ. CRISTH", "observac_3": null, "barrio_1": "10 DE AGOSTO", "parroquia1": 7, "barrio_i_1": 110, "proceso_1": 0, "fecha_re_1": null, "activo_c_1": "SI", "desactiv_1": 0, "avaluo_r_2": 0.0, "avaluo_r_3": 0.0, "clasific_1": "POR LEGALIZAR", "anio_deu_1": 0, "deuda_1": 0.0, "valor_ip_1": 0.0, "coactiva_1": null, "fichareg_1": 0, "etam_1": 0.1262388806, "diferenc_1": -8.6e-09, "porc_dif_1": 0.0, "admisibl_1": "VERDADERO", "deuda_an_1": 0.0, "RESOLUCION": "609-21-05-2026" }, "geometry": { "type": "MultiPolygon", "coordinates": [ [ [ [ -80.906811515211089, -1.064373348680784 ], [ -80.90659026629838, -1.064328935811532 ], [ -80.90657268730385, -1.064417661337909 ], [ -80.9067939362224, -1.064462074208943 ], [ -80.906811515211089, -1.064373348680784 ] ] ] ] } },
{ "type": "Feature", "properties": { "id": 106542, "lote_id": 110096, "clavecatas": "6-10-21-24-000", "zona": "6", "sector": "10", "manzana": "21", "lote": "24", "ph": "000", "propietari": "GOBIERNO AUTONOMO DESCENTRALIZADO MUNICIPAL DEL CANTON MANTA .", "documentop": "1360000980001", "direccion": "PARROQUIA RURAL SAN LORENZO - NÚCLEO URBANO - MZ 08 LOTE 07", "area_m2": 259.79, "frente_uti": 10.35, "frente_tot": 10.35, "avaluo_con": 41197.28, "avaluo_sue": 13993.59, "zonaurbano": "NÚCLEOS URBANOS EN ZONA RURAL", "parroquia": "SAN LORENZO", "esta_bloqu": "NO", "es_tercera": "NO", "tiene_elec": "SI", "tiene_agua": "NO", "tiene_alca": "NO", "observacio": "SE CREA LA CLAVE CATASTRAL 6-10-21-24-000 A FAVOR DE REYES RIVERA AGUSTIN FORTUNATO CON FINES DE LEGALIZACIÓN, PREDIO UBICADO EN EL BARRIO 10 DE AGOSTO DEL NÚCLEO URBANO DE LA PARROQUIA SAN LORENZO, PREVIO INFORME DEL ARQ. CRISTHIAN PICO.", "observac_1": null, "barrio": "10 DE AGOSTO", "parroquia_": 7, "barrio_id": 110, "proceso": 0, "fecha_regi": null, "activo_cat": "SI", "desactivad": 0, "avaluo_rem": 0.0, "avaluo_r_1": 0.0, "clasificac": "POR LEGALIZAR", "anio_deuda": 0, "deuda": 0.0, "valor_ip": 0.0, "coactiva": null, "ficharegis": 0, "etam": 0.1240848559, "diferencia": 0.0049999585, "porc_difer": 1.92462e-05, "admisible": 1, "deuda_anio": 0.0, "id_1": 106542, "lote_id_1": 110096, "clavecat_1": "6-10-21-24-000", "Clave_Ok": "6-10-21-24-000", "zona_1": 6, "sector_1": 10, "manzana_1": 21, "lote_1": 24, "ph_1": 0, "propieta_1": "GOBIERNO AUTONOMO DESCENTRALIZADO MUNICIPAL DEL CANTON MANTA .", "document_1": 1360000980000.0, "direccio_1": "PARROQUIA RURAL SAN LORENZO - N?ÜCLEO URBANO - MZ 08 LOTE 07", "area_m2_1": 259.79, "frente_u_1": 10.35, "frente_t_1": 10.35, "avaluo_c_1": 41197.28, "avaluo_s_1": 13993.59, "zonaurba_1": "N?ÜCLEOS URBANOS EN ZONA RURAL", "parroqui_1": "SAN LORENZO", "esta_blo_1": "NO", "es_terce_1": "NO", "tiene_el_1": "SI", "tiene_ag_1": "NO", "tiene_al_1": "NO", "observac_2": "SE CREA LA CLAVE CATASTRAL 6-10-21-24-000 A FAVOR DE REYES RIVERA AGUSTIN FORTUNATO CON FINES DE LEGALIZACI?ôN, PREDIO UBICADO EN EL BARRIO 10 DE AGOSTO DEL N?ÜCLEO URBANO DE LA PARROQUIA SAN LORENZO, PREVIO INFORME DEL ARQ. CRISTHIAN PICO.", "observac_3": null, "barrio_1": "10 DE AGOSTO", "parroquia1": 7, "barrio_i_1": 110, "proceso_1": 0, "fecha_re_1": null, "activo_c_1": "SI", "desactiv_1": 0, "avaluo_r_2": 0.0, "avaluo_r_3": 0.0, "clasific_1": "POR LEGALIZAR", "anio_deu_1": 0, "deuda_1": 0.0, "valor_ip_1": 0.0, "coactiva_1": null, "fichareg_1": 0, "etam_1": 0.1240848559, "diferenc_1": 0.0049999585, "porc_dif_1": 1.92462e-05, "admisibl_1": "VERDADERO", "deuda_an_1": 0.0, "RESOLUCION": "610-21-05-2026" }, "geometry": { "type": "MultiPolygon", "coordinates": [ [ [ [ -80.906758162976644, -1.064642630658014 ], [ -80.906776357232488, -1.064550799736861 ], [ -80.906555108308083, -1.064506386864044 ], [ -80.9065369140462, -1.064598217783351 ], [ -80.906758162976644, -1.064642630658014 ] ] ] ] } },
{ "type": "Feature", "properties": { "id": 106543, "lote_id": 110094, "clavecatas": "6-10-21-25-000", "zona": "6", "sector": "10", "manzana": "21", "lote": "25", "ph": "000", "propietari": "GOBIERNO AUTONOMO DESCENTRALIZADO  MUNICIPAL MANTA .", "documentop": "1360000980001", "direccion": "PARROQUIA RURAL SAN LORENZO - NÚCLEO URBANO - MZ 08 LOTE 11", "area_m2": 125.63, "frente_uti": 1.5, "frente_tot": 1.5, "avaluo_con": 7056.0, "avaluo_sue": 6331.75, "zonaurbano": "NÚCLEOS URBANOS EN ZONA RURAL", "parroquia": "SAN LORENZO", "esta_bloqu": "NO", "es_tercera": "NO", "tiene_elec": "SI", "tiene_agua": "NO", "tiene_alca": "NO", "observacio": "SE CREA LA CLAVE CATASTRAL 6-10-21-25-000 A FAVOR DE LOPEZ REYES PEDRO PABLO CON FINES DE LEGALIZACIÓN, PREDIO UBICADO EN EL BARRIO 10 DE AGOSTO DEL NÚCLEO URBANO DE LA PARROQUIA SAN LORENZO, PREVIO INFORME DEL ARQ. CRISTHIAN PICO.", "observac_1": null, "barrio": "10 DE AGOSTO", "parroquia_": 7, "barrio_id": 110, "proceso": 0, "fecha_regi": null, "activo_cat": "SI", "desactivad": 0, "avaluo_rem": 0.0, "avaluo_r_1": 0.0, "clasificac": "POR LEGALIZAR", "anio_deuda": 0, "deuda": 0.0, "valor_ip": 0.0, "coactiva": null, "ficharegis": 0, "etam": 0.0892181719, "diferencia": 0.0050000012, "porc_difer": 3.97994e-05, "admisible": 1, "deuda_anio": 0.0, "id_1": 106543, "lote_id_1": 110094, "clavecat_1": "6-10-21-25-000", "Clave_Ok": "6-10-21-25-000", "zona_1": 6, "sector_1": 10, "manzana_1": 21, "lote_1": 25, "ph_1": 0, "propieta_1": "GOBIERNO AUTONOMO DESCENTRALIZADO  MUNICIPAL MANTA .", "document_1": 1360000980000.0, "direccio_1": "PARROQUIA RURAL SAN LORENZO - N?ÜCLEO URBANO - MZ 08 LOTE 11", "area_m2_1": 125.63, "frente_u_1": 1.5, "frente_t_1": 1.5, "avaluo_c_1": 7056.0, "avaluo_s_1": 6331.75, "zonaurba_1": "N?ÜCLEOS URBANOS EN ZONA RURAL", "parroqui_1": "SAN LORENZO", "esta_blo_1": "NO", "es_terce_1": "NO", "tiene_el_1": "SI", "tiene_ag_1": "NO", "tiene_al_1": "NO", "observac_2": "SE CREA LA CLAVE CATASTRAL 6-10-21-25-000 A FAVOR DE LOPEZ REYES PEDRO PABLO CON FINES DE LEGALIZACI?ôN, PREDIO UBICADO EN EL BARRIO 10 DE AGOSTO DEL N?ÜCLEO URBANO DE LA PARROQUIA SAN LORENZO, PREVIO INFORME DEL ARQ. CRISTHIAN PICO.", "observac_3": null, "barrio_1": "10 DE AGOSTO", "parroquia1": 7, "barrio_i_1": 110, "proceso_1": 0, "fecha_re_1": null, "activo_c_1": "SI", "desactiv_1": 0, "avaluo_r_2": 0.0, "avaluo_r_3": 0.0, "clasific_1": "POR LEGALIZAR", "anio_deu_1": 0, "deuda_1": 0.0, "valor_ip_1": 0.0, "coactiva_1": null, "fichareg_1": 0, "etam_1": 0.0892181719, "diferenc_1": 0.0050000012, "porc_dif_1": 3.97994e-05, "admisibl_1": "VERDADERO", "deuda_an_1": 0.0, "RESOLUCION": "610-21-05-2026" }, "geometry": { "type": "MultiPolygon", "coordinates": [ [ [ [ -80.906801795734751, -1.064651389370519 ], [ -80.906713208014068, -1.064633606529351 ], [ -80.906691234271904, -1.064744513438145 ], [ -80.906779821995514, -1.064762296280204 ], [ -80.906801795734751, -1.064651389370519 ] ] ] ] } },
{ "type": "Feature", "properties": { "id": 106544, "lote_id": 110095, "clavecatas": "6-10-21-26-000", "zona": "6", "sector": "10", "manzana": "21", "lote": "26", "ph": "000", "propietari": "GOBIERNO AUTONOMO DESCENTRALIZADO MUNICIPAL DEL CANTON MANTA .", "documentop": "1360000980001", "direccion": "PARROQUIA RURAL SAN LORENZO - NÚCLEO URBANO - MZ 08 LOTE 12", "area_m2": 85.5, "frente_uti": 8.55, "frente_tot": 8.55, "avaluo_con": 36725.19, "avaluo_sue": 5386.5, "zonaurbano": "NÚCLEOS URBANOS EN ZONA RURAL", "parroquia": "SAN LORENZO", "esta_bloqu": "NO", "es_tercera": "NO", "tiene_elec": "SI", "tiene_agua": "NO", "tiene_alca": "NO", "observacio": "SE CREA LA CLAVE CATASTRAL 6-10-21-26-000 A FAVOR DE REYES CALDERON JONATHAN ALEXI CON FINES DE LEGALIZACIÓN, PREDIO UBICADO EN EL BARRIO 10 DE AGOSTO DEL NÚCLEO URBANO DE LA PARROQUIA SAN LORENZO, PREVIO INFORME DEL ARQ. CRISTHIAN PICO.", "observac_1": null, "barrio": "10 DE AGOSTO", "parroquia_": 7, "barrio_id": 110, "proceso": 0, "fecha_regi": null, "activo_cat": "SI", "desactivad": 0, "avaluo_rem": 0.0, "avaluo_r_1": 0.0, "clasificac": "POR LEGALIZAR", "anio_deuda": 0, "deuda": 0.0, "valor_ip": 0.0, "coactiva": null, "ficharegis": 0, "etam": 0.1, "diferencia": -2.8e-08, "porc_difer": -3e-10, "admisible": 1, "deuda_anio": 0.0, "id_1": 106544, "lote_id_1": 110095, "clavecat_1": "6-10-21-26-000", "Clave_Ok": "6-10-21-26-000", "zona_1": 6, "sector_1": 10, "manzana_1": 21, "lote_1": 26, "ph_1": 0, "propieta_1": "GOBIERNO AUTONOMO DESCENTRALIZADO MUNICIPAL DEL CANTON MANTA .", "document_1": 1360000980000.0, "direccio_1": "PARROQUIA RURAL SAN LORENZO - N?ÜCLEO URBANO - MZ 08 LOTE 12", "area_m2_1": 85.5, "frente_u_1": 8.55, "frente_t_1": 8.55, "avaluo_c_1": 36725.19, "avaluo_s_1": 5386.5, "zonaurba_1": "N?ÜCLEOS URBANOS EN ZONA RURAL", "parroqui_1": "SAN LORENZO", "esta_blo_1": "NO", "es_terce_1": "NO", "tiene_el_1": "SI", "tiene_ag_1": "NO", "tiene_al_1": "NO", "observac_2": "SE CREA LA CLAVE CATASTRAL 6-10-21-26-000 A FAVOR DE REYES CALDERON JONATHAN ALEXI CON FINES DE LEGALIZACI?ôN, PREDIO UBICADO EN EL BARRIO 10 DE AGOSTO DEL N?ÜCLEO URBANO DE LA PARROQUIA SAN LORENZO, PREVIO INFORME DEL ARQ. CRISTHIAN PICO.", "observac_3": null, "barrio_1": "10 DE AGOSTO", "parroquia1": 7, "barrio_i_1": 110, "proceso_1": 0, "fecha_re_1": null, "activo_c_1": "SI", "desactiv_1": 0, "avaluo_r_2": 0.0, "avaluo_r_3": 0.0, "clasific_1": "POR LEGALIZAR", "anio_deu_1": 0, "deuda_1": 0.0, "valor_ip_1": 0.0, "coactiva_1": null, "fichareg_1": 0, "etam_1": 0.1, "diferenc_1": -2.8e-08, "porc_dif_1": -3e-10, "admisibl_1": "VERDADERO", "deuda_an_1": 0.0, "RESOLUCION": "610-21-05-2026" }, "geometry": { "type": "MultiPolygon", "coordinates": [ [ [ [ -80.906779821995514, -1.064762296280204 ], [ -80.906704456320128, -1.064747167593833 ], [ -80.90668687732537, -1.06483589312072 ], [ -80.90676224300276, -1.064851021807715 ], [ -80.906779821995514, -1.064762296280204 ] ] ] ] } },
{ "type": "Feature", "properties": { "id": 106706, "lote_id": 110066, "clavecatas": "6-11-05-28-000", "zona": "6", "sector": "11", "manzana": "05", "lote": "28", "ph": "000", "propietari": "REYES MONTALVAN MARCELO DAVID", "documentop": "1313419424", "direccion": "MZ-06 LT-09 DEL BARRIO 10 DE AGOSTO DE SAN LORENZO", "area_m2": 697.13, "frente_uti": 23.73, "frente_tot": 23.73, "avaluo_con": 13311.9, "avaluo_sue": 22587.01, "zonaurbano": "NÚCLEOS URBANOS EN ZONA RURAL", "parroquia": "SAN LORENZO", "esta_bloqu": "NO", "es_tercera": "NO", "tiene_elec": "SI", "tiene_agua": "NO", "tiene_alca": "NO", "observacio": "POR LEGALIZAR A FAVOR DE REYES MONTALVAN MARCELO DAVID / NNAZ 12-03-2026 -SE ACTUALIZA INFORMACION CON ESCRITURA DE ADJ.CON PROH.DE ENAJ.INSCRITA EN EL REG.DE LA PROPIEDAD 08/31/2026 Y.C.S.-", "observac_1": null, "barrio": "10 DE AGOSTO", "parroquia_": 7, "barrio_id": 110, "proceso": 0, "fecha_regi": null, "activo_cat": "SI", "desactivad": 0, "avaluo_rem": 0.0, "avaluo_r_1": 0.0, "clasificac": "GENERAL", "anio_deuda": 0, "deuda": 0.0, "valor_ip": 0.0, "coactiva": null, "ficharegis": 92924, "etam": 0.1514966764, "diferencia": 0.0030079053, "porc_difer": 4.3147e-06, "admisible": 1, "deuda_anio": 0.0, "id_1": 106706, "lote_id_1": 110066, "clavecat_1": "6-11-05-28-000", "Clave_Ok": "6-11-05-28-000", "zona_1": 6, "sector_1": 11, "manzana_1": 5, "lote_1": 28, "ph_1": 0, "propieta_1": "REYES MONTALVAN MARCELO DAVID", "document_1": 1313419424.0, "direccio_1": "MZ-06 LT-09 DEL BARRIO 10 DE AGOSTO DE SAN LORENZO", "area_m2_1": 697.13, "frente_u_1": 23.73, "frente_t_1": 23.73, "avaluo_c_1": 13311.9, "avaluo_s_1": 22587.01, "zonaurba_1": "N?ÜCLEOS URBANOS EN ZONA RURAL", "parroqui_1": "SAN LORENZO", "esta_blo_1": "NO", "es_terce_1": "NO", "tiene_el_1": "SI", "tiene_ag_1": "NO", "tiene_al_1": "NO", "observac_2": "POR LEGALIZAR A FAVOR DE REYES MONTALVAN MARCELO DAVID / NNAZ 12-03-2026 -SE ACTUALIZA INFORMACION CON ESCRITURA DE ADJ.CON PROH.DE ENAJ.INSCRITA EN EL REG.DE LA PROPIEDAD 08/31/2026 Y.C.S.-", "observac_3": null, "barrio_1": "10 DE AGOSTO", "parroquia1": 7, "barrio_i_1": 110, "proceso_1": 0, "fecha_re_1": null, "activo_c_1": "SI", "desactiv_1": 0, "avaluo_r_2": 0.0, "avaluo_r_3": 0.0, "clasific_1": "GENERAL", "anio_deu_1": 0, "deuda_1": 0.0, "valor_ip_1": 0.0, "coactiva_1": null, "fichareg_1": 92924, "etam_1": 0.1514966764, "diferenc_1": 0.0030079053, "porc_dif_1": 4.3147e-06, "admisibl_1": "VERDADERO", "deuda_an_1": 0.0, "RESOLUCION": "610-21-05-2026" }, "geometry": { "type": "MultiPolygon", "coordinates": [ [ [ [ -80.907327661516931, -1.062188437882396 ], [ -80.907087999499112, -1.062134992106088 ], [ -80.906962742249291, -1.062308793847791 ], [ -80.907227771164301, -1.062399591504559 ], [ -80.907327661516931, -1.062188437882396 ] ] ] ] } },
{ "type": "Feature", "properties": { "id": 106557, "lote_id": 110058, "clavecatas": "6-10-23-17-000", "zona": "6", "sector": "10", "manzana": "23", "lote": "17", "ph": "000", "propietari": "ZAMBRANO HERMOZA SONIA KARINA", "documentop": "1305762237", "direccion": "MZ- 04 LOTE-07 DEL BARRIO 10 DE AGOSTO DE SAN LORENZO", "area_m2": 199.24, "frente_uti": 14.0, "frente_tot": 14.0, "avaluo_con": 52920.0, "avaluo_sue": 13179.73, "zonaurbano": "NÚCLEOS URBANOS EN ZONA RURAL", "parroquia": "SAN LORENZO", "esta_bloqu": "NO", "es_tercera": "NO", "tiene_elec": "SI", "tiene_agua": "NO", "tiene_alca": "NO", "observacio": "POR LEGALIZAR A FAVOR DE ZAMBRANO HERMOZA SONIA KARINA / NNAZ 12-03-2026-SE ACTUALIZA INF CON ESCRITURA DE CVTA INSCRITA EN EL REG. DE LA PROPIEDAD.08/09/2026 GGV", "observac_1": null, "barrio": "10 DE AGOSTO", "parroquia_": 7, "barrio_id": 110, "proceso": 0, "fecha_regi": null, "activo_cat": "SI", "desactivad": 0, "avaluo_rem": 0.0, "avaluo_r_1": 0.0, "clasificac": "GENERAL", "anio_deuda": 0, "deuda": 0.0, "valor_ip": 0.0, "coactiva": null, "ficharegis": 93039, "etam": 0.0, "diferencia": 2.3847498686000002, "porc_difer": 0.0119692324, "admisible": 0, "deuda_anio": 0.0, "id_1": 106557, "lote_id_1": 110058, "clavecat_1": "6-10-23-17-000", "Clave_Ok": "6-10-23-17-000", "zona_1": 6, "sector_1": 10, "manzana_1": 23, "lote_1": 17, "ph_1": 0, "propieta_1": "ZAMBRANO HERMOZA SONIA KARINA", "document_1": 1305762237.0, "direccio_1": "MZ- 04 LOTE-07 DEL BARRIO 10 DE AGOSTO DE SAN LORENZO", "area_m2_1": 199.24, "frente_u_1": 14.0, "frente_t_1": 14.0, "avaluo_c_1": 52920.0, "avaluo_s_1": 13179.73, "zonaurba_1": "N?ÜCLEOS URBANOS EN ZONA RURAL", "parroqui_1": "SAN LORENZO", "esta_blo_1": "NO", "es_terce_1": "NO", "tiene_el_1": "SI", "tiene_ag_1": "NO", "tiene_al_1": "NO", "observac_2": "POR LEGALIZAR A FAVOR DE ZAMBRANO HERMOZA SONIA KARINA / NNAZ 12-03-2026-SE ACTUALIZA INF CON ESCRITURA DE CVTA INSCRITA EN EL REG. DE LA PROPIEDAD.08/09/2026 GGV", "observac_3": null, "barrio_1": "10 DE AGOSTO", "parroquia1": 7, "barrio_i_1": 110, "proceso_1": 0, "fecha_re_1": null, "activo_c_1": "SI", "desactiv_1": 0, "avaluo_r_2": 0.0, "avaluo_r_3": 0.0, "clasific_1": "GENERAL", "anio_deu_1": 0, "deuda_1": 0.0, "valor_ip_1": 0.0, "coactiva_1": null, "fichareg_1": 93039, "etam_1": 0.0, "diferenc_1": 2.3847498686000002, "porc_dif_1": 0.0119692324, "admisibl_1": "FALSO", "deuda_an_1": 0.0, "RESOLUCION": "610-21-05-2026" }, "geometry": { "type": "MultiPolygon", "coordinates": [ [ [ [ -80.908284932449064, -1.063194640409064 ], [ -80.908406993314188, -1.063230267654944 ], [ -80.908437476986833, -1.063105514428475 ], [ -80.908318953484567, -1.063071824476052 ], [ -80.908284932449064, -1.063194640409064 ] ] ] ] } },
{ "type": "Feature", "properties": { "id": 106582, "lote_id": 110070, "clavecatas": "6-10-25-26-000", "zona": "6", "sector": "10", "manzana": "25", "lote": "26", "ph": "000", "propietari": "GOBIERNO AUTONOMO DESCENTRALIZADO MUNICIPAL DEL CANTON MANTA .", "documentop": "1360000980001", "direccion": "MZ-07 LT-01 DEL BARRIO 10 DE AGOSTO DE SAN LORENZO", "area_m2": 165.21, "frente_uti": 15.57, "frente_tot": 15.57, "avaluo_con": 26649.0, "avaluo_sue": 6608.4, "zonaurbano": "NÚCLEOS URBANOS EN ZONA RURAL", "parroquia": "SAN LORENZO", "esta_bloqu": "NO", "es_tercera": "NO", "tiene_elec": "SI", "tiene_agua": "NO", "tiene_alca": "NO", "observacio": "POR LEGALIZAR A FAVOR DE RIVERA ACOSTA RODRIGO LUIGGI / NNAZ  12-03-2026", "observac_1": null, "barrio": "10 DE AGOSTO", "parroquia_": 7, "barrio_id": 110, "proceso": 0, "fecha_regi": null, "activo_cat": "SI", "desactivad": 0, "avaluo_rem": 0.0, "avaluo_r_1": 0.0, "clasificac": "POR LEGALIZAR", "anio_deuda": 0, "deuda": 0.0, "valor_ip": 0.0, "coactiva": null, "ficharegis": 0, "etam": 0.0778004008, "diferencia": 0.0011198355, "porc_difer": 6.7783e-06, "admisible": 1, "deuda_anio": 0.0, "id_1": 106582, "lote_id_1": 110070, "clavecat_1": "6-10-25-26-000", "Clave_Ok": "6-10-25-26-000", "zona_1": 6, "sector_1": 10, "manzana_1": 25, "lote_1": 26, "ph_1": 0, "propieta_1": "GOBIERNO AUTONOMO DESCENTRALIZADO MUNICIPAL DEL CANTON MANTA .", "document_1": 1360000980000.0, "direccio_1": "MZ-07 LT-01 DEL BARRIO 10 DE AGOSTO DE SAN LORENZO", "area_m2_1": 165.21, "frente_u_1": 15.57, "frente_t_1": 15.57, "avaluo_c_1": 26649.0, "avaluo_s_1": 6608.4, "zonaurba_1": "N?ÜCLEOS URBANOS EN ZONA RURAL", "parroqui_1": "SAN LORENZO", "esta_blo_1": "NO", "es_terce_1": "NO", "tiene_el_1": "SI", "tiene_ag_1": "NO", "tiene_al_1": "NO", "observac_2": "POR LEGALIZAR A FAVOR DE RIVERA ACOSTA RODRIGO LUIGGI / NNAZ  12-03-2026", "observac_3": null, "barrio_1": "10 DE AGOSTO", "parroquia1": 7, "barrio_i_1": 110, "proceso_1": 0, "fecha_re_1": null, "activo_c_1": "SI", "desactiv_1": 0, "avaluo_r_2": 0.0, "avaluo_r_3": 0.0, "clasific_1": "POR LEGALIZAR", "anio_deu_1": 0, "deuda_1": 0.0, "valor_ip_1": 0.0, "coactiva_1": null, "fichareg_1": 0, "etam_1": 0.0778004008, "diferenc_1": 0.0011198355, "porc_dif_1": 6.7783e-06, "admisibl_1": "VERDADERO", "deuda_an_1": 0.0, "RESOLUCION": "609-21-05-2026" }, "geometry": { "type": "MultiPolygon", "coordinates": [ [ [ [ -80.90821819574586, -1.06304011356555 ], [ -80.908125718588309, -1.063019818033009 ], [ -80.908084922804818, -1.063156813365034 ], [ -80.908178503163995, -1.063175208943886 ], [ -80.90821819574586, -1.06304011356555 ] ] ] ] } },
{ "type": "Feature", "properties": { "id": 106583, "lote_id": 110067, "clavecatas": "6-10-25-29-000", "zona": "6", "sector": "10", "manzana": "25", "lote": "29", "ph": "000", "propietari": "GOBIERNO AUTONOMO DESCENTRALIZADO MUNICIPAL DEL CANTON MANTA .", "documentop": "1360000980001", "direccion": "MZ-07 LT-05 DEL BARRIO 10 DE AGOSTO DE SAN LORENZO", "area_m2": 243.71, "frente_uti": 15.41, "frente_tot": 15.41, "avaluo_con": 15579.9, "avaluo_sue": 9748.4, "zonaurbano": "NÚCLEOS URBANOS EN ZONA RURAL", "parroquia": "SAN LORENZO", "esta_bloqu": "NO", "es_tercera": "NO", "tiene_elec": "SI", "tiene_agua": "NO", "tiene_alca": "NO", "observacio": "POR LEGALIZAR A FAVOR DE RIVERA MUÑOZ NIXON JEOVANNY - NNAZ 12/03/2026", "observac_1": null, "barrio": "10 DE AGOSTO", "parroquia_": 7, "barrio_id": 110, "proceso": 0, "fecha_regi": null, "activo_cat": "SI", "desactivad": 0, "avaluo_rem": 0.0, "avaluo_r_1": 0.0, "clasificac": "POR LEGALIZAR", "anio_deuda": 0, "deuda": 0.0, "valor_ip": 0.0, "coactiva": null, "ficharegis": 0, "etam": 0.1281130353, "diferencia": -0.0011384675, "porc_difer": -4.6714e-06, "admisible": 1, "deuda_anio": 0.0, "id_1": 106583, "lote_id_1": 110067, "clavecat_1": "6-10-25-29-000", "Clave_Ok": "6-10-25-29-000", "zona_1": 6, "sector_1": 10, "manzana_1": 25, "lote_1": 29, "ph_1": 0, "propieta_1": "GOBIERNO AUTONOMO DESCENTRALIZADO MUNICIPAL DEL CANTON MANTA .", "document_1": 1360000980000.0, "direccio_1": "MZ-07 LT-05 DEL BARRIO 10 DE AGOSTO DE SAN LORENZO", "area_m2_1": 243.71, "frente_u_1": 15.41, "frente_t_1": 15.41, "avaluo_c_1": 15579.9, "avaluo_s_1": 9748.4, "zonaurba_1": "N?ÜCLEOS URBANOS EN ZONA RURAL", "parroqui_1": "SAN LORENZO", "esta_blo_1": "NO", "es_terce_1": "NO", "tiene_el_1": "SI", "tiene_ag_1": "NO", "tiene_al_1": "NO", "observac_2": "POR LEGALIZAR A FAVOR DE RIVERA MU?æOZ NIXON JEOVANNY - NNAZ 12/03/2026", "observac_3": null, "barrio_1": "10 DE AGOSTO", "parroquia1": 7, "barrio_i_1": 110, "proceso_1": 0, "fecha_re_1": null, "activo_c_1": "SI", "desactiv_1": 0, "avaluo_r_2": 0.0, "avaluo_r_3": 0.0, "clasific_1": "POR LEGALIZAR", "anio_deu_1": 0, "deuda_1": 0.0, "valor_ip_1": 0.0, "coactiva_1": null, "fichareg_1": 0, "etam_1": 0.1281130353, "diferenc_1": -0.0011384675, "porc_dif_1": -4.6714e-06, "admisibl_1": "VERDADERO", "deuda_an_1": 0.0, "RESOLUCION": "609-21-05-2026" }, "geometry": { "type": "MultiPolygon", "coordinates": [ [ [ [ -80.907404669886432, -1.062857093861072 ], [ -80.907261160171771, -1.062827422272745 ], [ -80.90725527265667, -1.06296461604706 ], [ -80.907389047310261, -1.063000692871005 ], [ -80.907404669886432, -1.062857093861072 ] ] ] ] } },
{ "type": "Feature", "properties": { "id": 106584, "lote_id": 110062, "clavecatas": "6-10-25-32-000", "zona": "6", "sector": "10", "manzana": "25", "lote": "32", "ph": "000", "propietari": "GOBIERNO AUTONOMO DESCENTRALIZADO MUNICIPAL DEL CANTON MANTA .", "documentop": "1360000980001", "direccion": "MZ-07 LT-09 DEL BARRIO 10 DE AGOSTO DE SAN LORENZO", "area_m2": 126.87, "frente_uti": 10.31, "frente_tot": 10.31, "avaluo_con": 32404.68, "avaluo_sue": 4338.95, "zonaurbano": "NÚCLEOS URBANOS EN ZONA RURAL", "parroquia": "SAN LORENZO", "esta_bloqu": "NO", "es_tercera": "NO", "tiene_elec": "SI", "tiene_agua": "NO", "tiene_alca": "NO", "observacio": "POR LEGALIZAR A FAVOR DE UBE REYES GUADALUPE GRACIELA / NNAZ 12-03-2026", "observac_1": null, "barrio": "10 DE AGOSTO", "parroquia_": 7, "barrio_id": 110, "proceso": 0, "fecha_regi": null, "activo_cat": "SI", "desactivad": 0, "avaluo_rem": 0.0, "avaluo_r_1": 0.0, "clasificac": "POR LEGALIZAR", "anio_deuda": 0, "deuda": 0.0, "valor_ip": 0.0, "coactiva": null, "ficharegis": 0, "etam": 0.0887811017, "diferencia": 0.8841701187, "porc_difer": 0.0069691032, "admisible": 1, "deuda_anio": 0.0, "id_1": 106584, "lote_id_1": 110062, "clavecat_1": "6-10-25-32-000", "Clave_Ok": "6-10-25-32-000", "zona_1": 6, "sector_1": 10, "manzana_1": 25, "lote_1": 32, "ph_1": 0, "propieta_1": "GOBIERNO AUTONOMO DESCENTRALIZADO MUNICIPAL DEL CANTON MANTA .", "document_1": 1360000980000.0, "direccio_1": "MZ-07 LT-09 DEL BARRIO 10 DE AGOSTO DE SAN LORENZO", "area_m2_1": 126.87, "frente_u_1": 10.31, "frente_t_1": 10.31, "avaluo_c_1": 32404.68, "avaluo_s_1": 4338.95, "zonaurba_1": "N?ÜCLEOS URBANOS EN ZONA RURAL", "parroqui_1": "SAN LORENZO", "esta_blo_1": "NO", "es_terce_1": "NO", "tiene_el_1": "SI", "tiene_ag_1": "NO", "tiene_al_1": "NO", "observac_2": "POR LEGALIZAR A FAVOR DE UBE REYES GUADALUPE GRACIELA / NNAZ 12-03-2026", "observac_3": null, "barrio_1": "10 DE AGOSTO", "parroquia1": 7, "barrio_i_1": 110, "proceso_1": 0, "fecha_re_1": null, "activo_c_1": "SI", "desactiv_1": 0, "avaluo_r_2": 0.0, "avaluo_r_3": 0.0, "clasific_1": "POR LEGALIZAR", "anio_deu_1": 0, "deuda_1": 0.0, "valor_ip_1": 0.0, "coactiva_1": null, "fichareg_1": 0, "etam_1": 0.0887811017, "diferenc_1": 0.8841701187, "porc_dif_1": 0.0069691032, "admisibl_1": "VERDADERO", "deuda_an_1": 0.0, "RESOLUCION": "610-21-05-2026" }, "geometry": { "type": "MultiPolygon", "coordinates": [ [ [ [ -80.906872879361813, -1.062727730745182 ], [ -80.906784142491645, -1.06270090847218 ], [ -80.906736886935079, -1.062776200035845 ], [ -80.906781455293981, -1.062800017797689 ], [ -80.906857500918179, -1.062818012833456 ], [ -80.906872879361813, -1.062727730745182 ] ] ] ] } },
{ "type": "Feature", "properties": { "id": 106585, "lote_id": 110061, "clavecatas": "6-10-25-33-000", "zona": "6", "sector": "10", "manzana": "25", "lote": "33", "ph": "000", "propietari": "GOBIERNO AUTONOMO DESCENTRALIZADO MUNICIPAL DEL CANTON MANTA .", "documentop": "1360000980001", "direccion": "MZ- 07 LT-10 DEL BARRIO 10 DE AGOSTO DE SAN LORENZO", "area_m2": 102.14, "frente_uti": 5.35, "frente_tot": 5.35, "avaluo_con": 24228.96, "avaluo_sue": 3301.06, "zonaurbano": "NÚCLEOS URBANOS EN ZONA RURAL", "parroquia": "SAN LORENZO", "esta_bloqu": "NO", "es_tercera": "NO", "tiene_elec": "SI", "tiene_agua": "NO", "tiene_alca": "NO", "observacio": "POR LEGALIZAR A FAVOR UBE REYES JENIFER ISAMAR - NNAZ 12/03/2026", "observac_1": null, "barrio": "10 DE AGOSTO", "parroquia_": 7, "barrio_id": 110, "proceso": 0, "fecha_regi": null, "activo_cat": "SI", "desactivad": 0, "avaluo_rem": 0.0, "avaluo_r_1": 0.0, "clasificac": "POR LEGALIZAR", "anio_deuda": 0, "deuda": 0.0, "valor_ip": 0.0, "coactiva": null, "ficharegis": 0, "etam": 0.0989468729, "diferencia": -0.0030311183, "porc_difer": -2.96761e-05, "admisible": 1, "deuda_anio": 0.0, "id_1": 106585, "lote_id_1": 110061, "clavecat_1": "6-10-25-33-000", "Clave_Ok": "6-10-25-33-000", "zona_1": 6, "sector_1": 10, "manzana_1": 25, "lote_1": 33, "ph_1": 0, "propieta_1": "GOBIERNO AUTONOMO DESCENTRALIZADO MUNICIPAL DEL CANTON MANTA .", "document_1": 1360000980000.0, "direccio_1": "MZ- 07 LT-10 DEL BARRIO 10 DE AGOSTO DE SAN LORENZO", "area_m2_1": 102.14, "frente_u_1": 5.35, "frente_t_1": 5.35, "avaluo_c_1": 24228.96, "avaluo_s_1": 3301.06, "zonaurba_1": "N?ÜCLEOS URBANOS EN ZONA RURAL", "parroqui_1": "SAN LORENZO", "esta_blo_1": "NO", "es_terce_1": "NO", "tiene_el_1": "SI", "tiene_ag_1": "NO", "tiene_al_1": "NO", "observac_2": "POR LEGALIZAR A FAVOR UBE REYES JENIFER ISAMAR - NNAZ 12/03/2026", "observac_3": null, "barrio_1": "10 DE AGOSTO", "parroquia1": 7, "barrio_i_1": 110, "proceso_1": 0, "fecha_re_1": null, "activo_c_1": "SI", "desactiv_1": 0, "avaluo_r_2": 0.0, "avaluo_r_3": 0.0, "clasific_1": "POR LEGALIZAR", "anio_deu_1": 0, "deuda_1": 0.0, "valor_ip_1": 0.0, "coactiva_1": null, "fichareg_1": 0, "etam_1": 0.0989468729, "diferenc_1": -0.0030311183, "porc_dif_1": -2.96761e-05, "admisibl_1": "VERDADERO", "deuda_an_1": 0.0, "RESOLUCION": "610-21-05-2026" }, "geometry": { "type": "MultiPolygon", "coordinates": [ [ [ [ -80.906784142491645, -1.06270090847218 ], [ -80.906669649444297, -1.062666300939248 ], [ -80.906639458467367, -1.06270399330587 ], [ -80.906711845060144, -1.062762817415358 ], [ -80.906736886935079, -1.062776200035845 ], [ -80.906784142491645, -1.06270090847218 ] ] ] ] } },
{ "type": "Feature", "properties": { "id": 106586, "lote_id": 110060, "clavecatas": "6-10-25-34-000", "zona": "6", "sector": "10", "manzana": "25", "lote": "34", "ph": "000", "propietari": "MERO REYES MARJORIE JULETSI", "documentop": "1316891298", "direccion": "MZ-07  LT-11  DEL BARRIO 10 DE AGOSTO DE SAN LORENZO", "area_m2": 89.58, "frente_uti": 10.24, "frente_tot": 10.24, "avaluo_con": 27821.81, "avaluo_sue": 2902.39, "zonaurbano": "NÚCLEOS URBANOS EN ZONA RURAL", "parroquia": "SAN LORENZO", "esta_bloqu": "NO", "es_tercera": "NO", "tiene_elec": "SI", "tiene_agua": "NO", "tiene_alca": "NO", "observacio": "POR LEGALIZAR A FAVOR DE REYES MERO MARJORIE JULEISI / NNAZ  12-03-2026 -SE ACTUALIZA INFORMACION CON ESCRITURA DE ADJ.CON PROH.DE ENAJ.INSCRITA EN EL REG.DE LA PROPIEDAD 08/31/2026 Y.C.S.-", "observac_1": null, "barrio": "10 DE AGOSTO", "parroquia_": 7, "barrio_id": 110, "proceso": 0, "fecha_regi": null, "activo_cat": "SI", "desactivad": 0, "avaluo_rem": 0.0, "avaluo_r_1": 0.0, "clasificac": "GENERAL", "anio_deuda": 0, "deuda": 0.0, "valor_ip": 0.0, "coactiva": null, "ficharegis": 92928, "etam": 0.1, "diferencia": 0.0003432144, "porc_difer": 3.8314e-06, "admisible": 1, "deuda_anio": 0.0, "id_1": 106586, "lote_id_1": 110060, "clavecat_1": "6-10-25-34-000", "Clave_Ok": "6-10-25-34-000", "zona_1": 6, "sector_1": 10, "manzana_1": 25, "lote_1": 34, "ph_1": 0, "propieta_1": "MERO REYES MARJORIE JULETSI", "document_1": 1316891298.0, "direccio_1": "MZ-07  LT-11  DEL BARRIO 10 DE AGOSTO DE SAN LORENZO", "area_m2_1": 89.58, "frente_u_1": 10.24, "frente_t_1": 10.24, "avaluo_c_1": 27821.81, "avaluo_s_1": 2902.39, "zonaurba_1": "N?ÜCLEOS URBANOS EN ZONA RURAL", "parroqui_1": "SAN LORENZO", "esta_blo_1": "NO", "es_terce_1": "NO", "tiene_el_1": "SI", "tiene_ag_1": "NO", "tiene_al_1": "NO", "observac_2": "POR LEGALIZAR A FAVOR DE REYES MERO MARJORIE JULEISI / NNAZ  12-03-2026 -SE ACTUALIZA INFORMACION CON ESCRITURA DE ADJ.CON PROH.DE ENAJ.INSCRITA EN EL REG.DE LA PROPIEDAD 08/31/2026 Y.C.S.-", "observac_3": null, "barrio_1": "10 DE AGOSTO", "parroquia1": 7, "barrio_i_1": 110, "proceso_1": 0, "fecha_re_1": null, "activo_c_1": "SI", "desactiv_1": 0, "avaluo_r_2": 0.0, "avaluo_r_3": 0.0, "clasific_1": "GENERAL", "anio_deu_1": 0, "deuda_1": 0.0, "valor_ip_1": 0.0, "coactiva_1": null, "fichareg_1": 92928, "etam_1": 0.1, "diferenc_1": 0.0003432144, "porc_dif_1": 3.8314e-06, "admisibl_1": "VERDADERO", "deuda_an_1": 0.0, "RESOLUCION": "610-21-05-2026" }, "geometry": { "type": "MultiPolygon", "coordinates": [ [ [ [ -80.906711845060144, -1.062762817415358 ], [ -80.906639458467367, -1.06270399330587 ], [ -80.906581388557882, -1.062775877327472 ], [ -80.906595926301875, -1.062788113909596 ], [ -80.906647987644476, -1.062804177486 ], [ -80.90665900749498, -1.062789101785431 ], [ -80.906684668150248, -1.062804563519665 ], [ -80.906711845060144, -1.062762817415358 ] ] ] ] } },
{ "type": "Feature", "properties": { "id": 106587, "lote_id": 110068, "clavecatas": "6-10-25-35-000", "zona": "6", "sector": "10", "manzana": "25", "lote": "35", "ph": "000", "propietari": "GOBIERNO AUTONOMO DESCENTRALIZADO MUNICIPAL DEL CANTON MANTA .", "documentop": "1360000980001", "direccion": "MZ-07 LT-12 DEL BARRIO 10 DE AGOSTO DE SAN LORENZO", "area_m2": 109.34, "frente_uti": 2.0, "frente_tot": 7.37, "avaluo_con": 11253.0, "avaluo_sue": 3365.49, "zonaurbano": "NÚCLEOS URBANOS EN ZONA RURAL", "parroquia": "SAN LORENZO", "esta_bloqu": "NO", "es_tercera": "NO", "tiene_elec": "SI", "tiene_agua": "NO", "tiene_alca": "NO", "observacio": "POR LEGALIZAR A FAVOR DE REYES RIVERA EDITH MERCEDES / NNAZ 12-03-2026", "observac_1": null, "barrio": "10 DE AGOSTO", "parroquia_": 7, "barrio_id": 110, "proceso": 0, "fecha_regi": null, "activo_cat": "SI", "desactivad": 0, "avaluo_rem": 0.0, "avaluo_r_1": 0.0, "clasificac": "POR LEGALIZAR", "anio_deuda": 0, "deuda": 0.0, "valor_ip": 0.0, "coactiva": null, "ficharegis": 0, "etam": 0.0956335913, "diferencia": -0.0009441139, "porc_difer": -8.6347e-06, "admisible": 1, "deuda_anio": 0.0, "id_1": 106587, "lote_id_1": 110068, "clavecat_1": "6-10-25-35-000", "Clave_Ok": "6-10-25-35-000", "zona_1": 6, "sector_1": 10, "manzana_1": 25, "lote_1": 35, "ph_1": 0, "propieta_1": "GOBIERNO AUTONOMO DESCENTRALIZADO MUNICIPAL DEL CANTON MANTA .", "document_1": 1360000980000.0, "direccio_1": "MZ-07 LT-12 DEL BARRIO 10 DE AGOSTO DE SAN LORENZO", "area_m2_1": 109.34, "frente_u_1": 2.0, "frente_t_1": 7.37, "avaluo_c_1": 11253.0, "avaluo_s_1": 3365.49, "zonaurba_1": "N?ÜCLEOS URBANOS EN ZONA RURAL", "parroqui_1": "SAN LORENZO", "esta_blo_1": "NO", "es_terce_1": "NO", "tiene_el_1": "SI", "tiene_ag_1": "NO", "tiene_al_1": "NO", "observac_2": "POR LEGALIZAR A FAVOR DE REYES RIVERA EDITH MERCEDES / NNAZ 12-03-2026", "observac_3": null, "barrio_1": "10 DE AGOSTO", "parroquia1": 7, "barrio_i_1": 110, "proceso_1": 0, "fecha_re_1": null, "activo_c_1": "SI", "desactiv_1": 0, "avaluo_r_2": 0.0, "avaluo_r_3": 0.0, "clasific_1": "POR LEGALIZAR", "anio_deu_1": 0, "deuda_1": 0.0, "valor_ip_1": 0.0, "coactiva_1": null, "fichareg_1": 0, "etam_1": 0.0956335913, "diferenc_1": -0.0009441139, "porc_dif_1": -8.6347e-06, "admisibl_1": "VERDADERO", "deuda_an_1": 0.0, "RESOLUCION": "610-21-05-2026" }, "geometry": { "type": "MultiPolygon", "coordinates": [ [ [ [ -80.90684649120233, -1.062868745362676 ], [ -80.906857500918179, -1.062818012833456 ], [ -80.906781455293981, -1.062800017797689 ], [ -80.906711845060144, -1.062762817415358 ], [ -80.906675515881602, -1.062818622202335 ], [ -80.90684649120233, -1.062868745362676 ] ] ] ] } },
{ "type": "Feature", "properties": { "id": 106702, "lote_id": 110069, "clavecatas": "6-11-05-22-000", "zona": "6", "sector": "11", "manzana": "05", "lote": "22", "ph": "000", "propietari": "GOBIERNO AUTONOMO DESCENTRALIZADO MUNICIPAL DEL CANTON MANTA .", "documentop": "1360000980001", "direccion": "MZ-06 LT-01 DEL BARRIO 10 DE AGOSTO DE SAN LORENZO", "area_m2": 692.88, "frente_uti": 99.48, "frente_tot": 99.48, "avaluo_con": 2754.0, "avaluo_sue": 27715.2, "zonaurbano": "NÚCLEOS URBANOS EN ZONA RURAL", "parroquia": "SAN LORENZO", "esta_bloqu": "NO", "es_tercera": "NO", "tiene_elec": "SI", "tiene_agua": "NO", "tiene_alca": "NO", "observacio": "LEGALIZAR A FAVOR HERMANOS REVERA LOPEZ - NNAZ 12/03/2026", "observac_1": null, "barrio": "10 DE AGOSTO", "parroquia_": 7, "barrio_id": 110, "proceso": 0, "fecha_regi": null, "activo_cat": "SI", "desactivad": 0, "avaluo_rem": 0.0, "avaluo_r_1": 0.0, "clasificac": "POR LEGALIZAR", "anio_deuda": 0, "deuda": 0.0, "valor_ip": 0.0, "coactiva": null, "ficharegis": 0, "etam": 0.1519605926, "diferencia": -18.8767021528, "porc_difer": -0.027243826, "admisible": 1, "deuda_anio": 0.0, "id_1": 106702, "lote_id_1": 110069, "clavecat_1": "6-11-05-22-000", "Clave_Ok": "6-11-05-22-000", "zona_1": 6, "sector_1": 11, "manzana_1": 5, "lote_1": 22, "ph_1": 0, "propieta_1": "GOBIERNO AUTONOMO DESCENTRALIZADO MUNICIPAL DEL CANTON MANTA .", "document_1": 1360000980000.0, "direccio_1": "MZ-06 LT-01 DEL BARRIO 10 DE AGOSTO DE SAN LORENZO", "area_m2_1": 692.88, "frente_u_1": 99.48, "frente_t_1": 99.48, "avaluo_c_1": 2754.0, "avaluo_s_1": 27715.2, "zonaurba_1": "N?ÜCLEOS URBANOS EN ZONA RURAL", "parroqui_1": "SAN LORENZO", "esta_blo_1": "NO", "es_terce_1": "NO", "tiene_el_1": "SI", "tiene_ag_1": "NO", "tiene_al_1": "NO", "observac_2": "LEGALIZAR A FAVOR HERMANOS REVERA LOPEZ - NNAZ 12/03/2026", "observac_3": null, "barrio_1": "10 DE AGOSTO", "parroquia1": 7, "barrio_i_1": 110, "proceso_1": 0, "fecha_re_1": null, "activo_c_1": "SI", "desactiv_1": 0, "avaluo_r_2": 0.0, "avaluo_r_3": 0.0, "clasific_1": "POR LEGALIZAR", "anio_deu_1": 0, "deuda_1": 0.0, "valor_ip_1": 0.0, "coactiva_1": null, "fichareg_1": 0, "etam_1": 0.1519605926, "diferenc_1": -18.8767021528, "porc_dif_1": -0.027243826, "admisibl_1": "VERDADERO", "deuda_an_1": 0.0, "RESOLUCION": "609-21-05-2026" }, "geometry": { "type": "MultiPolygon", "coordinates": [ [ [ [ -80.908690875798086, -1.06142796641456 ], [ -80.908653386939378, -1.061359906457334 ], [ -80.907818590362965, -1.061172045792364 ], [ -80.907731150700769, -1.061222038525585 ], [ -80.908690875798086, -1.06142796641456 ] ] ] ] } },
{ "type": "Feature", "properties": { "id": 106704, "lote_id": 110106, "clavecatas": "6-11-05-24-000", "zona": "6", "sector": "11", "manzana": "05", "lote": "24", "ph": "000", "propietari": "GOBIERNO AUTONOMO DESCENTRALIZADO MUNICIPAL DEL CANTON MANTA .", "documentop": "1360000980001", "direccion": "MZ-06 LT-05 DEL BARRIO 10 DE AGOSTO DE SAN LORENZO", "area_m2": 641.0, "frente_uti": 17.14, "frente_tot": 17.14, "avaluo_con": 0.0, "avaluo_sue": 25640.0, "zonaurbano": "NÚCLEOS URBANOS EN ZONA RURAL", "parroquia": "SAN LORENZO", "esta_bloqu": "NO", "es_tercera": "NO", "tiene_elec": "SI", "tiene_agua": "NO", "tiene_alca": "NO", "observacio": "QUEDA A NOMBRE DEL MUNICIPIO", "observac_1": null, "barrio": "10 DE AGOSTO", "parroquia_": 7, "barrio_id": 110, "proceso": 0, "fecha_regi": null, "activo_cat": "SI", "desactivad": 0, "avaluo_rem": 0.0, "avaluo_r_1": 0.0, "clasificac": "POR LEGALIZAR", "anio_deuda": 0, "deuda": 0.0, "valor_ip": 0.0, "coactiva": null, "ficharegis": 0, "etam": 0.1579905011, "diferencia": -0.4356023764, "porc_difer": -0.0006795669, "admisible": 1, "deuda_anio": 0.0, "id_1": 106704, "lote_id_1": 110106, "clavecat_1": "6-11-05-24-000", "Clave_Ok": "6-11-05-24-000", "zona_1": 6, "sector_1": 11, "manzana_1": 5, "lote_1": 24, "ph_1": 0, "propieta_1": "GOBIERNO AUTONOMO DESCENTRALIZADO MUNICIPAL DEL CANTON MANTA .", "document_1": 1360000980000.0, "direccio_1": "MZ-06 LT-05 DEL BARRIO 10 DE AGOSTO DE SAN LORENZO", "area_m2_1": 641.0, "frente_u_1": 17.14, "frente_t_1": 17.14, "avaluo_c_1": 0.0, "avaluo_s_1": 25640.0, "zonaurba_1": "N?ÜCLEOS URBANOS EN ZONA RURAL", "parroqui_1": "SAN LORENZO", "esta_blo_1": "NO", "es_terce_1": "NO", "tiene_el_1": "SI", "tiene_ag_1": "NO", "tiene_al_1": "NO", "observac_2": "QUEDA A NOMBRE DEL MUNICIPIO", "observac_3": null, "barrio_1": "10 DE AGOSTO", "parroquia1": 7, "barrio_i_1": 110, "proceso_1": 0, "fecha_re_1": null, "activo_c_1": "SI", "desactiv_1": 0, "avaluo_r_2": 0.0, "avaluo_r_3": 0.0, "clasific_1": "POR LEGALIZAR", "anio_deu_1": 0, "deuda_1": 0.0, "valor_ip_1": 0.0, "coactiva_1": null, "fichareg_1": 0, "etam_1": 0.1579905011, "diferenc_1": -0.4356023764, "porc_dif_1": -0.0006795669, "admisibl_1": "VERDADERO", "deuda_an_1": 0.0, "RESOLUCION": "609-21-05-2026" }, "geometry": { "type": "MultiPolygon", "coordinates": [ [ [ [ -80.907475061466968, -1.062221308766235 ], [ -80.907516390742799, -1.062087461203012 ], [ -80.907179903179809, -1.062010536350819 ], [ -80.907087999499112, -1.062134992106088 ], [ -80.907475061466968, -1.062221308766235 ] ] ] ] } },
{ "type": "Feature", "properties": { "id": 106705, "lote_id": 110064, "clavecatas": "6-11-05-27-000", "zona": "6", "sector": "11", "manzana": "05", "lote": "27", "ph": "000", "propietari": "GOBIERNO AUTONOMO DESCENTRALIZADO MUNICIPAL DEL CANTON MANTA .", "documentop": "1360000980001", "direccion": "MZ-06 LT-08 DEL BARRIO 10 DE AGOSTO", "area_m2": 709.12, "frente_uti": 5.0, "frente_tot": 30.88, "avaluo_con": 456.5, "avaluo_sue": 28364.8, "zonaurbano": "NÚCLEOS URBANOS EN ZONA RURAL", "parroquia": "SAN LORENZO", "esta_bloqu": "NO", "es_tercera": "NO", "tiene_elec": "SI", "tiene_agua": "NO", "tiene_alca": "NO", "observacio": "POR LEGALIZAR FAVOR DE RIVERA REYES THIAGO DANIEL - NNAZ 12/03/2026", "observac_1": null, "barrio": "10 DE AGOSTO", "parroquia_": 7, "barrio_id": 110, "proceso": 0, "fecha_regi": null, "activo_cat": "SI", "desactivad": 0, "avaluo_rem": 0.0, "avaluo_r_1": 0.0, "clasificac": "POR LEGALIZAR", "anio_deuda": 0, "deuda": 0.0, "valor_ip": 0.0, "coactiva": null, "ficharegis": 0, "etam": 0.150210442, "diferencia": 0.7116313315, "porc_difer": 0.0010035415, "admisible": 1, "deuda_anio": 0.0, "id_1": 106705, "lote_id_1": 110064, "clavecat_1": "6-11-05-27-000", "Clave_Ok": "6-11-05-27-000", "zona_1": 6, "sector_1": 11, "manzana_1": 5, "lote_1": 27, "ph_1": 0, "propieta_1": "GOBIERNO AUTONOMO DESCENTRALIZADO MUNICIPAL DEL CANTON MANTA .", "document_1": 1360000980000.0, "direccio_1": "MZ-06 LT-08 DEL BARRIO 10 DE AGOSTO", "area_m2_1": 709.12, "frente_u_1": 5.0, "frente_t_1": 30.88, "avaluo_c_1": 456.5, "avaluo_s_1": 28364.8, "zonaurba_1": "N?ÜCLEOS URBANOS EN ZONA RURAL", "parroqui_1": "SAN LORENZO", "esta_blo_1": "NO", "es_terce_1": "NO", "tiene_el_1": "SI", "tiene_ag_1": "NO", "tiene_al_1": "NO", "observac_2": "POR LEGALIZAR FAVOR DE RIVERA REYES THIAGO DANIEL - NNAZ 12/03/2026", "observac_3": null, "barrio_1": "10 DE AGOSTO", "parroquia1": 7, "barrio_i_1": 110, "proceso_1": 0, "fecha_re_1": null, "activo_c_1": "SI", "desactiv_1": 0, "avaluo_r_2": 0.0, "avaluo_r_3": 0.0, "clasific_1": "POR LEGALIZAR", "anio_deu_1": 0, "deuda_1": 0.0, "valor_ip_1": 0.0, "coactiva_1": null, "fichareg_1": 0, "etam_1": 0.150210442, "diferenc_1": 0.7116313315, "porc_dif_1": 0.0010035415, "admisibl_1": "VERDADERO", "deuda_an_1": 0.0, "RESOLUCION": "609-21-05-2026" }, "geometry": { "type": "MultiPolygon", "coordinates": [ [ [ [ -80.907511972297925, -1.062229417330403 ], [ -80.907327661516931, -1.062188437882396 ], [ -80.907208324577496, -1.062440698745894 ], [ -80.907425162333112, -1.062500030718051 ], [ -80.907511972297925, -1.062229417330403 ] ] ] ] } },
{ "type": "Feature", "properties": { "id": 106707, "lote_id": 110065, "clavecatas": "6-11-05-29-000", "zona": "6", "sector": "11", "manzana": "05", "lote": "29", "ph": "000", "propietari": "REYES MONTALVAN JENIFER MARIUXI", "documentop": "1313195370", "direccion": "MZ-06 LT-10 DEL BARRIO 10 DE AGOSTO DE SAN LORENZO", "area_m2": 781.46, "frente_uti": 33.39, "frente_tot": 33.39, "avaluo_con": 7775.84, "avaluo_sue": 26585.27, "zonaurbano": "NÚCLEOS URBANOS EN ZONA RURAL", "parroquia": "SAN LORENZO", "esta_bloqu": "NO", "es_tercera": "NO", "tiene_elec": "SI", "tiene_agua": "NO", "tiene_alca": "NO", "observacio": "POR LEGALIZAR A FAVOR DE REYES MONTALVAN JENIFER MARIUXI / NNAZ 12-03-2026 -SE ACTUALIZA INFORMACION CON ESCRITURA DE ADJ.CON PROH.DE ENAJ.INSCRITA EN EL REG.DE LA PROPIEDAD 08/31/2026 Y.C.S.-", "observac_1": null, "barrio": "10 DE AGOSTO", "parroquia_": 7, "barrio_id": 110, "proceso": 0, "fecha_regi": null, "activo_cat": "SI", "desactivad": 0, "avaluo_rem": 0.0, "avaluo_r_1": 0.0, "clasificac": "GENERAL", "anio_deuda": 0, "deuda": 0.0, "valor_ip": 0.0, "coactiva": null, "ficharegis": 92927, "etam": 0.1430891207, "diferencia": -0.009245016, "porc_difer": -1.18304e-05, "admisible": 1, "deuda_anio": 0.0, "id_1": 106707, "lote_id_1": 110065, "clavecat_1": "6-11-05-29-000", "Clave_Ok": "6-11-05-29-000", "zona_1": 6, "sector_1": 11, "manzana_1": 5, "lote_1": 29, "ph_1": 0, "propieta_1": "REYES MONTALVAN JENIFER MARIUXI", "document_1": 1313195370.0, "direccio_1": "MZ-06 LT-10 DEL BARRIO 10 DE AGOSTO DE SAN LORENZO", "area_m2_1": 781.46, "frente_u_1": 33.39, "frente_t_1": 33.39, "avaluo_c_1": 7775.84, "avaluo_s_1": 26585.27, "zonaurba_1": "N?ÜCLEOS URBANOS EN ZONA RURAL", "parroqui_1": "SAN LORENZO", "esta_blo_1": "NO", "es_terce_1": "NO", "tiene_el_1": "SI", "tiene_ag_1": "NO", "tiene_al_1": "NO", "observac_2": "POR LEGALIZAR A FAVOR DE REYES MONTALVAN JENIFER MARIUXI / NNAZ 12-03-2026 -SE ACTUALIZA INFORMACION CON ESCRITURA DE ADJ.CON PROH.DE ENAJ.INSCRITA EN EL REG.DE LA PROPIEDAD 08/31/2026 Y.C.S.-", "observac_3": null, "barrio_1": "10 DE AGOSTO", "parroquia1": 7, "barrio_i_1": 110, "proceso_1": 0, "fecha_re_1": null, "activo_c_1": "SI", "desactiv_1": 0, "avaluo_r_2": 0.0, "avaluo_r_3": 0.0, "clasific_1": "GENERAL", "anio_deu_1": 0, "deuda_1": 0.0, "valor_ip_1": 0.0, "coactiva_1": null, "fichareg_1": 92927, "etam_1": 0.1430891207, "diferenc_1": -0.009245016, "porc_dif_1": -1.18304e-05, "admisibl_1": "VERDADERO", "deuda_an_1": 0.0, "RESOLUCION": "610-21-05-2026" }, "geometry": { "type": "MultiPolygon", "coordinates": [ [ [ [ -80.907063027424115, -1.062668452201323 ], [ -80.907124331303095, -1.062411662261054 ], [ -80.906935621624811, -1.06234642529299 ], [ -80.906797309536714, -1.062582669238159 ], [ -80.907063027424115, -1.062668452201323 ] ] ] ] } },
{ "type": "Feature", "properties": { "id": 106708, "lote_id": 110063, "clavecatas": "6-11-05-30-000", "zona": "6", "sector": "11", "manzana": "05", "lote": "30", "ph": "000", "propietari": "REYES DELGADO MATHIAS ALEXANDER", "documentop": "1350818140", "direccion": "MZ-06  LT-11  DEL BARRIO 10 DE AGOSTO DE SAN LORENZO", "area_m2": 755.42, "frente_uti": 24.29, "frente_tot": 24.29, "avaluo_con": 7022.93, "avaluo_sue": 24475.61, "zonaurbano": "NÚCLEOS URBANOS EN ZONA RURAL", "parroquia": "SAN LORENZO", "esta_bloqu": "NO", "es_tercera": "NO", "tiene_elec": "SI", "tiene_agua": "NO", "tiene_alca": "NO", "observacio": "POR LEGALIZAR A FAVOR DE REYES DELGADO MATHIAS ALEXANDER / NNAZ 12-03-2026 -SE ACTUALIZA INFORMACION CON ESCRITURA DE ADJ.CON PROH.DE ENAJ.INSCRITA EN EL REG.DE LA PROPIEDAD 08/31/2026 Y.C.S.-", "observac_1": null, "barrio": "10 DE AGOSTO", "parroquia_": 7, "barrio_id": 110, "proceso": 0, "fecha_regi": null, "activo_cat": "SI", "desactivad": 0, "avaluo_rem": 0.0, "avaluo_r_1": 0.0, "clasificac": "GENERAL", "anio_deuda": 0, "deuda": 0.0, "valor_ip": 0.0, "coactiva": null, "ficharegis": 92925, "etam": 0.1455344309, "diferencia": -0.0047792513, "porc_difer": -6.3266e-06, "admisible": 1, "deuda_anio": 0.0, "id_1": 106708, "lote_id_1": 110063, "clavecat_1": "6-11-05-30-000", "Clave_Ok": "6-11-05-30-000", "zona_1": 6, "sector_1": 11, "manzana_1": 5, "lote_1": 30, "ph_1": 0, "propieta_1": "REYES DELGADO MATHIAS ALEXANDER", "document_1": 1350818140.0, "direccio_1": "MZ-06  LT-11  DEL BARRIO 10 DE AGOSTO DE SAN LORENZO", "area_m2_1": 755.42, "frente_u_1": 24.29, "frente_t_1": 24.29, "avaluo_c_1": 7022.93, "avaluo_s_1": 24475.61, "zonaurba_1": "N?ÜCLEOS URBANOS EN ZONA RURAL", "parroqui_1": "SAN LORENZO", "esta_blo_1": "NO", "es_terce_1": "NO", "tiene_el_1": "SI", "tiene_ag_1": "NO", "tiene_al_1": "NO", "observac_2": "POR LEGALIZAR A FAVOR DE REYES DELGADO MATHIAS ALEXANDER / NNAZ 12-03-2026 -SE ACTUALIZA INFORMACION CON ESCRITURA DE ADJ.CON PROH.DE ENAJ.INSCRITA EN EL REG.DE LA PROPIEDAD 08/31/2026 Y.C.S.-", "observac_3": null, "barrio_1": "10 DE AGOSTO", "parroquia1": 7, "barrio_i_1": 110, "proceso_1": 0, "fecha_re_1": null, "activo_c_1": "SI", "desactiv_1": 0, "avaluo_r_2": 0.0, "avaluo_r_3": 0.0, "clasific_1": "GENERAL", "anio_deu_1": 0, "deuda_1": 0.0, "valor_ip_1": 0.0, "coactiva_1": null, "fichareg_1": 92925, "etam_1": 0.1455344309, "diferenc_1": -0.0047792513, "porc_dif_1": -6.3266e-06, "admisibl_1": "VERDADERO", "deuda_an_1": 0.0, "RESOLUCION": "610-21-05-2026" }, "geometry": { "type": "MultiPolygon", "coordinates": [ [ [ [ -80.907274693479053, -1.06272247234211 ], [ -80.907373327708044, -1.062486467081841 ], [ -80.907208324577496, -1.062440698745894 ], [ -80.907124331303109, -1.062411662261054 ], [ -80.907063027424115, -1.062668452201323 ], [ -80.907274693479053, -1.06272247234211 ] ] ] ] } },
{ "type": "Feature", "properties": { "id": 106709, "lote_id": 110059, "clavecatas": "6-11-05-31-000", "zona": "6", "sector": "11", "manzana": "05", "lote": "31", "ph": "000", "propietari": "LOPEZ LOOR JENNIFER DAYANA", "documentop": "1314208545", "direccion": "MZ-06   LT-12  DEL BARRIO 10 DE AGOSTO DE SAN LORENZO DE MANTA", "area_m2": 607.54, "frente_uti": 24.9, "frente_tot": 24.9, "avaluo_con": 12659.2, "avaluo_sue": 17715.87, "zonaurbano": "NÚCLEOS URBANOS EN ZONA RURAL", "parroquia": "SAN LORENZO", "esta_bloqu": "NO", "es_tercera": "NO", "tiene_elec": "SI", "tiene_agua": "NO", "tiene_alca": "NO", "observacio": "POR LEGALIZAR A FAVOR DE LOPEZ LOOR JENNIFER DAYANA / NNAZ 12-03-2026 -SE ACTUALIZA INFORMACION CON ESCRITURA DE ADJ.CON PROH.DE ENAJ.INSCRITA EN EL REG.DE LA PROPIEDAD 09/01/2026 Y.C.S.-", "observac_1": null, "barrio": "10 DE AGOSTO", "parroquia_": 7, "barrio_id": 110, "proceso": 0, "fecha_regi": null, "activo_cat": "SI", "desactivad": 0, "avaluo_rem": 0.0, "avaluo_r_1": 0.0, "clasificac": "GENERAL", "anio_deuda": 0, "deuda": 0.0, "valor_ip": 0.0, "coactiva": null, "ficharegis": 92935, "etam": 0.1622828226, "diferencia": 0.0028615182, "porc_difer": 4.71e-06, "admisible": 1, "deuda_anio": 0.0, "id_1": 106709, "lote_id_1": 110059, "clavecat_1": "6-11-05-31-000", "Clave_Ok": "6-11-05-31-000", "zona_1": 6, "sector_1": 11, "manzana_1": 5, "lote_1": 31, "ph_1": 0, "propieta_1": "LOPEZ LOOR JENNIFER DAYANA", "document_1": 1314208545.0, "direccio_1": "MZ-06   LT-12  DEL BARRIO 10 DE AGOSTO DE SAN LORENZO DE MANTA", "area_m2_1": 607.54, "frente_u_1": 24.9, "frente_t_1": 24.9, "avaluo_c_1": 12659.2, "avaluo_s_1": 17715.87, "zonaurba_1": "N?ÜCLEOS URBANOS EN ZONA RURAL", "parroqui_1": "SAN LORENZO", "esta_blo_1": "NO", "es_terce_1": "NO", "tiene_el_1": "SI", "tiene_ag_1": "NO", "tiene_al_1": "NO", "observac_2": "POR LEGALIZAR A FAVOR DE LOPEZ LOOR JENNIFER DAYANA / NNAZ 12-03-2026 -SE ACTUALIZA INFORMACION CON ESCRITURA DE ADJ.CON PROH.DE ENAJ.INSCRITA EN EL REG.DE LA PROPIEDAD 09/01/2026 Y.C.S.-", "observac_3": null, "barrio_1": "10 DE AGOSTO", "parroquia1": 7, "barrio_i_1": 110, "proceso_1": 0, "fecha_re_1": null, "activo_c_1": "SI", "desactiv_1": 0, "avaluo_r_2": 0.0, "avaluo_r_3": 0.0, "clasific_1": "GENERAL", "anio_deu_1": 0, "deuda_1": 0.0, "valor_ip_1": 0.0, "coactiva_1": null, "fichareg_1": 92935, "etam_1": 0.1622828226, "diferenc_1": 0.0028615182, "porc_dif_1": 4.71e-06, "admisibl_1": "VERDADERO", "deuda_an_1": 0.0, "RESOLUCION": "610-21-05-2026" }, "geometry": { "type": "MultiPolygon", "coordinates": [ [ [ [ -80.907538250961025, -1.062529622768393 ], [ -80.907373327708044, -1.062486467081841 ], [ -80.907274693479053, -1.06272247234211 ], [ -80.907492506880345, -1.062774166609523 ], [ -80.907538250961025, -1.062529622768393 ] ] ] ] } },
{ "type": "Feature", "properties": { "id": 99787, "lote_id": 110518, "clavecatas": "4-13-02-03-000", "zona": "4", "sector": "13", "manzana": "02", "lote": "03", "ph": "000", "propietari": null, "documentop": null, "direccion": "BARRIO BELLAVISTA DE LA PARROQUIA RURAL SANTA MARIANITA LOTE 39 DE LA MANZANA 2", "area_m2": 115.0, "frente_uti": 11.5, "frente_tot": 11.5, "avaluo_con": 0.0, "avaluo_sue": 172.5, "zonaurbano": "NÚCLEOS URBANOS EN ZONA RURAL", "parroquia": "SANTA MARIANITA", "esta_bloqu": "NO", "es_tercera": "NO", "tiene_elec": "SI", "tiene_agua": "NO", "tiene_alca": "NO", "observacio": "SE CREA EL PRESENTE CÓDIGO CATASTRAL POR PROCESO DE LEGALIZACIÓN DE BIENES MOSTRENCO - RESP. TÉCNICO M.N. -15/06/2026", "observac_1": null, "barrio": "BELLAVISTA", "parroquia_": 8, "barrio_id": 218, "proceso": 0, "fecha_regi": null, "activo_cat": "SI", "desactivad": 0, "avaluo_rem": 0.0, "avaluo_r_1": 0.0, "clasificac": "POR LEGALIZAR", "anio_deuda": 0, "deuda": 0.0, "valor_ip": 0.0, "coactiva": null, "ficharegis": 0, "etam": 0.0932504808, "diferencia": 0.0025081032, "porc_difer": 2.18096e-05, "admisible": 1, "deuda_anio": 0.0, "id_1": 99787, "lote_id_1": 110518, "clavecat_1": "4-13-02-03-000", "Clave_Ok": "4-13-02-03-000", "zona_1": 4, "sector_1": 13, "manzana_1": 2, "lote_1": 3, "ph_1": 0, "propieta_1": null, "document_1": 0.0, "direccio_1": "BARRIO BELLAVISTA DE LA PARROQUIA RURAL SANTA MARIANITA LOTE 39 DE LA MANZANA 2", "area_m2_1": 115.0, "frente_u_1": 11.5, "frente_t_1": 11.5, "avaluo_c_1": 0.0, "avaluo_s_1": 172.5, "zonaurba_1": "N?ÜCLEOS URBANOS EN ZONA RURAL", "parroqui_1": "SANTA MARIANITA", "esta_blo_1": "NO", "es_terce_1": "NO", "tiene_el_1": "SI", "tiene_ag_1": "NO", "tiene_al_1": "NO", "observac_2": "SE CREA EL PRESENTE C?ôDIGO CATASTRAL POR PROCESO DE LEGALIZACI?ôN DE BIENES MOSTRENCO - RESP. T?ëCNICO M.N. -15/06/2026", "observac_3": null, "barrio_1": "BELLAVISTA", "parroquia1": 8, "barrio_i_1": 218, "proceso_1": 0, "fecha_re_1": null, "activo_c_1": "SI", "desactiv_1": 0, "avaluo_r_2": 0.0, "avaluo_r_3": 0.0, "clasific_1": "POR LEGALIZAR", "anio_deu_1": 0, "deuda_1": 0.0, "valor_ip_1": 0.0, "coactiva_1": null, "fichareg_1": 0, "etam_1": 0.0932504808, "diferenc_1": 0.0025081032, "porc_dif_1": 2.18096e-05, "admisibl_1": "VERDADERO", "deuda_an_1": 0.0, "RESOLUCION": "659-20-08-2026" }, "geometry": { "type": "MultiPolygon", "coordinates": [ [ [ [ -80.844974428638764, -0.984757147281216 ], [ -80.844900451138287, -0.984684483623169 ], [ -80.844837255459538, -0.984748817011624 ], [ -80.844911232959632, -0.984821480671063 ], [ -80.844974428638764, -0.984757147281216 ] ] ] ] } },
{ "type": "Feature", "properties": { "id": 77571, "lote_id": 110409, "clavecatas": "3-13-36-11-000", "zona": "3", "sector": "13", "manzana": "36", "lote": "11", "ph": "000", "propietari": "GOBIERNO AUTONOMO DESCENTRALIZADO  MUNICIPAL MANTA .", "documentop": "1360000980001", "direccion": "MZ-16 LT-2-C DEL BARRIO NUEVA ESPERAZA DE LA PARROQUIA ELOY ALFARO", "area_m2": 136.68, "frente_uti": 6.8, "frente_tot": 6.8, "avaluo_con": 6840.0, "avaluo_sue": 9738.45, "zonaurbano": "URBANA", "parroquia": "ELOY ALFARO", "esta_bloqu": "NO", "es_tercera": "NO", "tiene_elec": "SI", "tiene_agua": "NO", "tiene_alca": "NO", "observacio": "POR LEGALIZAR A FAVOR DE PIGUAVE ALCIVAR EVELYN KATHERINE / NNAZ", "observac_1": null, "barrio": "NUEVA ESPERANZA", "parroquia_": 5, "barrio_id": 414, "proceso": 0, "fecha_regi": null, "activo_cat": "SI", "desactivad": 0, "avaluo_rem": 0.0, "avaluo_r_1": 0.0, "clasificac": "POR LEGALIZAR", "anio_deuda": 0, "deuda": 0.0, "valor_ip": 0.0, "coactiva": null, "ficharegis": 0, "etam": 0.0, "diferencia": 0.0, "porc_difer": 0.0, "admisible": 0, "deuda_anio": 0.0, "id_1": 77571, "lote_id_1": 110409, "clavecat_1": "3-13-36-11-000", "Clave_Ok": "3-13-36-11-000", "zona_1": 3, "sector_1": 13, "manzana_1": 36, "lote_1": 11, "ph_1": 0, "propieta_1": "GOBIERNO AUTONOMO DESCENTRALIZADO  MUNICIPAL MANTA .", "document_1": 1360000980000.0, "direccio_1": "MZ-16 LT-2-C DEL BARRIO NUEVA ESPERAZA DE LA PARROQUIA ELOY ALFARO", "area_m2_1": 136.68, "frente_u_1": 6.8, "frente_t_1": 6.8, "avaluo_c_1": 6840.0, "avaluo_s_1": 9738.45, "zonaurba_1": "URBANA", "parroqui_1": "ELOY ALFARO", "esta_blo_1": "NO", "es_terce_1": "NO", "tiene_el_1": "SI", "tiene_ag_1": "NO", "tiene_al_1": "NO", "observac_2": "POR LEGALIZAR A FAVOR DE PIGUAVE ALCIVAR EVELYN KATHERINE / NNAZ", "observac_3": null, "barrio_1": "NUEVA ESPERANZA", "parroquia1": 5, "barrio_i_1": 414, "proceso_1": 0, "fecha_re_1": null, "activo_c_1": "SI", "desactiv_1": 0, "avaluo_r_2": 0.0, "avaluo_r_3": 0.0, "clasific_1": "POR LEGALIZAR", "anio_deu_1": 0, "deuda_1": 0.0, "valor_ip_1": 0.0, "coactiva_1": null, "fichareg_1": 0, "etam_1": 0.0, "diferenc_1": 0.0, "porc_dif_1": 0.0, "admisibl_1": null, "deuda_an_1": 0.0, "RESOLUCION": "647-30-07-2026" }, "geometry": { "type": "MultiPolygon", "coordinates": [ ] } },
{ "type": "Feature", "properties": { "id": 84855, "lote_id": 109984, "clavecatas": "3-21-15-57-000", "zona": "3", "sector": "21", "manzana": "15", "lote": "57", "ph": "000", "propietari": "GAD DE MANTA MANTA", "documentop": "1360000980001", "direccion": "P, ELOY ALFARO - B. JIPIJAPA - MZ - 239- LOTE - 77", "area_m2": 49.66, "frente_uti": 0.0, "frente_tot": 6.3, "avaluo_con": 5400.0, "avaluo_sue": 2622.05, "zonaurbano": "URBANA", "parroquia": "ELOY ALFARO", "esta_bloqu": "NO", "es_tercera": "NO", "tiene_elec": "NO", "tiene_agua": "NO", "tiene_alca": "NO", "observacio": "POR LEGALIZAR ROSA CECILIA GARCIA MANZABA 10/02/2026 ARQ. LUPE LANDA.", "observac_1": null, "barrio": "JIPIJAPA", "parroquia_": 5, "barrio_id": 417, "proceso": 0, "fecha_regi": null, "activo_cat": "SI", "desactivad": 0, "avaluo_rem": 0.0, "avaluo_r_1": 0.0, "clasificac": "POR LEGALIZAR", "anio_deuda": 0, "deuda": 0.0, "valor_ip": 0.0, "coactiva": null, "ficharegis": 0, "etam": 0.1, "diferencia": -0.0003828482, "porc_difer": -7.7094e-06, "admisible": 1, "deuda_anio": 0.0, "id_1": 84855, "lote_id_1": 109984, "clavecat_1": "3-21-15-57-000", "Clave_Ok": "3-21-15-57-000", "zona_1": 3, "sector_1": 21, "manzana_1": 15, "lote_1": 57, "ph_1": 0, "propieta_1": "GAD DE MANTA MANTA", "document_1": 1360000980000.0, "direccio_1": "P, ELOY ALFARO - B. JIPIJAPA - MZ - 239- LOTE - 77", "area_m2_1": 49.66, "frente_u_1": 0.0, "frente_t_1": 6.3, "avaluo_c_1": 5400.0, "avaluo_s_1": 2622.05, "zonaurba_1": "URBANA", "parroqui_1": "ELOY ALFARO", "esta_blo_1": "NO", "es_terce_1": "NO", "tiene_el_1": "NO", "tiene_ag_1": "NO", "tiene_al_1": "NO", "observac_2": "POR LEGALIZAR ROSA CECILIA GARCIA MANZABA 10/02/2026 ARQ. LUPE LANDA.", "observac_3": null, "barrio_1": "JIPIJAPA", "parroquia1": 5, "barrio_i_1": 417, "proceso_1": 0, "fecha_re_1": null, "activo_c_1": "SI", "desactiv_1": 0, "avaluo_r_2": 0.0, "avaluo_r_3": 0.0, "clasific_1": "POR LEGALIZAR", "anio_deu_1": 0, "deuda_1": 0.0, "valor_ip_1": 0.0, "coactiva_1": null, "fichareg_1": 0, "etam_1": 0.1, "diferenc_1": -0.0003828482, "porc_dif_1": -7.7094e-06, "admisibl_1": "VERDADERO", "deuda_an_1": 0.0, "RESOLUCION": "647-30-07-2026" }, "geometry": { "type": "MultiPolygon", "coordinates": [ [ [ [ -80.703547040501931, -0.992007024521589 ], [ -80.703602583801967, -0.992018107915111 ], [ -80.70361841949429, -0.991949309516629 ], [ -80.703563752339093, -0.991936358805851 ], [ -80.703547040501931, -0.992007024521589 ] ] ] ] } }
]
}
